perturbation,n_genes,n_genes_by_counts,total_counts,total_counts_mt,pct_counts_mt,batch,leiden,cell_type0528,ifng_cell_id,cell_type,partition
IFNg,1455,1455,2545.0,7.0,0.27504912,H3D2,16,NK,AAACCTGAGTAGGCCA-1,NK,train
IFNg,1139,1139,2503.0,54.0,2.157411,H3D2,0,CD4 T,AAACCTGGTTCGGCAC-1,CD4 T,train
IFNg,796,796,1318.0,28.0,2.124431,H3D2,6,NK,AAACCTGTCTGGAGCC-1,NK,train
IFNg,1164,1164,2124.0,39.0,1.8361582,H3D2,8,CD4 T,AAACGGGAGAGACTAT-1,CD4 T,train
IFNg,930,930,2028.0,44.0,2.1696253,H3D2,0,CD4 T,AAAGATGCAAACTGCT-1,CD4 T,train
IFNg,1555,1555,3331.0,95.0,2.8519964,H3D2,18,Monocyte,AAAGATGGTTCTGGTA-1,Monocyte,train
IFNg,3669,3669,11185.0,264.0,2.3603039,H3D2,18,Monocyte,AAAGATGTCGCGATCG-1,Monocyte,train
IFNg,3765,3764,14692.0,302.0,2.0555406,H3D2,18,Monocyte,AAAGCAAAGCGTGAAC-1,Monocyte,train
IFNg,1687,1687,3837.0,93.0,2.4237685,H3D2,9,B,AAAGTAGAGTGTGGCA-1,B,train
IFNg,1297,1297,2987.0,115.0,3.8500168,H3D2,3,CD4 T,AAAGTAGGTTAAGATG-1,CD4 T,train
IFNg,513,513,716.0,23.0,3.2122905,H3D2,23,CD4 T,AAATGCCAGCCACGCT-1,CD4 T,train
IFNg,812,812,1221.0,22.0,1.8018018,H3D2,6,NK,AAATGCCGTGCGGTAA-1,NK,train
IFNg,3549,3548,11942.0,294.0,2.4618993,H3D2,10,Monocyte,AAATGCCTCCCTGACT-1,Monocyte,train
IFNg,855,855,1304.0,32.0,2.4539876,H3D2,6,NK,AACACGTAGCCAACAG-1,NK,train
IFNg,885,885,1597.0,65.0,4.0701313,H3D2,6,NK,AACACGTCAATGGTCT-1,NK,train
IFNg,839,839,1529.0,33.0,2.1582735,H3D2,6,NK,AACACGTTCATCTGCC-1,NK,train
IFNg,866,866,1325.0,17.0,1.2830188,H3D2,6,NK,AACCATGAGGACGAAA-1,NK,train
IFNg,1621,1621,4223.0,70.0,1.6575893,H3D2,3,CD4 T,AACCATGCAAGTCTAC-1,CD4 T,train
IFNg,1010,1010,1921.0,32.0,1.6657991,H3D2,2,CD8 T,AACCATGGTCAGAGGT-1,CD8 T,train
IFNg,908,908,1410.0,25.0,1.7730497,H3D2,6,NK,AACCATGGTCTAGTGT-1,NK,train
IFNg,2414,2412,6541.0,115.0,1.7581409,H3D2,18,Monocyte,AACCATGGTTATTCTC-1,Monocyte,train
IFNg,619,619,952.0,39.0,4.0966387,H3D2,10,Monocyte,AACCATGTCTGCAGTA-1,Monocyte,train
IFNg,978,977,2084.0,55.0,2.6391554,H3D2,3,CD4 T,AACCGCGAGGCCCTCA-1,CD4 T,train
IFNg,3406,3405,11443.0,225.0,1.9662676,H3D2,18,Monocyte,AACCGCGCAGATAATG-1,Monocyte,train
IFNg,841,841,1562.0,18.0,1.1523688,H3D2,2,CD8 T,AACGTTGGTAAGCACG-1,CD8 T,train
IFNg,1283,1283,2323.0,73.0,3.142488,H3D2,8,CD4 T,AACTCAGCACCAGTTA-1,CD4 T,train
IFNg,3827,3826,13913.0,172.0,1.2362539,H3D2,18,Monocyte,AACTCAGCATGGATGG-1,Monocyte,train
IFNg,1498,1497,3186.0,107.0,3.358443,H3D2,2,CD8 T,AACTCAGGTAGGGACT-1,CD8 T,train
IFNg,1392,1392,3447.0,106.0,3.0751376,H3D2,9,B,AACTCCCAGCAACGGT-1,B,train
IFNg,841,841,1509.0,23.0,1.5241882,H3D2,2,CD8 T,AACTCCCAGCAGATCG-1,CD8 T,train
IFNg,499,499,757.0,17.0,2.2457068,H3D2,6,NK,AACTCCCCATTCCTCG-1,NK,train
IFNg,4355,4353,18474.0,225.0,1.2179279,H3D2,18,Monocyte,AACTCTTCAGGAATCG-1,Monocyte,train
IFNg,781,781,1603.0,47.0,2.9320025,H3D2,9,B,AACTCTTTCAACACGT-1,B,train
IFNg,814,814,1480.0,33.0,2.2297297,H3D2,0,CD4 T,AACTGGTAGACCTTTG-1,CD4 T,train
IFNg,901,900,1798.0,28.0,1.5572859,H3D2,0,CD4 T,AACTGGTAGTCGAGTG-1,CD4 T,train
IFNg,1327,1327,2880.0,53.0,1.8402778,H3D2,0,CD4 T,AACTGGTTCCTTGACC-1,CD4 T,train
IFNg,3670,3669,14487.0,207.0,1.4288672,H3D2,18,Monocyte,AACTTTCAGAAGGTGA-1,Monocyte,train
IFNg,838,838,1447.0,47.0,3.2480996,H3D2,6,NK,AACTTTCAGCCTTGAT-1,NK,train
IFNg,750,750,1218.0,29.0,2.3809524,H3D2,6,NK,AACTTTCAGCGCCTTG-1,NK,train
IFNg,3330,3329,12344.0,484.0,3.9209332,H3D2,18,Monocyte,AACTTTCAGTACGTAA-1,Monocyte,train
IFNg,870,870,1417.0,28.0,1.9760058,H3D2,6,NK,AAGACCTAGCAGGTCA-1,NK,train
IFNg,804,804,1519.0,23.0,1.5141541,H3D2,9,B,AAGACCTCAGGGCATA-1,B,train
IFNg,1311,1311,3032.0,83.0,2.737467,H3D2,7,CD8 T,AAGACCTCATCTCGCT-1,CD8 T,train
IFNg,1384,1384,2592.0,33.0,1.2731482,H3D2,16,NK,AAGCCGCAGATGTAAC-1,NK,train
IFNg,782,782,1217.0,33.0,2.711586,H3D2,5,NK,AAGCCGCAGGCCCTCA-1,NK,train
IFNg,3195,3194,10751.0,244.0,2.2695563,H3D2,18,Monocyte,AAGCCGCAGTGTTAGA-1,Monocyte,train
IFNg,926,926,1661.0,50.0,3.0102348,H3D2,19,CD4 T,AAGCCGCGTGCGGTAA-1,CD4 T,train
IFNg,3380,3380,14278.0,221.0,1.5478358,H3D2,18,Monocyte,AAGCCGCGTTTAGGAA-1,Monocyte,train
IFNg,853,853,1399.0,43.0,3.073624,H3D2,6,NK,AAGCCGCTCTTCGAGA-1,NK,train
IFNg,1066,1066,1937.0,101.0,5.214249,H3D2,16,NK,AAGGAGCCACGCGAAA-1,NK,train
IFNg,987,987,2489.0,23.0,0.9240659,H3D2,9,B,AAGGAGCTCCTCAACC-1,B,train
IFNg,2981,2981,9996.0,142.0,1.4205682,H3D2,18,Monocyte,AAGGAGCTCTGAAAGA-1,Monocyte,train
IFNg,4172,4170,17444.0,300.0,1.719789,H3D2,18,Monocyte,AAGGAGCTCTTGTACT-1,Monocyte,train
IFNg,717,717,1153.0,13.0,1.1274935,H3D2,2,CD8 T,AAGGCAGAGTCCTCCT-1,CD8 T,train
IFNg,1086,1086,2352.0,56.0,2.3809524,H3D2,0,CD4 T,AAGGCAGCAAGAAAGG-1,CD4 T,train
IFNg,881,881,1625.0,53.0,3.2615385,H3D2,2,CD8 T,AAGGCAGGTCTAGCCG-1,CD8 T,train
IFNg,980,980,1515.0,37.0,2.4422443,H3D2,6,NK,AAGGCAGGTTGAGTTC-1,NK,train
IFNg,722,722,1149.0,29.0,2.523934,H3D2,2,CD8 T,AAGGTTCAGGATGGTC-1,CD8 T,train
IFNg,838,838,1556.0,29.0,1.8637532,H3D2,16,NK,AAGGTTCGTTGTCGCG-1,NK,train
IFNg,921,921,1872.0,59.0,3.1517096,H3D2,3,CD4 T,AAGTCTGAGACTAAGT-1,CD4 T,train
IFNg,903,902,1448.0,66.0,4.558011,H3D2,6,NK,AAGTCTGGTCTGATTG-1,NK,train
IFNg,869,869,1546.0,31.0,2.0051746,H3D2,6,NK,AAGTCTGTCTTGAGGT-1,NK,train
IFNg,4176,4176,14997.0,242.0,1.613656,H3D2,18,Monocyte,AATCCAGAGGAGTTGC-1,Monocyte,train
IFNg,1126,1125,2355.0,52.0,2.208068,H3D2,0,CD4 T,AATCCAGCAGATGGCA-1,CD4 T,train
IFNg,720,720,1056.0,24.0,2.2727273,H3D2,6,NK,AATCGGTTCACATACG-1,NK,train
IFNg,799,798,1238.0,27.0,2.1809368,H3D2,6,NK,ACACCAAAGTCCGTAT-1,NK,train
IFNg,814,814,1349.0,71.0,5.263158,H3D2,8,CD4 T,ACACCAACATGGTAGG-1,CD4 T,train
IFNg,855,855,1571.0,48.0,3.055379,H3D2,2,CD8 T,ACACCAATCATTCACT-1,CD8 T,train
IFNg,926,926,1743.0,33.0,1.8932875,H3D2,22,NK,ACACCGGAGAAAGTGG-1,NK,train
IFNg,4018,4017,15921.0,224.0,1.4069468,H3D2,18,Monocyte,ACACCGGCACCCAGTG-1,Monocyte,train
IFNg,1381,1381,2710.0,38.0,1.4022139,H3D2,5,NK,ACACCGGGTCATATGC-1,NK,train
IFNg,1147,1147,2398.0,82.0,3.4195163,H3D2,7,CD8 T,ACACTGACAAGTTAAG-1,CD8 T,train
IFNg,4019,4019,15427.0,241.0,1.5621961,H3D2,18,Monocyte,ACACTGATCGCCGTGA-1,Monocyte,train
IFNg,4111,4111,14547.0,322.0,2.2135148,H3D2,18,Monocyte,ACAGCCGCACACCGCA-1,Monocyte,train
IFNg,981,981,1677.0,29.0,1.7292784,H3D2,6,NK,ACAGCCGCATCCGGGT-1,NK,train
IFNg,1817,1817,3911.0,159.0,4.0654564,H3D2,6,NK,ACAGCCGGTACAGCAG-1,NK,train
IFNg,3386,3386,13105.0,199.0,1.5185044,H3D2,18,Monocyte,ACAGCTACACATGACT-1,Monocyte,train
IFNg,2084,2084,4750.0,37.0,0.77894735,H3D2,18,Monocyte,ACAGCTATCAGAAATG-1,Monocyte,train
IFNg,3537,3537,12059.0,153.0,1.2687619,H3D2,18,Monocyte,ACAGCTATCGTGGGAA-1,Monocyte,train
IFNg,1101,1100,2073.0,47.0,2.2672455,H3D2,8,CD4 T,ACATACGAGGCTAGAC-1,CD4 T,train
IFNg,564,564,885.0,15.0,1.6949153,H3D2,2,CD8 T,ACATACGCAATTGCTG-1,CD8 T,train
IFNg,3416,3416,12256.0,151.0,1.2320496,H3D2,18,Monocyte,ACATACGCATGAAGTA-1,Monocyte,train
IFNg,799,799,1605.0,53.0,3.3021808,H3D2,0,CD4 T,ACATACGTCACCATAG-1,CD4 T,train
IFNg,463,463,623.0,38.0,6.0995183,H3D2,23,CD4 T,ACATACGTCACCCGAG-1,CD4 T,train
IFNg,1081,1081,2507.0,31.0,1.2365377,H3D2,20,CD4 T,ACATACGTCTACTATC-1,CD4 T,train
IFNg,806,806,1317.0,38.0,2.8853455,H3D2,6,NK,ACATCAGAGCTCAACT-1,NK,train
IFNg,922,921,1540.0,41.0,2.6623375,H3D2,2,CD8 T,ACATCAGGTATAAACG-1,CD8 T,train
IFNg,853,853,1619.0,82.0,5.0648546,H3D2,2,CD8 T,ACATCAGGTGAGTGAC-1,CD8 T,train
IFNg,722,722,1142.0,30.0,2.6269703,H3D2,27,NK,ACATCAGTCCGAACGC-1,NK,train
IFNg,453,453,631.0,40.0,6.3391438,H3D2,23,CD4 T,ACATGGTAGTACTTGC-1,CD4 T,train
IFNg,1684,1683,3475.0,65.0,1.8705037,H3D2,18,Monocyte,ACCAGTAGTTTCGCTC-1,Monocyte,train
IFNg,1191,1191,2403.0,62.0,2.5801082,H3D2,7,CD8 T,ACCAGTATCATGTGGT-1,CD8 T,train
IFNg,947,945,2448.0,51.0,2.0833335,H3D2,0,CD4 T,ACCCACTCACGTCTCT-1,CD4 T,train
IFNg,3569,3569,11402.0,185.0,1.6225225,H3D2,18,Monocyte,ACCCACTGTCTAGCCG-1,Monocyte,train
IFNg,1031,1031,1991.0,44.0,2.2099447,H3D2,7,CD8 T,ACCCACTGTTTGGCGC-1,CD8 T,train
IFNg,957,957,1697.0,47.0,2.7695932,H3D2,13,NK,ACCTTTAGTGCAACGA-1,NK,train
IFNg,1071,1071,2418.0,31.0,1.2820513,H3D2,0,CD4 T,ACGAGCCCACCCATGG-1,CD4 T,train
IFNg,802,802,1398.0,45.0,3.218884,H3D2,6,NK,ACGAGGACATGCCTAA-1,NK,train
IFNg,3015,3014,8778.0,177.0,2.0164046,H3D2,18,Monocyte,ACGAGGATCTACCTGC-1,Monocyte,train
IFNg,943,943,1602.0,49.0,3.0586767,H3D2,6,NK,ACGAGGATCTGAAAGA-1,NK,train
IFNg,857,857,1686.0,54.0,3.202847,H3D2,11,CD4 T,ACGATACCAAATTGCC-1,CD4 T,train
IFNg,948,948,1570.0,33.0,2.1019108,H3D2,6,NK,ACGATACCACTAGTAC-1,NK,train
IFNg,1735,1735,4917.0,57.0,1.1592435,H3D2,7,CD8 T,ACGATACCAGGTCTCG-1,CD8 T,train
IFNg,831,830,1800.0,51.0,2.8333335,H3D2,9,B,ACGATACGTCCAACTA-1,B,train
IFNg,930,930,1794.0,30.0,1.6722407,H3D2,2,CD8 T,ACGATACGTCGCGAAA-1,CD8 T,train
IFNg,797,797,1337.0,38.0,2.842184,H3D2,5,NK,ACGATGTAGCGTTGCC-1,NK,train
IFNg,687,687,1215.0,30.0,2.4691358,H3D2,2,CD8 T,ACGATGTAGTGAAGTT-1,CD8 T,train
IFNg,1152,1151,2755.0,99.0,3.5934665,H3D2,9,B,ACGATGTGTGGCTCCA-1,B,train
IFNg,2463,2462,6503.0,151.0,2.3220053,H3D2,18,Monocyte,ACGATGTTCTGACCTC-1,Monocyte,train
IFNg,692,692,1090.0,26.0,2.3853211,H3D2,6,NK,ACGCAGCAGTGTTTGC-1,NK,train
IFNg,2355,2355,6721.0,116.0,1.7259337,H3D2,18,Monocyte,ACGCCAGCATGCATGT-1,Monocyte,train
IFNg,3801,3800,13059.0,198.0,1.5161958,H3D2,10,Monocyte,ACGCCAGGTGTTGGGA-1,Monocyte,train
IFNg,4174,4173,16123.0,197.0,1.221857,H3D2,18,Monocyte,ACGCCAGTCAGGTTCA-1,Monocyte,train
IFNg,769,769,1223.0,41.0,3.3524122,H3D2,6,NK,ACGCCAGTCTGCTGCT-1,NK,train
IFNg,620,620,958.0,37.0,3.862213,H3D2,6,NK,ACGCCGACATGGGACA-1,NK,train
IFNg,963,963,2231.0,97.0,4.347826,H3D2,11,CD4 T,ACGCCGAGTGCGATAG-1,CD4 T,train
IFNg,3532,3529,11379.0,165.0,1.4500395,H3D2,18,Monocyte,ACGGAGAAGCTGAAAT-1,Monocyte,train
IFNg,1145,1145,2133.0,111.0,5.203938,H3D2,16,NK,ACGGAGAAGGAATCGC-1,NK,train
IFNg,1851,1851,4912.0,96.0,1.9543973,H3D2,16,NK,ACGGCCAAGATGTAAC-1,NK,train
IFNg,794,794,1242.0,30.0,2.415459,H3D2,6,NK,ACGGCCAAGCTAGTTC-1,NK,train
IFNg,747,747,1254.0,14.0,1.1164274,H3D2,6,NK,ACGGCCAAGTAGTGCG-1,NK,train
IFNg,3766,3766,13176.0,207.0,1.5710381,H3D2,18,Monocyte,ACGGCCACAGCTTCGG-1,Monocyte,train
IFNg,1256,1256,2085.0,48.0,2.3021584,H3D2,6,NK,ACGGCCATCGATAGAA-1,NK,train
IFNg,841,841,1576.0,44.0,2.7918782,H3D2,2,CD8 T,ACGGGCTAGAGCTATA-1,CD8 T,train
IFNg,836,836,1385.0,51.0,3.6823106,H3D2,6,NK,ACGGGCTAGGCTAGAC-1,NK,train
IFNg,1193,1193,2111.0,63.0,2.9843676,H3D2,22,NK,ACGGGTCAGACTGTAA-1,NK,train
IFNg,1619,1619,3228.0,91.0,2.819083,H3D2,6,NK,ACGGGTCAGCAATATG-1,NK,train
IFNg,1092,1092,2687.0,49.0,1.8235952,H3D2,0,CD4 T,ACGGGTCAGCTCAACT-1,CD4 T,train
IFNg,947,947,1790.0,81.0,4.5251393,H3D2,3,CD4 T,ACGGGTCCAATGTAAG-1,CD4 T,train
IFNg,1835,1833,4158.0,75.0,1.8037518,H3D2,9,B,ACGGGTCTCTTGTTTG-1,B,train
IFNg,1544,1543,2886.0,71.0,2.4601524,H3D2,9,B,ACGTCAACATGGATGG-1,B,train
IFNg,1006,1005,2351.0,51.0,2.1692896,H3D2,0,CD4 T,ACTATCTGTTGTACAC-1,CD4 T,train
IFNg,2610,2609,6911.0,128.0,1.8521199,H3D2,18,Monocyte,ACTATCTGTTTGTTTC-1,Monocyte,train
IFNg,1355,1354,3135.0,86.0,2.7432215,H3D2,19,CD4 T,ACTATCTTCACAGTAC-1,CD4 T,train
IFNg,3317,3317,11665.0,192.0,1.6459495,H3D2,18,Monocyte,ACTGAACAGTACGCCC-1,Monocyte,train
IFNg,3580,3577,11229.0,224.0,1.9948349,H3D2,18,Monocyte,ACTGAACAGTGACATA-1,Monocyte,train
IFNg,1027,1027,1869.0,36.0,1.9261638,H3D2,2,CD8 T,ACTGAACCACGGACAA-1,CD8 T,train
IFNg,1955,1954,4492.0,73.0,1.6251113,H3D2,7,CD8 T,ACTGAACCACTGTCGG-1,CD8 T,train
IFNg,1061,1061,1951.0,99.0,5.074321,H3D2,11,CD4 T,ACTGAACCATGAACCT-1,CD4 T,train
IFNg,1629,1629,4054.0,132.0,3.2560434,H3D2,5,NK,ACTGAACGTTCCATGA-1,NK,train
IFNg,811,811,1279.0,13.0,1.016419,H3D2,6,NK,ACTGATGCATCCGGGT-1,NK,train
IFNg,4424,4423,16766.0,213.0,1.2704282,H3D2,18,Monocyte,ACTGATGGTAGCGATG-1,Monocyte,train
IFNg,1117,1117,2204.0,47.0,2.1324863,H3D2,16,NK,ACTGATGTCAAGGCTT-1,NK,train
IFNg,1018,1018,1749.0,38.0,2.1726701,H3D2,6,NK,ACTGCTCAGAGAACAG-1,NK,train
IFNg,980,980,1847.0,30.0,1.6242557,H3D2,2,CD8 T,ACTGCTCCATCCTAGA-1,CD8 T,train
IFNg,770,770,1221.0,27.0,2.211302,H3D2,6,NK,ACTGCTCTCACCGTAA-1,NK,train
IFNg,1406,1406,3088.0,61.0,1.9753886,H3D2,7,CD8 T,ACTGTCCCACCAGGCT-1,CD8 T,train
IFNg,786,786,1509.0,73.0,4.837641,H3D2,9,B,ACTGTCCGTCGCGAAA-1,B,train
IFNg,4272,4272,19348.0,329.0,1.7004341,H3D2,18,Monocyte,ACTTACTCACCGTTGG-1,Monocyte,train
IFNg,1007,1007,1743.0,25.0,1.4343086,H3D2,16,NK,ACTTACTGTACGCTGC-1,NK,train
IFNg,4335,4333,17812.0,267.0,1.4989895,H3D2,18,Monocyte,ACTTACTGTACTTCTT-1,Monocyte,train
IFNg,999,999,1558.0,26.0,1.6688062,H3D2,6,NK,ACTTACTGTAGGCATG-1,NK,train
IFNg,848,848,1610.0,38.0,2.3602483,H3D2,7,CD8 T,ACTTTCATCCATGAAC-1,CD8 T,train
IFNg,1949,1949,5396.0,135.0,2.5018532,H3D2,18,Monocyte,AGAATAGAGGCAAAGA-1,Monocyte,train
IFNg,418,418,553.0,26.0,4.7016273,H3D2,5,NK,AGAATAGAGTAGCCGA-1,NK,train
IFNg,872,872,1652.0,55.0,3.329298,H3D2,3,CD4 T,AGAATAGCACATGGGA-1,CD4 T,train
IFNg,992,992,1626.0,40.0,2.4600246,H3D2,6,NK,AGAATAGCATCGGAAG-1,NK,train
IFNg,1974,1973,4984.0,113.0,2.2672553,H3D2,5,NK,AGAATAGGTCATCGGC-1,NK,train
IFNg,1670,1670,3891.0,43.0,1.1051143,H3D2,16,NK,AGAATAGGTTCGTTGA-1,NK,train
IFNg,1076,1075,2105.0,91.0,4.3230405,H3D2,6,NK,AGAATAGTCTAACTCT-1,NK,train
IFNg,4004,4004,14059.0,384.0,2.7313466,H3D2,10,Monocyte,AGACGTTAGATGGGTC-1,Monocyte,train
IFNg,876,876,1473.0,26.0,1.7651054,H3D2,2,CD8 T,AGACGTTAGTCTTGCA-1,CD8 T,train
IFNg,558,558,761.0,51.0,6.701709,H3D2,23,CD4 T,AGAGCGACACAGAGGT-1,CD4 T,train
IFNg,753,753,1254.0,19.0,1.5151515,H3D2,6,NK,AGAGCGATCTCGTTTA-1,NK,train
IFNg,843,843,1288.0,35.0,2.7173913,H3D2,6,NK,AGAGCTTAGCTAAGAT-1,NK,train
IFNg,1147,1147,2000.0,95.0,4.75,H3D2,2,CD8 T,AGAGCTTAGTATGACA-1,CD8 T,train
IFNg,656,655,1067.0,50.0,4.6860356,H3D2,7,CD8 T,AGAGTGGCACCTGGTG-1,CD8 T,train
IFNg,958,958,1924.0,64.0,3.3264034,H3D2,2,CD8 T,AGAGTGGGTCCAACTA-1,CD8 T,train
IFNg,1247,1247,2851.0,69.0,2.4202034,H3D2,5,NK,AGAGTGGTCTGATTCT-1,NK,train
IFNg,896,896,1720.0,56.0,3.2558138,H3D2,6,NK,AGAGTGGTCTTACCGC-1,NK,train
IFNg,864,864,1687.0,38.0,2.2525194,H3D2,16,NK,AGATCTGAGGAATCGC-1,NK,train
IFNg,676,676,1164.0,27.0,2.3195875,H3D2,6,NK,AGATCTGAGGGATGGG-1,NK,train
IFNg,2667,2666,7461.0,180.0,2.4125452,H3D2,18,Monocyte,AGATCTGCACGGCGTT-1,Monocyte,train
IFNg,849,849,1343.0,42.0,3.1273267,H3D2,6,NK,AGATTGCCACGTTGGC-1,NK,train
IFNg,707,707,1213.0,49.0,4.0395713,H3D2,22,NK,AGATTGCGTCATGCAT-1,NK,train
IFNg,765,765,1288.0,36.0,2.795031,H3D2,6,NK,AGATTGCTCACTTACT-1,NK,train
IFNg,972,972,1979.0,46.0,2.3244061,H3D2,3,CD4 T,AGCAGCCCAGCTGGCT-1,CD4 T,train
IFNg,1112,1112,2322.0,42.0,1.8087854,H3D2,0,CD4 T,AGCAGCCTCCACGCAG-1,CD4 T,train
IFNg,757,757,1140.0,35.0,3.0701754,H3D2,6,NK,AGCATACAGGCATGTG-1,NK,train
IFNg,788,788,1232.0,18.0,1.461039,H3D2,6,NK,AGCATACCAAGGTTTC-1,NK,train
IFNg,745,745,1275.0,24.0,1.8823528,H3D2,6,NK,AGCATACCAATCGGTT-1,NK,train
IFNg,2195,2195,5133.0,102.0,1.987142,H3D2,18,Monocyte,AGCATACGTAGTAGTA-1,Monocyte,train
IFNg,3096,3095,9467.0,135.0,1.4260061,H3D2,10,Monocyte,AGCATACGTTTAAGCC-1,Monocyte,train
IFNg,1069,1069,2339.0,116.0,4.9593844,H3D2,9,B,AGCATACTCGCATGGC-1,B,train
IFNg,501,501,749.0,24.0,3.2042723,H3D2,6,NK,AGCATACTCTTCGAGA-1,NK,train
IFNg,1042,1042,1818.0,32.0,1.7601761,H3D2,6,NK,AGCCTAAAGCCAGTTT-1,NK,train
IFNg,777,777,1193.0,18.0,1.5088013,H3D2,6,NK,AGCCTAACAAGCCGCT-1,NK,train
IFNg,1185,1185,2517.0,45.0,1.7878426,H3D2,17,CD4 T,AGCCTAATCGAGAGCA-1,CD4 T,train
IFNg,942,942,2329.0,53.0,2.2756548,H3D2,17,CD4 T,AGCCTAATCTAACCGA-1,CD4 T,train
IFNg,617,617,980.0,19.0,1.9387755,H3D2,13,NK,AGCGGTCGTCTCCATC-1,NK,train
IFNg,744,744,1169.0,25.0,2.13858,H3D2,6,NK,AGCGTATTCCCAGGTG-1,NK,train
IFNg,2236,2236,6204.0,98.0,1.5796261,H3D2,18,Monocyte,AGCGTCGCACCGAATT-1,Monocyte,train
IFNg,442,442,631.0,12.0,1.9017432,H3D2,6,NK,AGCGTCGCACGGACAA-1,NK,train
IFNg,1434,1434,3135.0,59.0,1.8819777,H3D2,18,Monocyte,AGCGTCGTCTTATCTG-1,Monocyte,train
IFNg,1387,1387,2536.0,82.0,3.2334383,H3D2,16,NK,AGCTCCTAGCTAAACA-1,NK,train
IFNg,942,942,2122.0,38.0,1.7907634,H3D2,0,CD4 T,AGCTCCTTCATGTCCC-1,CD4 T,train
IFNg,482,482,652.0,36.0,5.5214725,H3D2,22,NK,AGCTCTCAGACTTTCG-1,NK,train
IFNg,721,720,1391.0,65.0,4.6728973,H3D2,9,B,AGCTCTCAGCGAAGGG-1,B,train
IFNg,3451,3451,12017.0,235.0,1.9555631,H3D2,18,Monocyte,AGCTCTCAGTCTCCTC-1,Monocyte,train
IFNg,777,777,1285.0,43.0,3.3463035,H3D2,6,NK,AGCTCTCGTAGCCTCG-1,NK,train
IFNg,1021,1021,2030.0,46.0,2.2660098,H3D2,7,CD8 T,AGCTCTCTCACGAAGG-1,CD8 T,train
IFNg,1127,1127,2426.0,58.0,2.3907666,H3D2,5,NK,AGCTTGATCATCACCC-1,NK,train
IFNg,862,862,1384.0,35.0,2.5289018,H3D2,6,NK,AGGCCACAGACAGAGA-1,NK,train
IFNg,1357,1357,2112.0,67.0,3.1723485,H3D2,3,CD4 T,AGGCCACGTGGAAAGA-1,CD4 T,train
IFNg,372,372,529.0,3.0,0.56710774,H3D2,6,NK,AGGCCACTCTGTCTCG-1,NK,train
IFNg,1217,1217,1955.0,31.0,1.5856779,H3D2,6,NK,AGGCCGTCAAACGTGG-1,NK,train
IFNg,1642,1641,4240.0,90.0,2.1226416,H3D2,4,CD4 T,AGGCCGTCACAAGCCC-1,CD4 T,train
IFNg,1096,1096,2281.0,36.0,1.5782552,H3D2,19,CD4 T,AGGCCGTCAGCGTCCA-1,CD4 T,train
IFNg,796,796,1249.0,30.0,2.4019215,H3D2,6,NK,AGGCCGTGTATTCGTG-1,NK,train
IFNg,610,610,874.0,35.0,4.0045767,H3D2,6,NK,AGGCCGTTCAGAGACG-1,NK,train
IFNg,1181,1181,2740.0,40.0,1.459854,H3D2,0,CD4 T,AGGCCGTTCAGCTCGG-1,CD4 T,train
IFNg,1316,1316,2772.0,64.0,2.3088024,H3D2,22,NK,AGGGATGAGGAGTACC-1,NK,train
IFNg,580,580,826.0,31.0,3.7530265,H3D2,6,NK,AGGGATGAGTGGACGT-1,NK,train
IFNg,1532,1532,3486.0,73.0,2.0940907,H3D2,0,CD4 T,AGGGATGCAAACCTAC-1,CD4 T,train
IFNg,636,636,1039.0,29.0,2.7911453,H3D2,6,NK,AGGGATGCAATGGACG-1,NK,train
IFNg,771,771,1397.0,48.0,3.435934,H3D2,6,NK,AGGGATGTCGGATGTT-1,NK,train
IFNg,1677,1677,4236.0,71.0,1.6761097,H3D2,5,NK,AGGGATGTCGTCTGCT-1,NK,train
IFNg,1621,1621,3719.0,83.0,2.2317827,H3D2,18,Monocyte,AGGGTGAAGTAGCCGA-1,Monocyte,train
IFNg,557,557,825.0,29.0,3.5151515,H3D2,6,NK,AGGGTGAAGTATGACA-1,NK,train
IFNg,3030,3030,11294.0,115.0,1.0182397,H3D2,18,Monocyte,AGGGTGACAAAGGCGT-1,Monocyte,train
IFNg,3499,3497,13556.0,206.0,1.5196223,H3D2,18,Monocyte,AGGGTGACAGCTGCTG-1,Monocyte,train
IFNg,1557,1557,3022.0,76.0,2.5148907,H3D2,6,NK,AGGGTGAGTAGGGTAC-1,NK,train
IFNg,3261,3261,12537.0,251.0,2.0020738,H3D2,18,Monocyte,AGGGTGATCGCCATAA-1,Monocyte,train
IFNg,1197,1197,2896.0,52.0,1.79558,H3D2,0,CD4 T,AGGTCATAGACAAAGG-1,CD4 T,train
IFNg,1242,1242,2476.0,31.0,1.2520194,H3D2,5,NK,AGGTCATTCATTGCGA-1,NK,train
IFNg,956,956,1742.0,78.0,4.477612,H3D2,7,CD8 T,AGGTCATTCGTACCGG-1,CD8 T,train
IFNg,727,727,1226.0,18.0,1.4681892,H3D2,2,CD8 T,AGGTCCGAGGCGCTCT-1,CD8 T,train
IFNg,961,961,1835.0,26.0,1.4168937,H3D2,0,CD4 T,AGTAGTCAGGATTCGG-1,CD4 T,train
IFNg,1937,1936,4961.0,56.0,1.1288047,H3D2,18,Monocyte,AGTAGTCGTGTTTGTG-1,Monocyte,train
IFNg,4187,4187,16791.0,231.0,1.3757371,H3D2,18,Monocyte,AGTAGTCTCAGGATCT-1,Monocyte,train
IFNg,1749,1749,5017.0,32.0,0.63783133,H3D2,18,Monocyte,AGTCTTTTCAGCTTAG-1,Monocyte,train
IFNg,1421,1421,2772.0,51.0,1.8398268,H3D2,2,CD8 T,AGTGAGGTCATTCACT-1,CD8 T,train
IFNg,4142,4142,17902.0,274.0,1.5305552,H3D2,18,Monocyte,AGTGGGACAAGTCATC-1,Monocyte,train
IFNg,1628,1628,3616.0,29.0,0.8019911,H3D2,12,Monocyte,AGTGGGACACTGAAGG-1,Monocyte,train
IFNg,1077,1077,2469.0,50.0,2.0251114,H3D2,0,CD4 T,AGTGGGATCTTATCTG-1,CD4 T,train
IFNg,4060,4059,18108.0,291.0,1.6070244,H3D2,18,Monocyte,AGTGTCACATCTGGTA-1,Monocyte,train
IFNg,1053,1053,2260.0,35.0,1.5486726,H3D2,0,CD4 T,AGTTGGTCAGGTCTCG-1,CD4 T,train
IFNg,983,982,2271.0,32.0,1.409071,H3D2,0,CD4 T,AGTTGGTCATGGTCTA-1,CD4 T,train
IFNg,1071,1071,2246.0,47.0,2.092609,H3D2,7,CD8 T,ATAACGCAGGCTCATT-1,CD8 T,train
IFNg,445,445,691.0,20.0,2.894356,H3D2,9,B,ATAACGCCAATGAATG-1,B,train
IFNg,615,615,996.0,29.0,2.9116466,H3D2,2,CD8 T,ATAACGCGTCGGCACT-1,CD8 T,train
IFNg,981,981,1540.0,42.0,2.7272727,H3D2,7,CD8 T,ATAAGAGAGAAGGGTA-1,CD8 T,train
IFNg,1995,1995,5541.0,124.0,2.2378633,H3D2,18,Monocyte,ATAAGAGGTCTGCCAG-1,Monocyte,train
IFNg,1048,1048,2241.0,78.0,3.480589,H3D2,9,B,ATAAGAGTCAGTTCGA-1,B,train
IFNg,1525,1525,3897.0,57.0,1.4626637,H3D2,18,Monocyte,ATAAGAGTCTTACCGC-1,Monocyte,train
IFNg,960,960,1818.0,26.0,1.430143,H3D2,14,CD4 T,ATAGACCAGCTGGAAC-1,CD4 T,train
IFNg,2343,2343,5927.0,67.0,1.1304202,H3D2,12,Monocyte,ATAGACCCAGACTCGC-1,Monocyte,train
IFNg,2273,2273,6427.0,59.0,0.9180021,H3D2,18,Monocyte,ATAGACCCATGGAATA-1,Monocyte,train
IFNg,768,768,1152.0,45.0,3.90625,H3D2,6,NK,ATCACGAAGTTAGCGG-1,NK,train
IFNg,1254,1254,2588.0,98.0,3.786708,H3D2,20,CD4 T,ATCACGACACTGCCAG-1,CD4 T,train
IFNg,872,872,1492.0,15.0,1.005362,H3D2,2,CD8 T,ATCACGATCTCCTATA-1,CD8 T,train
IFNg,756,756,1290.0,21.0,1.6279069,H3D2,2,CD8 T,ATCATCTAGTGGCACA-1,CD8 T,train
IFNg,1094,1094,2314.0,85.0,3.673293,H3D2,14,CD4 T,ATCATCTAGTGTGGCA-1,CD4 T,train
IFNg,2895,2895,8744.0,106.0,1.2122599,H3D2,18,Monocyte,ATCATCTCAAGGACTG-1,Monocyte,train
IFNg,872,872,1435.0,28.0,1.9512196,H3D2,21,CD4 T,ATCATCTCAGGCGATA-1,CD4 T,train
IFNg,1691,1691,4103.0,81.0,1.9741652,H3D2,16,NK,ATCATCTGTAAACGCG-1,NK,train
IFNg,1002,1002,1633.0,22.0,1.3472137,H3D2,6,NK,ATCATGGGTTAAGTAG-1,NK,train
IFNg,2106,2106,5253.0,57.0,1.0850942,H3D2,18,Monocyte,ATCATGGTCTCTGTCG-1,Monocyte,train
IFNg,1431,1431,3121.0,36.0,1.1534765,H3D2,9,B,ATCCACCAGGGTGTTG-1,B,train
IFNg,1364,1364,3091.0,47.0,1.5205436,H3D2,7,CD8 T,ATCCACCCACGCCAGT-1,CD8 T,train
IFNg,1069,1069,1962.0,45.0,2.293578,H3D2,2,CD8 T,ATCCGAAAGAACAACT-1,CD8 T,train
IFNg,995,993,2291.0,75.0,3.2736797,H3D2,3,CD4 T,ATCCGAACACTTGGAT-1,CD4 T,train
IFNg,1163,1163,2202.0,44.0,1.9981835,H3D2,16,NK,ATCGAGTCAAAGCGGT-1,NK,train
IFNg,1599,1599,3746.0,105.0,2.8029897,H3D2,9,B,ATCGAGTGTCCGAATT-1,B,train
IFNg,591,591,937.0,28.0,2.9882605,H3D2,6,NK,ATCGAGTTCGCAGGCT-1,NK,train
IFNg,787,787,1294.0,19.0,1.4683152,H3D2,2,CD8 T,ATCGAGTTCGGCATCG-1,CD8 T,train
IFNg,1249,1249,2795.0,66.0,2.3613596,H3D2,9,B,ATCTACTAGGAACTGC-1,B,train
IFNg,380,380,527.0,1.0,0.18975332,H3D2,5,NK,ATCTACTCACGAGAGT-1,NK,train
IFNg,1026,1026,2178.0,20.0,0.9182736,H3D2,0,CD4 T,ATCTACTCATGTAGTC-1,CD4 T,train
IFNg,915,915,1634.0,38.0,2.3255813,H3D2,2,CD8 T,ATCTACTGTGTGACGA-1,CD8 T,train
IFNg,1058,1058,2659.0,92.0,3.459947,H3D2,0,CD4 T,ATGAGGGAGCTAAACA-1,CD4 T,train
IFNg,702,702,1270.0,35.0,2.7559054,H3D2,27,NK,ATGAGGGTCTTCAACT-1,NK,train
IFNg,1485,1485,3319.0,74.0,2.229587,H3D2,5,NK,ATGCGATCAATGAAAC-1,NK,train
IFNg,966,966,2144.0,52.0,2.425373,H3D2,14,CD4 T,ATGCGATGTCGCGTGT-1,CD4 T,train
IFNg,2140,2140,6160.0,77.0,1.25,H3D2,18,Monocyte,ATGCGATGTTCGTTGA-1,Monocyte,train
IFNg,898,898,1353.0,40.0,2.9563932,H3D2,6,NK,ATGGGAGCACCTGGTG-1,NK,train
IFNg,4415,4414,16945.0,343.0,2.024196,H3D2,18,Monocyte,ATGGGAGCAGCCTTGG-1,Monocyte,train
IFNg,4406,4405,17600.0,219.0,1.2443182,H3D2,18,Monocyte,ATGGGAGTCAACACGT-1,Monocyte,train
IFNg,951,951,1763.0,32.0,1.8150879,H3D2,7,CD8 T,ATGTGTGAGCCCGAAA-1,CD8 T,train
IFNg,857,857,1347.0,25.0,1.8559763,H3D2,6,NK,ATGTGTGGTGAGCGAT-1,NK,train
IFNg,794,794,1672.0,44.0,2.631579,H3D2,9,B,ATTACTCCAGGGCATA-1,B,train
IFNg,828,828,1614.0,34.0,2.1065674,H3D2,7,CD8 T,ATTACTCGTTGGTTTG-1,CD8 T,train
IFNg,3630,3629,14011.0,175.0,1.2490185,H3D2,18,Monocyte,ATTATCCAGCGTTTAC-1,Monocyte,train
IFNg,1876,1876,5038.0,67.0,1.3298928,H3D2,1,CD4 T,ATTATCCGTCCAAGTT-1,CD4 T,train
IFNg,894,894,1428.0,58.0,4.061625,H3D2,6,NK,ATTCTACAGAACAATC-1,NK,train
IFNg,2002,2002,4746.0,264.0,5.5625787,H3D2,18,Monocyte,ATTCTACGTCCTAGCG-1,Monocyte,train
IFNg,939,939,1918.0,19.0,0.99061525,H3D2,0,CD4 T,ATTGGACCACATCCGG-1,CD4 T,train
IFNg,1001,1001,1707.0,69.0,4.042179,H3D2,6,NK,ATTGGACCACTCGACG-1,NK,train
IFNg,1049,1049,2125.0,25.0,1.1764706,H3D2,0,CD4 T,ATTGGACCATTCTCAT-1,CD4 T,train
IFNg,1071,1071,2223.0,61.0,2.7440395,H3D2,0,CD4 T,ATTGGTGCAGACGCAA-1,CD4 T,train
IFNg,3637,3637,13057.0,283.0,2.1674197,H3D2,18,Monocyte,ATTGGTGGTTAGTGGG-1,Monocyte,train
IFNg,1173,1173,2760.0,22.0,0.7971015,H3D2,0,CD4 T,ATTGGTGGTTATCACG-1,CD4 T,train
IFNg,3194,3194,10638.0,189.0,1.7766498,H3D2,18,Monocyte,ATTGGTGTCTGAGTGT-1,Monocyte,train
IFNg,1372,1372,3082.0,87.0,2.8228424,H3D2,5,NK,ATTTCTGCACACCGCA-1,NK,train
IFNg,813,813,1449.0,35.0,2.415459,H3D2,2,CD8 T,ATTTCTGGTACTTAGC-1,CD8 T,train
IFNg,573,573,834.0,0.0,0.0,H3D2,6,NK,ATTTCTGTCGTATCAG-1,NK,train
IFNg,1045,1045,2101.0,54.0,2.5702047,H3D2,2,CD8 T,CAACCAACAAAGCGGT-1,CD8 T,train
IFNg,1109,1109,2339.0,15.0,0.64129966,H3D2,7,CD8 T,CAACCAACAACTGCTA-1,CD8 T,train
IFNg,639,639,907.0,26.0,2.8665931,H3D2,6,NK,CAACCAACACATTAGC-1,NK,train
IFNg,971,971,1817.0,42.0,2.3115025,H3D2,21,CD4 T,CAACCAACATATACCG-1,CD4 T,train
IFNg,1104,1104,1993.0,39.0,1.956849,H3D2,6,NK,CAACCAACATGCAACT-1,NK,train
IFNg,801,800,1292.0,50.0,3.8699691,H3D2,9,B,CAACCAATCCAGAAGG-1,B,train
IFNg,861,861,1717.0,50.0,2.912056,H3D2,3,CD4 T,CAACCTCAGATATGGT-1,CD4 T,train
IFNg,842,842,1319.0,33.0,2.5018954,H3D2,6,NK,CAACCTCAGGTAGCCA-1,NK,train
IFNg,930,930,1801.0,33.0,1.8323153,H3D2,3,CD4 T,CAACCTCTCAGAGACG-1,CD4 T,train
IFNg,3222,3222,10530.0,307.0,2.9154797,H3D2,18,Monocyte,CAACTAGCAGCCTGTG-1,Monocyte,train
IFNg,727,727,1280.0,37.0,2.890625,H3D2,2,CD8 T,CAACTAGGTCAGCTAT-1,CD8 T,train
IFNg,1330,1330,2787.0,114.0,4.09042,H3D2,7,CD8 T,CAACTAGTCTACTATC-1,CD8 T,train
IFNg,3138,3137,9541.0,208.0,2.180065,H3D2,12,Monocyte,CAACTAGTCTCTTATG-1,Monocyte,train
IFNg,898,898,1492.0,29.0,1.9436996,H3D2,2,CD8 T,CAAGAAAAGTACACCT-1,CD8 T,train
IFNg,683,683,1010.0,22.0,2.178218,H3D2,6,NK,CAAGAAACACCCTATC-1,NK,train
IFNg,796,796,1538.0,14.0,0.9102731,H3D2,0,CD4 T,CAAGAAATCGAATGCT-1,CD4 T,train
IFNg,4255,4254,15482.0,285.0,1.8408474,H3D2,18,Monocyte,CAAGATCAGAACAACT-1,Monocyte,train
IFNg,773,773,1417.0,34.0,2.3994355,H3D2,22,NK,CAAGATCTCAATAAGG-1,NK,train
IFNg,759,758,1163.0,76.0,6.534824,H3D2,6,NK,CAAGATCTCCACGACG-1,NK,train
IFNg,983,982,2107.0,84.0,3.986711,H3D2,7,CD8 T,CAAGGCCCAGCCTTTC-1,CD8 T,train
IFNg,1055,1055,2448.0,26.0,1.0620916,H3D2,0,CD4 T,CAAGTTGGTAACGCGA-1,CD4 T,train
IFNg,943,942,1531.0,25.0,1.6329197,H3D2,6,NK,CACACCTAGCAGACTG-1,NK,train
IFNg,2505,2504,6178.0,71.0,1.1492392,H3D2,5,NK,CACACCTAGGCTCTTA-1,NK,train
IFNg,838,838,1325.0,21.0,1.5849056,H3D2,6,NK,CACACCTCAGTAAGCG-1,NK,train
IFNg,1201,1201,2649.0,23.0,0.8682522,H3D2,0,CD4 T,CACACCTGTTTAAGCC-1,CD4 T,train
IFNg,945,945,1729.0,37.0,2.1399653,H3D2,6,NK,CACAGGCAGCCTATGT-1,NK,train
IFNg,2083,2083,4805.0,104.0,2.164412,H3D2,9,B,CACAGGCCAGCCTTGG-1,B,train
IFNg,912,912,1587.0,29.0,1.8273473,H3D2,6,NK,CACAGGCTCACAGTAC-1,NK,train
IFNg,1061,1060,2050.0,63.0,3.0731707,H3D2,7,CD8 T,CACAGTAAGCCACCTG-1,CD8 T,train
IFNg,1321,1321,3543.0,106.0,2.9918149,H3D2,9,B,CACAGTAAGCGTCAAG-1,B,train
IFNg,683,683,991.0,29.0,2.926337,H3D2,6,NK,CACAGTAAGGACAGCT-1,NK,train
IFNg,3720,3720,14403.0,159.0,1.1039367,H3D2,18,Monocyte,CACAGTACATGCCTAA-1,Monocyte,train
IFNg,3307,3307,10329.0,173.0,1.6748959,H3D2,18,Monocyte,CACAGTAGTGATGTCT-1,Monocyte,train
IFNg,611,611,911.0,16.0,1.7563118,H3D2,6,NK,CACATAGAGTGGGATC-1,NK,train
IFNg,852,852,1316.0,31.0,2.355623,H3D2,6,NK,CACATTTCACTACAGT-1,NK,train
IFNg,3442,3442,13868.0,277.0,1.9974042,H3D2,18,Monocyte,CACATTTCACTGTTAG-1,Monocyte,train
IFNg,761,761,1093.0,12.0,1.0978956,H3D2,6,NK,CACATTTCAGCTTCGG-1,NK,train
IFNg,870,870,1419.0,45.0,3.1712472,H3D2,6,NK,CACCACTGTAAAGGAG-1,NK,train
IFNg,980,980,1538.0,29.0,1.8855658,H3D2,6,NK,CACCACTGTTAGATGA-1,NK,train
IFNg,722,721,1087.0,9.0,0.8279669,H3D2,6,NK,CACCACTTCGCCGTGA-1,NK,train
IFNg,1561,1561,4264.0,89.0,2.087242,H3D2,0,CD4 T,CACCAGGCACCCATGG-1,CD4 T,train
IFNg,1815,1814,4595.0,63.0,1.3710555,H3D2,9,B,CACCTTGAGCGTGAGT-1,B,train
IFNg,4347,4347,17778.0,281.0,1.5806053,H3D2,18,Monocyte,CACCTTGCATTCCTCG-1,Monocyte,train
IFNg,819,819,1238.0,29.0,2.3424878,H3D2,6,NK,CACCTTGGTCGCTTCT-1,NK,train
IFNg,1042,1042,2309.0,63.0,2.7284539,H3D2,1,CD4 T,CACCTTGGTGAAATCA-1,CD4 T,train
IFNg,4165,4164,16803.0,282.0,1.6782718,H3D2,18,Monocyte,CACTCCAAGAGTCGGT-1,Monocyte,train
IFNg,530,530,796.0,45.0,5.6532664,H3D2,6,NK,CACTCCATCTGCTGTC-1,NK,train
IFNg,3008,3008,8668.0,220.0,2.538071,H3D2,18,Monocyte,CAGAATCGTTGGAGGT-1,Monocyte,train
IFNg,387,387,580.0,9.0,1.5517241,H3D2,6,NK,CAGAGAGCACAACGCC-1,NK,train
IFNg,1683,1683,4134.0,86.0,2.0803096,H3D2,7,CD8 T,CAGATCACAGAGCCAA-1,CD8 T,train
IFNg,3403,3402,12880.0,206.0,1.5993788,H3D2,18,Monocyte,CAGATCAGTGACTACT-1,Monocyte,train
IFNg,956,956,1869.0,69.0,3.6918137,H3D2,7,CD8 T,CAGCAGCAGGCGATAC-1,CD8 T,train
IFNg,4195,4195,17803.0,267.0,1.4997472,H3D2,18,Monocyte,CAGCAGCCAGTACACT-1,Monocyte,train
IFNg,725,725,1102.0,15.0,1.3611616,H3D2,6,NK,CAGCAGCGTTCACCTC-1,NK,train
IFNg,4393,4393,19316.0,355.0,1.8378546,H3D2,18,Monocyte,CAGCAGCTCGCTGATA-1,Monocyte,train
IFNg,886,886,1621.0,19.0,1.1721159,H3D2,2,CD8 T,CAGCATAAGAAACGAG-1,CD8 T,train
IFNg,1055,1055,2120.0,31.0,1.4622642,H3D2,9,B,CAGCATATCGCCGTGA-1,B,train
IFNg,953,953,1554.0,35.0,2.252252,H3D2,6,NK,CAGCCGAAGGATCGCA-1,NK,train
IFNg,894,894,1608.0,35.0,2.176617,H3D2,22,NK,CAGCCGACAGTTAACC-1,NK,train
IFNg,635,635,901.0,2.0,0.2219756,H3D2,7,CD8 T,CAGCCGATCCTTGCCA-1,CD8 T,train
IFNg,888,888,2063.0,120.0,5.816772,H3D2,9,B,CAGCGACAGAGTACAT-1,B,train
IFNg,783,783,1252.0,23.0,1.8370608,H3D2,6,NK,CAGCTAAAGATCGGGT-1,NK,train
IFNg,2652,2652,7902.0,221.0,2.7967603,H3D2,18,Monocyte,CAGCTAAAGGCGTACA-1,Monocyte,train
IFNg,3583,3581,10776.0,358.0,3.3221974,H3D2,18,Monocyte,CAGCTAATCAACGGGA-1,Monocyte,train
IFNg,974,974,1863.0,54.0,2.8985507,H3D2,7,CD8 T,CAGCTGGCAGGAACGT-1,CD8 T,train
IFNg,873,873,1600.0,52.0,3.25,H3D2,7,CD8 T,CAGCTGGGTGGTTTCA-1,CD8 T,train
IFNg,1232,1232,2812.0,54.0,1.9203414,H3D2,18,Monocyte,CAGGTGCGTTCGTGAT-1,Monocyte,train
IFNg,1408,1408,3332.0,87.0,2.6110444,H3D2,5,NK,CAGTAACAGAGAGCTC-1,NK,train
IFNg,1115,1115,1892.0,51.0,2.6955602,H3D2,6,NK,CAGTAACTCGTACGGC-1,NK,train
IFNg,3874,3874,11625.0,139.0,1.1956989,H3D2,18,Monocyte,CAGTCCTAGTGCCAGA-1,Monocyte,train
IFNg,990,990,1941.0,80.0,4.121587,H3D2,3,CD4 T,CAGTCCTGTAAATACG-1,CD4 T,train
IFNg,3826,3826,15827.0,238.0,1.5037594,H3D2,18,Monocyte,CAGTCCTGTCCGAAGA-1,Monocyte,train
IFNg,3811,3811,14376.0,246.0,1.7111852,H3D2,18,Monocyte,CATATGGAGAACAACT-1,Monocyte,train
IFNg,524,524,752.0,2.0,0.26595744,H3D2,18,Monocyte,CATATGGGTGTTCGAT-1,Monocyte,train
IFNg,836,836,1413.0,76.0,5.378627,H3D2,7,CD8 T,CATATGGTCCTTGACC-1,CD8 T,train
IFNg,2184,2184,5837.0,123.0,2.1072469,H3D2,12,Monocyte,CATATTCGTATGGTTC-1,Monocyte,train
IFNg,919,919,1679.0,35.0,2.0845742,H3D2,2,CD8 T,CATCAAGCATCCCATC-1,CD8 T,train
IFNg,679,679,1086.0,8.0,0.73664826,H3D2,6,NK,CATCAAGGTCCTCCAT-1,NK,train
IFNg,1057,1057,2469.0,55.0,2.2276225,H3D2,7,CD8 T,CATCAAGGTTCGTGAT-1,CD8 T,train
IFNg,4215,4213,15357.0,389.0,2.533047,H3D2,18,Monocyte,CATCAGAAGAGAACAG-1,Monocyte,train
IFNg,3464,3464,12880.0,215.0,1.6692547,H3D2,18,Monocyte,CATCAGATCTCGGACG-1,Monocyte,train
IFNg,931,931,1609.0,44.0,2.7346177,H3D2,6,NK,CATCCACAGAGGGCTT-1,NK,train
IFNg,803,803,1578.0,32.0,2.0278833,H3D2,9,B,CATCCACAGCAGATCG-1,B,train
IFNg,459,459,588.0,13.0,2.2108843,H3D2,23,CD4 T,CATCCACAGGGTGTGT-1,CD4 T,train
IFNg,866,866,1394.0,32.0,2.2955525,H3D2,6,NK,CATCCACCACGGCTAC-1,NK,train
IFNg,3972,3972,16667.0,266.0,1.595968,H3D2,18,Monocyte,CATCCACGTGAAAGAG-1,Monocyte,train
IFNg,888,888,1841.0,23.0,1.249321,H3D2,2,CD8 T,CATCCACGTGAGGGTT-1,CD8 T,train
IFNg,786,786,1290.0,13.0,1.007752,H3D2,6,NK,CATCGAAAGTTGAGAT-1,NK,train
IFNg,939,938,1475.0,66.0,4.474576,H3D2,6,NK,CATCGAACATAAGACA-1,NK,train
IFNg,892,892,1613.0,31.0,1.9218848,H3D2,6,NK,CATCGGGCAGACACTT-1,NK,train
IFNg,795,795,1262.0,23.0,1.822504,H3D2,6,NK,CATCGGGCAGGGTTAG-1,NK,train
IFNg,4227,4226,16834.0,315.0,1.871213,H3D2,18,Monocyte,CATCGGGCATAAGACA-1,Monocyte,train
IFNg,1094,1094,2368.0,39.0,1.6469594,H3D2,7,CD8 T,CATCGGGGTCTAGCCG-1,CD8 T,train
IFNg,711,711,1219.0,31.0,2.5430682,H3D2,6,NK,CATGACAAGATGTGTA-1,NK,train
IFNg,2009,2009,5151.0,154.0,2.9897106,H3D2,8,CD4 T,CATGACAAGCGATAGC-1,CD4 T,train
IFNg,1138,1137,2489.0,67.0,2.691844,H3D2,3,CD4 T,CATGACACAACTGCGC-1,CD4 T,train
IFNg,3801,3801,15236.0,262.0,1.7196115,H3D2,18,Monocyte,CATGACACATCCGTGG-1,Monocyte,train
IFNg,1048,1048,2360.0,32.0,1.3559322,H3D2,0,CD4 T,CATGCCTTCTTACCGC-1,CD4 T,train
IFNg,1596,1596,3433.0,75.0,2.184678,H3D2,18,Monocyte,CATGGCGGTAAATACG-1,Monocyte,train
IFNg,876,876,1551.0,15.0,0.96711797,H3D2,2,CD8 T,CATGGCGGTAAGTAGT-1,CD8 T,train
IFNg,932,932,1761.0,42.0,2.3850086,H3D2,6,NK,CATTATCAGGTGCACA-1,NK,train
IFNg,3140,3140,9933.0,214.0,2.1544347,H3D2,18,Monocyte,CATTATCCATATACGC-1,Monocyte,train
IFNg,536,536,789.0,9.0,1.1406845,H3D2,2,CD8 T,CATTATCCATCAGTCA-1,CD8 T,train
IFNg,923,923,1943.0,66.0,3.396809,H3D2,0,CD4 T,CATTCGCAGGAGCGAG-1,CD4 T,train
IFNg,1380,1378,3568.0,112.0,3.1390135,H3D2,0,CD4 T,CATTCGCCAAGCCATT-1,CD4 T,train
IFNg,715,715,1251.0,22.0,1.7585931,H3D2,0,CD4 T,CCAATCCAGTACGCGA-1,CD4 T,train
IFNg,1213,1213,2736.0,68.0,2.4853802,H3D2,0,CD4 T,CCAATCCAGTTGCAGG-1,CD4 T,train
IFNg,1056,1056,2184.0,55.0,2.518315,H3D2,9,B,CCAATCCCAAAGCAAT-1,B,train
IFNg,1081,1081,2543.0,97.0,3.8143926,H3D2,3,CD4 T,CCAATCCCAAGGGTCA-1,CD4 T,train
IFNg,920,920,1843.0,55.0,2.9842649,H3D2,7,CD8 T,CCAATCCCATCATCCC-1,CD8 T,train
IFNg,813,813,1337.0,25.0,1.8698579,H3D2,6,NK,CCAATCCTCACCAGGC-1,NK,train
IFNg,1418,1417,2733.0,60.0,2.1953897,H3D2,6,NK,CCACCTAAGGCCCTTG-1,NK,train
IFNg,975,975,1908.0,20.0,1.048218,H3D2,2,CD8 T,CCACCTATCTGTTGAG-1,CD8 T,train
IFNg,662,662,981.0,12.0,1.2232417,H3D2,6,NK,CCACGGAAGAGGTACC-1,NK,train
IFNg,4182,4181,14879.0,286.0,1.9221721,H3D2,18,Monocyte,CCACGGAAGCTAGTGG-1,Monocyte,train
IFNg,1054,1054,2042.0,103.0,5.0440745,H3D2,7,CD8 T,CCACGGACATCCCACT-1,CD8 T,train
IFNg,908,908,1768.0,80.0,4.524887,H3D2,11,CD4 T,CCACGGAGTCCGACGT-1,CD4 T,train
IFNg,1233,1233,2277.0,54.0,2.3715415,H3D2,9,B,CCACTACCAGGCGATA-1,B,train
IFNg,795,795,1134.0,16.0,1.4109347,H3D2,6,NK,CCACTACGTTCGGGCT-1,NK,train
IFNg,919,918,1524.0,33.0,2.1653545,H3D2,6,NK,CCACTACTCAACGGGA-1,NK,train
IFNg,1143,1143,2308.0,44.0,1.9064125,H3D2,2,CD8 T,CCACTACTCGGCATCG-1,CD8 T,train
IFNg,890,890,1622.0,35.0,2.15783,H3D2,2,CD8 T,CCAGCGACATATACCG-1,CD8 T,train
IFNg,756,756,1118.0,24.0,2.1466906,H3D2,6,NK,CCAGCGATCGCTAGCG-1,NK,train
IFNg,4306,4305,18730.0,342.0,1.8259476,H3D2,18,Monocyte,CCATGTCAGCCAGAAC-1,Monocyte,train
IFNg,948,948,1900.0,22.0,1.1578947,H3D2,0,CD4 T,CCATGTCCAGTAAGAT-1,CD4 T,train
IFNg,1336,1336,3037.0,134.0,4.412249,H3D2,11,CD4 T,CCATGTCTCACGACTA-1,CD4 T,train
IFNg,3809,3809,12827.0,321.0,2.502534,H3D2,18,Monocyte,CCATGTCTCTGCCAGG-1,Monocyte,train
IFNg,837,837,1357.0,40.0,2.9476788,H3D2,16,NK,CCATTCGAGTAGCCGA-1,NK,train
IFNg,3839,3838,14335.0,350.0,2.4415765,H3D2,18,Monocyte,CCATTCGTCCCGGATG-1,Monocyte,train
IFNg,1387,1387,2836.0,49.0,1.7277856,H3D2,16,NK,CCCAATCAGGTGACCA-1,NK,train
IFNg,655,655,1010.0,16.0,1.5841584,H3D2,6,NK,CCCAATCCATGCCCGA-1,NK,train
IFNg,3438,3437,11470.0,199.0,1.7349608,H3D2,12,Monocyte,CCCAGTTAGCTGCAAG-1,Monocyte,train
IFNg,733,733,1200.0,38.0,3.1666665,H3D2,2,CD8 T,CCCAGTTCAGTCGTGC-1,CD8 T,train
IFNg,2075,2074,5664.0,149.0,2.6306498,H3D2,18,Monocyte,CCCATACAGTTGTCGT-1,Monocyte,train
IFNg,841,841,1667.0,36.0,2.159568,H3D2,16,NK,CCCATACGTATGGTTC-1,NK,train
IFNg,1313,1312,2922.0,61.0,2.0876112,H3D2,0,CD4 T,CCCTCCTAGAGTACAT-1,CD4 T,train
IFNg,1035,1035,1986.0,51.0,2.5679758,H3D2,2,CD8 T,CCCTCCTAGATCGGGT-1,CD8 T,train
IFNg,791,790,1488.0,14.0,0.9408603,H3D2,0,CD4 T,CCCTCCTAGGAGTAGA-1,CD4 T,train
IFNg,1534,1534,2934.0,55.0,1.874574,H3D2,16,NK,CCCTCCTTCCACGAAT-1,NK,train
IFNg,3051,3049,9351.0,152.0,1.6254947,H3D2,18,Monocyte,CCCTCCTTCCCATTAT-1,Monocyte,train
IFNg,641,641,912.0,8.0,0.877193,H3D2,6,NK,CCCTCCTTCGTTTATC-1,NK,train
IFNg,735,735,1162.0,14.0,1.2048192,H3D2,6,NK,CCGGTAGAGTAGATGT-1,NK,train
IFNg,854,854,1888.0,41.0,2.17161,H3D2,3,CD4 T,CCGGTAGTCGTGGTCG-1,CD4 T,train
IFNg,555,555,817.0,23.0,2.8151774,H3D2,6,NK,CCGTACTAGTACGCCC-1,NK,train
IFNg,1165,1165,2444.0,47.0,1.923077,H3D2,3,CD4 T,CCGTACTTCACCTTAT-1,CD4 T,train
IFNg,728,728,1201.0,35.0,2.9142382,H3D2,6,NK,CCGTTCATCCTTTCGG-1,NK,train
IFNg,880,880,1529.0,40.0,2.616089,H3D2,2,CD8 T,CCTAAAGAGAAGATTC-1,CD8 T,train
IFNg,891,891,1722.0,32.0,1.8583043,H3D2,22,NK,CCTACACAGTACGATA-1,NK,train
IFNg,646,646,908.0,18.0,1.9823787,H3D2,6,NK,CCTACACCATCCGGGT-1,NK,train
IFNg,3275,3275,12565.0,207.0,1.6474333,H3D2,18,Monocyte,CCTACACGTCTCACCT-1,Monocyte,train
IFNg,3978,3977,16615.0,252.0,1.5167017,H3D2,18,Monocyte,CCTACACTCTTTCCTC-1,Monocyte,train
IFNg,4052,4052,14678.0,269.0,1.8326749,H3D2,18,Monocyte,CCTACCAAGGAGTCTG-1,Monocyte,train
IFNg,3323,3323,10833.0,154.0,1.4215822,H3D2,18,Monocyte,CCTACCACAGGGAGAG-1,Monocyte,train
IFNg,4098,4093,17992.0,390.0,2.16763,H3D2,18,Monocyte,CCTACCACATAACCTG-1,Monocyte,train
IFNg,937,937,1941.0,56.0,2.8851106,H3D2,9,B,CCTACCAGTCGCCATG-1,B,train
IFNg,441,440,633.0,1.0,0.15797788,H3D2,6,NK,CCTACCATCGAATGGG-1,NK,train
IFNg,1032,1032,2249.0,85.0,3.7794576,H3D2,7,CD8 T,CCTACCATCTTCGGTC-1,CD8 T,train
IFNg,962,962,1821.0,58.0,3.1850631,H3D2,2,CD8 T,CCTAGCTAGCCAGGAT-1,CD8 T,train
IFNg,817,817,1387.0,30.0,2.1629415,H3D2,2,CD8 T,CCTAGCTAGGAGTAGA-1,CD8 T,train
IFNg,879,879,1842.0,26.0,1.4115093,H3D2,0,CD4 T,CCTAGCTCACGAAACG-1,CD4 T,train
IFNg,3258,3258,10750.0,152.0,1.4139535,H3D2,18,Monocyte,CCTAGCTGTAACGCGA-1,Monocyte,train
IFNg,800,799,1391.0,32.0,2.3005033,H3D2,2,CD8 T,CCTATTACACCGCTAG-1,CD8 T,train
IFNg,687,686,1113.0,10.0,0.8984726,H3D2,6,NK,CCTATTACAGTCGATT-1,NK,train
IFNg,762,762,1167.0,5.0,0.42844903,H3D2,6,NK,CCTCTGAAGATGCGAC-1,NK,train
IFNg,1195,1195,2653.0,48.0,1.8092725,H3D2,20,CD4 T,CCTCTGACACTGTGTA-1,CD4 T,train
IFNg,1817,1817,4305.0,271.0,6.295006,H3D2,16,NK,CCTCTGACAGCTGTAT-1,NK,train
IFNg,823,823,1611.0,51.0,3.1657357,H3D2,3,CD4 T,CCTCTGACAGTAAGCG-1,CD4 T,train
IFNg,537,537,821.0,16.0,1.948843,H3D2,16,NK,CCTTACGAGATATGCA-1,NK,train
IFNg,1682,1682,4067.0,82.0,2.0162282,H3D2,5,NK,CCTTACGCAACTGCGC-1,NK,train
IFNg,658,658,1125.0,11.0,0.9777778,H3D2,22,NK,CCTTACGCATGGGAAC-1,NK,train
IFNg,2986,2986,8304.0,173.0,2.0833335,H3D2,18,Monocyte,CCTTACGGTGTAACGG-1,Monocyte,train
IFNg,3801,3801,16998.0,271.0,1.5943053,H3D2,18,Monocyte,CCTTCCCAGTGTTGAA-1,Monocyte,train
IFNg,666,666,1101.0,28.0,2.5431426,H3D2,2,CD8 T,CCTTCCCTCTTGCAAG-1,CD8 T,train
IFNg,487,487,702.0,26.0,3.7037036,H3D2,2,CD8 T,CCTTCGAGTAAACGCG-1,CD8 T,train
IFNg,1565,1564,3256.0,57.0,1.7506143,H3D2,7,CD8 T,CCTTTCTCAATAAGCA-1,CD8 T,train
IFNg,996,996,2082.0,22.0,1.0566763,H3D2,0,CD4 T,CCTTTCTGTTAAGTAG-1,CD4 T,train
IFNg,3560,3559,13082.0,201.0,1.5364623,H3D2,18,Monocyte,CCTTTCTTCTTTACGT-1,Monocyte,train
IFNg,794,794,1210.0,10.0,0.82644624,H3D2,6,NK,CGAACATCACCTCGTT-1,NK,train
IFNg,3775,3775,14061.0,264.0,1.8775337,H3D2,18,Monocyte,CGAACATGTAAGGGCT-1,Monocyte,train
IFNg,760,760,1370.0,27.0,1.970803,H3D2,2,CD8 T,CGAACATGTCACCCAG-1,CD8 T,train
IFNg,3431,3430,10786.0,202.0,1.8727981,H3D2,18,Monocyte,CGACCTTAGAATTCCC-1,Monocyte,train
IFNg,895,895,1650.0,66.0,4.0,H3D2,7,CD8 T,CGACCTTAGAGTCTGG-1,CD8 T,train
IFNg,882,882,1429.0,33.0,2.3093073,H3D2,6,NK,CGACCTTAGCATGGCA-1,NK,train
IFNg,786,785,1230.0,36.0,2.9268293,H3D2,6,NK,CGACTTCAGCAGGCTA-1,NK,train
IFNg,3175,3175,12054.0,245.0,2.0325203,H3D2,18,Monocyte,CGACTTCAGCGTTTAC-1,Monocyte,train
IFNg,1267,1266,2392.0,34.0,1.4214047,H3D2,6,NK,CGACTTCCAAAGCGGT-1,NK,train
IFNg,1018,1017,1785.0,47.0,2.6330533,H3D2,6,NK,CGACTTCCAAGAGGCT-1,NK,train
IFNg,874,874,1324.0,33.0,2.4924471,H3D2,6,NK,CGACTTCGTCATGCAT-1,NK,train
IFNg,4014,4014,15091.0,180.0,1.1927639,H3D2,18,Monocyte,CGACTTCGTCCGACGT-1,Monocyte,train
IFNg,2512,2512,5885.0,85.0,1.44435,H3D2,18,Monocyte,CGAGAAGAGCTAGCCC-1,Monocyte,train
IFNg,939,939,1911.0,54.0,2.8257458,H3D2,7,CD8 T,CGAGCACTCCTTTCGG-1,CD8 T,train
IFNg,3994,3994,17285.0,374.0,2.1637256,H3D2,18,Monocyte,CGAGCCAAGGAATTAC-1,Monocyte,train
IFNg,760,760,1171.0,7.0,0.5977797,H3D2,6,NK,CGAGCCACAAGAGTCG-1,NK,train
IFNg,999,999,2076.0,26.0,1.2524085,H3D2,3,CD4 T,CGAGCCATCGGGAGTA-1,CD4 T,train
IFNg,1111,1111,2378.0,60.0,2.5231287,H3D2,0,CD4 T,CGATCGGGTAGAAGGA-1,CD4 T,train
IFNg,1641,1641,3596.0,62.0,1.7241379,H3D2,7,CD8 T,CGATGGCAGGGAAACA-1,CD8 T,train
IFNg,861,861,1775.0,34.0,1.915493,H3D2,17,CD4 T,CGATGGCCACTTGGAT-1,CD4 T,train
IFNg,1494,1494,3025.0,76.0,2.5123966,H3D2,5,NK,CGATGGCGTAGTACCT-1,NK,train
IFNg,497,497,659.0,35.0,5.3110776,H3D2,7,CD8 T,CGATGGCGTGACGGTA-1,CD8 T,train
IFNg,795,795,1443.0,24.0,1.6632017,H3D2,2,CD8 T,CGATGGCTCGTTGCCT-1,CD8 T,train
IFNg,2087,2087,5847.0,58.0,0.9919617,H3D2,18,Monocyte,CGATGTAAGTGTACCT-1,Monocyte,train
IFNg,843,843,1402.0,26.0,1.8544936,H3D2,6,NK,CGATTGAAGACTCGGA-1,NK,train
IFNg,1585,1585,4047.0,50.0,1.235483,H3D2,0,CD4 T,CGATTGAAGGCCCTCA-1,CD4 T,train
IFNg,1114,1114,2130.0,29.0,1.3615023,H3D2,0,CD4 T,CGATTGACAGTACACT-1,CD4 T,train
IFNg,837,837,1575.0,39.0,2.4761903,H3D2,16,NK,CGATTGATCAGTCCCT-1,NK,train
IFNg,555,555,787.0,53.0,6.7344346,H3D2,7,CD8 T,CGATTGATCGCATGAT-1,CD8 T,train
IFNg,948,948,1864.0,22.0,1.1802576,H3D2,9,B,CGATTGATCTCGTTTA-1,B,train
IFNg,1202,1202,2512.0,50.0,1.9904459,H3D2,7,CD8 T,CGCCAAGAGCAGACTG-1,CD8 T,train
IFNg,409,409,575.0,32.0,5.5652175,H3D2,23,CD4 T,CGCCAAGCAATAGCGG-1,CD4 T,train
IFNg,888,887,1825.0,18.0,0.98630136,H3D2,0,CD4 T,CGCCAAGGTGAAAGAG-1,CD4 T,train
IFNg,3031,3031,11011.0,146.0,1.3259468,H3D2,18,Monocyte,CGCCAAGTCCATGAGT-1,Monocyte,train
IFNg,704,703,1005.0,7.0,0.6965174,H3D2,8,CD4 T,CGCGGTAGTCAAAGAT-1,CD4 T,train
IFNg,816,816,1746.0,69.0,3.95189,H3D2,9,B,CGCGTTTAGATGTGTA-1,B,train
IFNg,692,692,1195.0,53.0,4.435147,H3D2,6,NK,CGCGTTTTCCCTCAGT-1,NK,train
IFNg,545,545,783.0,20.0,2.5542784,H3D2,6,NK,CGCTATCAGCAGATCG-1,NK,train
IFNg,3546,3546,15968.0,379.0,2.373497,H3D2,18,Monocyte,CGCTATCAGCGCCTCA-1,Monocyte,train
IFNg,923,923,1677.0,24.0,1.431127,H3D2,2,CD8 T,CGCTATCAGTGCGATG-1,CD8 T,train
IFNg,915,915,1865.0,29.0,1.5549598,H3D2,3,CD4 T,CGCTATCCAGATAATG-1,CD4 T,train
IFNg,1386,1386,2548.0,39.0,1.5306122,H3D2,6,NK,CGCTATCTCAGATAAG-1,NK,train
IFNg,1546,1545,3621.0,81.0,2.236951,H3D2,7,CD8 T,CGCTGGAAGGAGCGTT-1,CD8 T,train
IFNg,3546,3546,11320.0,218.0,1.925795,H3D2,18,Monocyte,CGCTGGAAGGTCGGAT-1,Monocyte,train
IFNg,897,896,1549.0,34.0,2.1949644,H3D2,7,CD8 T,CGCTGGATCTTGACGA-1,CD8 T,train
IFNg,836,836,1539.0,40.0,2.5990903,H3D2,2,CD8 T,CGCTTCAAGACCGGAT-1,CD8 T,train
IFNg,1063,1063,2090.0,41.0,1.9617224,H3D2,16,NK,CGCTTCACACACATGT-1,NK,train
IFNg,476,476,646.0,24.0,3.7151701,H3D2,6,NK,CGCTTCACACTATCTT-1,NK,train
IFNg,780,780,1306.0,44.0,3.3690658,H3D2,6,NK,CGCTTCATCGAGAACG-1,NK,train
IFNg,987,987,2233.0,36.0,1.6121808,H3D2,0,CD4 T,CGGACACAGGTGACCA-1,CD4 T,train
IFNg,1070,1070,2032.0,43.0,2.1161416,H3D2,6,NK,CGGACACTCCCTTGCA-1,NK,train
IFNg,922,922,1700.0,55.0,3.2352943,H3D2,13,NK,CGGACACTCGAGAGCA-1,NK,train
IFNg,935,934,1680.0,75.0,4.464286,H3D2,23,CD4 T,CGGACGTCACTCAGGC-1,CD4 T,train
IFNg,905,905,1570.0,50.0,3.1847134,H3D2,6,NK,CGGACGTTCGCATGGC-1,NK,train
IFNg,1783,1783,4695.0,184.0,3.9190629,H3D2,18,Monocyte,CGGACGTTCTAAGCCA-1,Monocyte,train
IFNg,3889,3889,13938.0,198.0,1.4205768,H3D2,18,Monocyte,CGGACTGTCCGTAGTA-1,Monocyte,train
IFNg,1047,1047,2839.0,82.0,2.888341,H3D2,9,B,CGGAGCTAGAAACCAT-1,B,train
IFNg,728,728,1099.0,24.0,2.1838036,H3D2,6,NK,CGGAGCTAGAGGTTGC-1,NK,train
IFNg,1730,1730,4429.0,74.0,1.6708062,H3D2,18,Monocyte,CGGAGCTAGGGATGGG-1,Monocyte,train
IFNg,3520,3519,13219.0,172.0,1.3011574,H3D2,18,Monocyte,CGGAGCTTCCACGTTC-1,Monocyte,train
IFNg,840,840,1438.0,50.0,3.4770515,H3D2,7,CD8 T,CGGAGTCCACACAGAG-1,CD8 T,train
IFNg,4238,4237,16687.0,265.0,1.5880625,H3D2,18,Monocyte,CGGAGTCCACTTCTGC-1,Monocyte,train
IFNg,1396,1396,2565.0,49.0,1.9103315,H3D2,5,NK,CGGAGTCCATGAAGTA-1,NK,train
IFNg,941,941,1795.0,29.0,1.6155988,H3D2,0,CD4 T,CGGAGTCGTCTTGCGG-1,CD4 T,train
IFNg,3078,3078,12270.0,249.0,2.0293398,H3D2,18,Monocyte,CGGCTAGAGCCACGTC-1,Monocyte,train
IFNg,1453,1453,3443.0,94.0,2.7301772,H3D2,0,CD4 T,CGGCTAGAGCCAGTAG-1,CD4 T,train
IFNg,3588,3588,13134.0,181.0,1.3781025,H3D2,18,Monocyte,CGGCTAGGTCAAACTC-1,Monocyte,train
IFNg,553,552,794.0,41.0,5.163728,H3D2,18,Monocyte,CGGCTAGGTCGAACAG-1,Monocyte,train
IFNg,1019,1018,1811.0,37.0,2.04307,H3D2,2,CD8 T,CGGGTCAGTCTCTCTG-1,CD8 T,train
IFNg,794,794,1450.0,19.0,1.3103448,H3D2,2,CD8 T,CGGGTCATCTGCTGCT-1,CD8 T,train
IFNg,2974,2974,11129.0,149.0,1.3388444,H3D2,18,Monocyte,CGGTTAAAGCACCGCT-1,Monocyte,train
IFNg,1292,1292,2421.0,26.0,1.0739363,H3D2,16,NK,CGGTTAAAGGAGTTGC-1,NK,train
IFNg,889,889,1569.0,38.0,2.4219248,H3D2,2,CD8 T,CGGTTAACAATGTAAG-1,CD8 T,train
IFNg,842,842,1382.0,12.0,0.86830676,H3D2,6,NK,CGGTTAATCATGCTCC-1,NK,train
IFNg,580,580,854.0,22.0,2.5761123,H3D2,6,NK,CGTAGCGTCTTGGGTA-1,NK,train
IFNg,946,945,1915.0,73.0,3.8120105,H3D2,11,CD4 T,CGTAGGCCAGCGAACA-1,CD4 T,train
IFNg,4269,4269,17922.0,262.0,1.4618905,H3D2,18,Monocyte,CGTCACTGTCAAGCGA-1,Monocyte,train
IFNg,2910,2909,9394.0,228.0,2.427081,H3D2,18,Monocyte,CGTCACTGTGTTAAGA-1,Monocyte,train
IFNg,878,878,1482.0,46.0,3.1039135,H3D2,6,NK,CGTCACTGTTCGAATC-1,NK,train
IFNg,881,881,1408.0,42.0,2.9829545,H3D2,6,NK,CGTCAGGCAGTATAAG-1,NK,train
IFNg,3815,3815,13417.0,196.0,1.4608333,H3D2,18,Monocyte,CGTCCATCACCATGTA-1,Monocyte,train
IFNg,715,715,1022.0,31.0,3.033268,H3D2,6,NK,CGTCCATTCTTAACCT-1,NK,train
IFNg,810,809,1533.0,28.0,1.826484,H3D2,0,CD4 T,CGTCTACCATCACCCT-1,CD4 T,train
IFNg,1508,1508,3169.0,65.0,2.0511203,H3D2,5,NK,CGTGAGCTCTTGAGGT-1,NK,train
IFNg,3847,3847,14949.0,262.0,1.7526256,H3D2,18,Monocyte,CGTGTAACAATCTACG-1,Monocyte,train
IFNg,3088,3088,9815.0,148.0,1.5078961,H3D2,18,Monocyte,CGTGTAAGTATATCCG-1,Monocyte,train
IFNg,686,686,1141.0,40.0,3.5056968,H3D2,7,CD8 T,CGTGTAATCAGATAAG-1,CD8 T,train
IFNg,788,788,1351.0,29.0,2.146558,H3D2,16,NK,CGTGTCTAGCACCGCT-1,NK,train
IFNg,820,820,1421.0,45.0,3.166784,H3D2,7,CD8 T,CGTGTCTAGCGCTTAT-1,CD8 T,train
IFNg,2286,2285,6416.0,91.0,1.4183292,H3D2,18,Monocyte,CGTGTCTCAGCTATTG-1,Monocyte,train
IFNg,3036,3036,11204.0,146.0,1.303106,H3D2,18,Monocyte,CGTGTCTTCTTGCCGT-1,Monocyte,train
IFNg,1038,1038,1846.0,45.0,2.4377031,H3D2,27,NK,CGTGTCTTCTTTACGT-1,NK,train
IFNg,893,893,1436.0,27.0,1.8802229,H3D2,22,NK,CGTTAGACACGAGGTA-1,NK,train
IFNg,1017,1017,2188.0,21.0,0.95978063,H3D2,0,CD4 T,CGTTCTGAGAGGTAGA-1,CD4 T,train
IFNg,815,815,1438.0,40.0,2.781641,H3D2,6,NK,CGTTCTGCAGTATGCT-1,NK,train
IFNg,4162,4162,17548.0,256.0,1.4588557,H3D2,18,Monocyte,CGTTCTGTCTGCTGTC-1,Monocyte,train
IFNg,3561,3560,14717.0,225.0,1.5288442,H3D2,18,Monocyte,CGTTGGGCACGTTGGC-1,Monocyte,train
IFNg,670,670,1279.0,37.0,2.892885,H3D2,9,B,CGTTGGGTCGTAGATC-1,B,train
IFNg,1017,1017,2644.0,75.0,2.836611,H3D2,0,CD4 T,CTAACTTAGACAGAGA-1,CD4 T,train
IFNg,938,938,1692.0,32.0,1.891253,H3D2,2,CD8 T,CTAACTTTCTGACCTC-1,CD8 T,train
IFNg,1155,1155,2512.0,99.0,3.941083,H3D2,9,B,CTAAGACAGTCATGCT-1,B,train
IFNg,952,952,2036.0,29.0,1.4243615,H3D2,0,CD4 T,CTAATGGAGACTTTCG-1,CD4 T,train
IFNg,773,773,1259.0,20.0,1.5885624,H3D2,27,NK,CTAATGGAGGATCGCA-1,NK,train
IFNg,1007,1007,1977.0,35.0,1.770359,H3D2,2,CD8 T,CTAATGGAGTACGCGA-1,CD8 T,train
IFNg,1120,1120,2173.0,45.0,2.0708697,H3D2,2,CD8 T,CTAATGGCAATAGCAA-1,CD8 T,train
IFNg,915,915,1641.0,37.0,2.2547226,H3D2,7,CD8 T,CTAATGGCAATGCCAT-1,CD8 T,train
IFNg,1264,1264,2745.0,30.0,1.0928961,H3D2,0,CD4 T,CTAATGGTCTCCAGGG-1,CD4 T,train
IFNg,1099,1099,2137.0,63.0,2.9480581,H3D2,0,CD4 T,CTAATGGTCTGGTTCC-1,CD4 T,train
IFNg,1086,1086,2083.0,52.0,2.4963994,H3D2,2,CD8 T,CTACACCGTCCGCTGA-1,CD8 T,train
IFNg,1562,1561,3395.0,73.0,2.1502209,H3D2,18,Monocyte,CTACATTCACATGGGA-1,Monocyte,train
IFNg,621,621,1055.0,22.0,2.085308,H3D2,2,CD8 T,CTACATTTCCTCGCAT-1,CD8 T,train
IFNg,1847,1846,4880.0,142.0,2.909836,H3D2,9,B,CTACATTTCTGCGGCA-1,B,train
IFNg,3593,3592,15267.0,273.0,1.7881706,H3D2,18,Monocyte,CTACCCAAGGAGTCTG-1,Monocyte,train
IFNg,588,588,848.0,5.0,0.5896227,H3D2,0,CD4 T,CTACCCACAGGGTACA-1,CD4 T,train
IFNg,4469,4469,19974.0,372.0,1.862421,H3D2,18,Monocyte,CTACCCAGTCTCCCTA-1,Monocyte,train
IFNg,1637,1637,3923.0,117.0,2.9824114,H3D2,21,CD4 T,CTACCCATCAGGTTCA-1,CD4 T,train
IFNg,795,795,1187.0,24.0,2.021904,H3D2,6,NK,CTACGTCTCAGTACGT-1,NK,train
IFNg,764,764,1216.0,59.0,4.851974,H3D2,6,NK,CTACGTCTCTTTAGTC-1,NK,train
IFNg,1171,1171,2568.0,119.0,4.6339564,H3D2,9,B,CTAGAGTCACCAGTTA-1,B,train
IFNg,2200,2200,6904.0,65.0,0.9414832,H3D2,9,B,CTAGAGTCACTTCTGC-1,B,train
IFNg,1251,1251,2361.0,103.0,4.3625584,H3D2,6,NK,CTAGAGTGTAGGGTAC-1,NK,train
IFNg,749,749,1197.0,51.0,4.2606516,H3D2,6,NK,CTAGCCTCATGAACCT-1,NK,train
IFNg,844,844,1384.0,31.0,2.2398844,H3D2,6,NK,CTAGCCTGTAGGCATG-1,NK,train
IFNg,960,960,1732.0,40.0,2.3094687,H3D2,17,CD4 T,CTAGTGAAGCGTAATA-1,CD4 T,train
IFNg,946,946,1471.0,67.0,4.5547247,H3D2,5,NK,CTAGTGATCCACGAAT-1,NK,train
IFNg,686,686,1015.0,39.0,3.8423645,H3D2,19,CD4 T,CTCACACGTGTGAATA-1,CD4 T,train
IFNg,925,925,1747.0,69.0,3.949628,H3D2,2,CD8 T,CTCAGAATCTGGGCCA-1,CD8 T,train
IFNg,801,801,1395.0,40.0,2.8673835,H3D2,0,CD4 T,CTCATTAAGGGTCGAT-1,CD4 T,train
IFNg,631,631,987.0,36.0,3.6474164,H3D2,6,NK,CTCATTATCTTTAGGG-1,NK,train
IFNg,980,980,2123.0,48.0,2.2609515,H3D2,0,CD4 T,CTCCTAGCACATGGGA-1,CD4 T,train
IFNg,897,897,1564.0,23.0,1.4705882,H3D2,2,CD8 T,CTCCTAGGTAGGCTGA-1,CD8 T,train
IFNg,735,735,1217.0,43.0,3.5332785,H3D2,27,NK,CTCCTAGTCGACGGAA-1,NK,train
IFNg,3887,3886,15250.0,260.0,1.704918,H3D2,18,Monocyte,CTCGAAAGTCGTGGCT-1,Monocyte,train
IFNg,908,908,1482.0,29.0,1.9568151,H3D2,6,NK,CTCGAAATCCGCAGTG-1,NK,train
IFNg,2254,2254,5306.0,100.0,1.8846588,H3D2,12,Monocyte,CTCGAGGCAAAGTCAA-1,Monocyte,train
IFNg,1843,1843,4455.0,127.0,2.8507297,H3D2,9,B,CTCGAGGCAAGTTCTG-1,B,train
IFNg,715,715,1222.0,48.0,3.927987,H3D2,6,NK,CTCGAGGCACAGAGGT-1,NK,train
IFNg,1133,1133,2710.0,99.0,3.6531367,H3D2,0,CD4 T,CTCGGAGGTAGCGTAG-1,CD4 T,train
IFNg,3692,3692,12289.0,154.0,1.2531532,H3D2,18,Monocyte,CTCGGAGGTCCGAATT-1,Monocyte,train
IFNg,851,851,1608.0,50.0,3.1094527,H3D2,0,CD4 T,CTCGGAGTCGTACGGC-1,CD4 T,train
IFNg,1113,1113,2731.0,55.0,2.0139143,H3D2,9,B,CTCGGAGTCTCGGACG-1,B,train
IFNg,760,760,1260.0,71.0,5.6349206,H3D2,8,CD4 T,CTCGGAGTCTGGAGCC-1,CD4 T,train
IFNg,767,767,1515.0,59.0,3.8943894,H3D2,9,B,CTCGGGAAGGATGGTC-1,B,train
IFNg,948,948,1658.0,13.0,0.7840772,H3D2,6,NK,CTCGGGACAAGCGAGT-1,NK,train
IFNg,1020,1020,2134.0,71.0,3.3270855,H3D2,3,CD4 T,CTCGTACTCAGTACGT-1,CD4 T,train
IFNg,4057,4057,15245.0,211.0,1.3840604,H3D2,18,Monocyte,CTCGTCAAGGAATCGC-1,Monocyte,train
IFNg,1149,1148,2203.0,107.0,4.857013,H3D2,22,NK,CTCGTCACAATCGGTT-1,NK,train
IFNg,4495,4495,17969.0,287.0,1.5971951,H3D2,18,Monocyte,CTCGTCAGTGTAAGTA-1,Monocyte,train
IFNg,1157,1157,2332.0,49.0,2.1012006,H3D2,6,NK,CTCGTCATCTCGTTTA-1,NK,train
IFNg,751,749,1176.0,43.0,3.6564627,H3D2,6,NK,CTCGTCATCTTGAGGT-1,NK,train
IFNg,751,751,1286.0,38.0,2.954899,H3D2,6,NK,CTCTAATAGCCCTAAT-1,NK,train
IFNg,1461,1459,3449.0,94.0,2.7254276,H3D2,9,B,CTCTAATGTGCAACGA-1,B,train
IFNg,940,940,1847.0,35.0,1.8949648,H3D2,0,CD4 T,CTCTAATTCAAACGGG-1,CD4 T,train
IFNg,691,691,1195.0,36.0,3.0125523,H3D2,6,NK,CTCTAATTCGGCATCG-1,NK,train
IFNg,822,821,1257.0,37.0,2.9435163,H3D2,6,NK,CTCTACGCAGTCAGCC-1,NK,train
IFNg,3029,3029,9844.0,150.0,1.5237708,H3D2,18,Monocyte,CTCTACGCATAGGATA-1,Monocyte,train
IFNg,3409,3408,11002.0,139.0,1.2634066,H3D2,18,Monocyte,CTCTACGTCTAACTCT-1,Monocyte,train
IFNg,791,791,1305.0,20.0,1.532567,H3D2,2,CD8 T,CTCTACGTCTGTGCAA-1,CD8 T,train
IFNg,886,886,1544.0,46.0,2.9792747,H3D2,13,NK,CTCTGGTAGTGAATTG-1,NK,train
IFNg,1753,1753,3993.0,118.0,2.9551716,H3D2,19,CD4 T,CTCTGGTGTGGTAACG-1,CD4 T,train
IFNg,683,683,1189.0,33.0,2.7754414,H3D2,18,Monocyte,CTGAAGTTCCTAGGGC-1,Monocyte,train
IFNg,4348,4348,19694.0,239.0,1.2135676,H3D2,18,Monocyte,CTGATAGTCGAGAACG-1,Monocyte,train
IFNg,833,833,1538.0,17.0,1.1053317,H3D2,6,NK,CTGCCTAAGAGGTTGC-1,NK,train
IFNg,874,874,1467.0,38.0,2.5903203,H3D2,2,CD8 T,CTGCCTACACGGTGTC-1,CD8 T,train
IFNg,977,977,1910.0,64.0,3.3507853,H3D2,2,CD8 T,CTGCCTAGTTAGAACA-1,CD8 T,train
IFNg,1383,1383,2858.0,73.0,2.5542338,H3D2,6,NK,CTGCCTATCTATCCCG-1,NK,train
IFNg,2107,2106,5580.0,103.0,1.8458781,H3D2,18,Monocyte,CTGCGGAAGCGTAATA-1,Monocyte,train
IFNg,1102,1102,2187.0,42.0,1.9204389,H3D2,7,CD8 T,CTGCGGACAGACAAGC-1,CD8 T,train
IFNg,840,840,1431.0,30.0,2.096436,H3D2,6,NK,CTGCGGATCTTTAGTC-1,NK,train
IFNg,1032,1032,2110.0,48.0,2.2748816,H3D2,9,B,CTGCTGTAGGGAAACA-1,B,train
IFNg,1195,1195,2878.0,67.0,2.3280056,H3D2,20,CD4 T,CTGCTGTAGTGAACGC-1,CD4 T,train
IFNg,1283,1283,3144.0,73.0,2.321883,H3D2,0,CD4 T,CTGCTGTCACGTCTCT-1,CD4 T,train
IFNg,967,967,1663.0,22.0,1.3229104,H3D2,21,CD4 T,CTGGTCTAGGACGAAA-1,CD4 T,train
IFNg,3702,3700,12683.0,304.0,2.3969092,H3D2,18,Monocyte,CTGGTCTGTCTTGATG-1,Monocyte,train
IFNg,4336,4336,17336.0,321.0,1.8516382,H3D2,18,Monocyte,CTGGTCTTCACATAGC-1,Monocyte,train
IFNg,707,707,1035.0,29.0,2.8019323,H3D2,6,NK,CTGGTCTTCTTGCCGT-1,NK,train
IFNg,830,830,1295.0,45.0,3.4749036,H3D2,6,NK,CTGTGCTGTCACACGC-1,NK,train
IFNg,1030,1030,2038.0,41.0,2.0117764,H3D2,9,B,CTGTGCTGTCACTGGC-1,B,train
IFNg,3411,3411,13060.0,292.0,2.2358346,H3D2,18,Monocyte,CTGTTTAAGTGGTAAT-1,Monocyte,train
IFNg,3738,3738,13331.0,270.0,2.0253544,H3D2,18,Monocyte,CTGTTTACAGCTCGAC-1,Monocyte,train
IFNg,884,884,1736.0,39.0,2.246544,H3D2,3,CD4 T,CTGTTTAGTCATACTG-1,CD4 T,train
IFNg,941,940,1704.0,84.0,4.9295774,H3D2,7,CD8 T,CTGTTTAGTCATGCCG-1,CD8 T,train
IFNg,3691,3691,13650.0,191.0,1.3992673,H3D2,18,Monocyte,CTTACCGAGTAATCCC-1,Monocyte,train
IFNg,896,896,1686.0,64.0,3.7959669,H3D2,6,NK,CTTACCGCAGTCTTCC-1,NK,train
IFNg,2009,2008,5052.0,116.0,2.2961204,H3D2,22,NK,CTTACCGCATGTTCCC-1,NK,train
IFNg,811,811,1422.0,55.0,3.867792,H3D2,7,CD8 T,CTTACCGGTCATTAGC-1,CD8 T,train
IFNg,1444,1444,3304.0,101.0,3.0569007,H3D2,9,B,CTTACCGGTGTAATGA-1,B,train
IFNg,804,804,1403.0,17.0,1.2116892,H3D2,0,CD4 T,CTTACCGTCGGTGTCG-1,CD4 T,train
IFNg,3180,3180,11722.0,321.0,2.7384405,H3D2,18,Monocyte,CTTAGGACAAAGCAAT-1,Monocyte,train
IFNg,1342,1342,2586.0,70.0,2.7068832,H3D2,2,CD8 T,CTTAGGACAAATACAG-1,CD8 T,train
IFNg,1159,1158,2199.0,37.0,1.6825831,H3D2,2,CD8 T,CTTAGGACATAGACTC-1,CD8 T,train
IFNg,1444,1444,2825.0,71.0,2.5132744,H3D2,5,NK,CTTAGGAGTCAGAATA-1,NK,train
IFNg,3834,3832,13953.0,223.0,1.5982225,H3D2,18,Monocyte,CTTCTCTGTAGGGACT-1,Monocyte,train
IFNg,950,950,1920.0,38.0,1.9791666,H3D2,7,CD8 T,CTTCTCTTCGGCCGAT-1,CD8 T,train
IFNg,3693,3693,14419.0,246.0,1.7060822,H3D2,18,Monocyte,CTTGGCTGTGTCTGAT-1,Monocyte,train
IFNg,402,402,530.0,37.0,6.981132,H3D2,23,CD4 T,CTTTGCGAGGCAAAGA-1,CD4 T,train
IFNg,819,819,1349.0,30.0,2.2238696,H3D2,2,CD8 T,CTTTGCGCACTTAAGC-1,CD8 T,train
IFNg,2183,2183,5459.0,110.0,2.015021,H3D2,18,Monocyte,CTTTGCGGTGAAAGAG-1,Monocyte,train
IFNg,927,927,1710.0,21.0,1.2280701,H3D2,5,NK,GAAACTCAGGTCATCT-1,NK,train
IFNg,3501,3499,12916.0,251.0,1.9433262,H3D2,18,Monocyte,GAAACTCAGGTGGGTT-1,Monocyte,train
IFNg,2997,2997,9102.0,253.0,2.779609,H3D2,12,Monocyte,GAAACTCAGTCGCCGT-1,Monocyte,train
IFNg,792,792,1132.0,20.0,1.7667844,H3D2,6,NK,GAAACTCCATCGGAAG-1,NK,train
IFNg,2947,2946,9885.0,146.0,1.4769853,H3D2,18,Monocyte,GAAACTCGTCGCTTCT-1,Monocyte,train
IFNg,678,678,1073.0,39.0,3.6346693,H3D2,6,NK,GAAACTCTCCTCGCAT-1,NK,train
IFNg,2123,2123,5356.0,151.0,2.819268,H3D2,8,CD4 T,GAAATGACAGCTGTGC-1,CD4 T,train
IFNg,1414,1414,2876.0,90.0,3.1293464,H3D2,5,NK,GAAATGACATCTCGCT-1,NK,train
IFNg,453,453,624.0,11.0,1.7628206,H3D2,6,NK,GAAATGAGTAGCCTAT-1,NK,train
IFNg,788,787,1494.0,34.0,2.2757697,H3D2,2,CD8 T,GAAATGATCACCCGAG-1,CD8 T,train
IFNg,1127,1127,2452.0,58.0,2.3654158,H3D2,0,CD4 T,GAACATCGTTCACCTC-1,CD4 T,train
IFNg,620,620,1027.0,22.0,2.1421616,H3D2,6,NK,GAACATCGTTCTGTTT-1,NK,train
IFNg,888,888,2017.0,46.0,2.2806146,H3D2,0,CD4 T,GAACATCTCAGTCAGT-1,CD4 T,train
IFNg,1157,1157,2606.0,64.0,2.455871,H3D2,0,CD4 T,GAACATCTCCTTTCTC-1,CD4 T,train
IFNg,1602,1602,3627.0,68.0,1.8748276,H3D2,0,CD4 T,GAACATCTCTGCAGTA-1,CD4 T,train
IFNg,3419,3417,12121.0,144.0,1.1880208,H3D2,18,Monocyte,GAACCTAAGATCTGCT-1,Monocyte,train
IFNg,897,897,1559.0,23.0,1.4753046,H3D2,2,CD8 T,GAACCTAAGGGAGTAA-1,CD8 T,train
IFNg,1051,1051,2216.0,98.0,4.422383,H3D2,3,CD4 T,GAACCTAAGTGGTCCC-1,CD4 T,train
IFNg,958,958,1763.0,52.0,2.9495177,H3D2,6,NK,GAACCTACACTAAGTC-1,NK,train
IFNg,1534,1534,3239.0,104.0,3.2108676,H3D2,3,CD4 T,GAACCTATCGTAGGAG-1,CD4 T,train
IFNg,965,965,1924.0,46.0,2.3908525,H3D2,2,CD8 T,GAACCTATCTCAAGTG-1,CD8 T,train
IFNg,929,929,1660.0,18.0,1.0843374,H3D2,16,NK,GAAGCAGTCGGCTACG-1,NK,train
IFNg,955,954,1749.0,63.0,3.6020584,H3D2,27,NK,GAATAAGCACCTGGTG-1,NK,train
IFNg,1110,1110,1985.0,94.0,4.7355165,H3D2,16,NK,GAATGAATCACATACG-1,NK,train
IFNg,3057,3056,12340.0,436.0,3.533225,H3D2,18,Monocyte,GACACGCAGCAGACTG-1,Monocyte,train
IFNg,2791,2791,9183.0,309.0,3.3649135,H3D2,18,Monocyte,GACACGCCACAACTGT-1,Monocyte,train
IFNg,1600,1600,3116.0,74.0,2.3748395,H3D2,18,Monocyte,GACACGCCAGCATACT-1,Monocyte,train
IFNg,841,841,1588.0,33.0,2.0780857,H3D2,2,CD8 T,GACACGCTCCACGACG-1,CD8 T,train
IFNg,915,915,1565.0,25.0,1.5974442,H3D2,6,NK,GACAGAGAGGATATAC-1,NK,train
IFNg,962,962,2177.0,58.0,2.6642168,H3D2,9,B,GACAGAGCACCATCCT-1,B,train
IFNg,1302,1302,3133.0,66.0,2.1066072,H3D2,0,CD4 T,GACAGAGGTCATGCCG-1,CD4 T,train
IFNg,1218,1218,3222.0,54.0,1.6759777,H3D2,0,CD4 T,GACAGAGTCACGATGT-1,CD4 T,train
IFNg,839,839,1711.0,18.0,1.0520164,H3D2,0,CD4 T,GACAGAGTCAGAGGTG-1,CD4 T,train
IFNg,1586,1586,3638.0,76.0,2.0890598,H3D2,9,B,GACCAATCACGGATAG-1,B,train
IFNg,1230,1230,2707.0,35.0,1.2929442,H3D2,2,CD8 T,GACCAATCATACGCCG-1,CD8 T,train
IFNg,3833,3833,16429.0,230.0,1.3999635,H3D2,18,Monocyte,GACCAATGTGAAATCA-1,Monocyte,train
IFNg,951,951,1745.0,21.0,1.2034384,H3D2,6,NK,GACCAATTCGTCTGAA-1,NK,train
IFNg,655,655,910.0,16.0,1.7582419,H3D2,6,NK,GACCAATTCTCCGGTT-1,NK,train
IFNg,982,982,1970.0,21.0,1.0659899,H3D2,0,CD4 T,GACCTGGGTAATCGTC-1,CD4 T,train
IFNg,1242,1242,2624.0,90.0,3.4298782,H3D2,2,CD8 T,GACGGCTAGCCAGAAC-1,CD8 T,train
IFNg,1146,1146,2590.0,87.0,3.3590734,H3D2,0,CD4 T,GACGGCTAGGCGTACA-1,CD4 T,train
IFNg,1237,1237,2869.0,51.0,1.7776228,H3D2,7,CD8 T,GACGGCTCACAACGTT-1,CD8 T,train
IFNg,986,985,2026.0,47.0,2.319842,H3D2,0,CD4 T,GACGGCTCACTGAAGG-1,CD4 T,train
IFNg,735,735,1293.0,28.0,2.1655066,H3D2,2,CD8 T,GACGGCTTCATCTGCC-1,CD8 T,train
IFNg,749,749,1244.0,55.0,4.4212217,H3D2,6,NK,GACGGCTTCTCTGCTG-1,NK,train
IFNg,1393,1391,2435.0,68.0,2.7926078,H3D2,6,NK,GACGTGCAGAATTGTG-1,NK,train
IFNg,1353,1353,2866.0,72.0,2.512212,H3D2,5,NK,GACGTGCAGGCAGGTT-1,NK,train
IFNg,940,940,1606.0,36.0,2.241594,H3D2,5,NK,GACGTGCCATGCCTAA-1,NK,train
IFNg,599,599,981.0,25.0,2.54842,H3D2,6,NK,GACGTTAAGCGTGTCC-1,NK,train
IFNg,710,710,1165.0,33.0,2.832618,H3D2,6,NK,GACGTTAAGTTAGCGG-1,NK,train
IFNg,905,905,1482.0,22.0,1.4844804,H3D2,2,CD8 T,GACGTTACAGTCGTGC-1,CD8 T,train
IFNg,1845,1845,4996.0,172.0,3.4427543,H3D2,8,CD4 T,GACTACAAGGCTATCT-1,CD4 T,train
IFNg,1195,1194,2628.0,83.0,3.1582952,H3D2,0,CD4 T,GACTACAAGTGGGTTG-1,CD4 T,train
IFNg,1047,1047,2191.0,33.0,1.5061616,H3D2,0,CD4 T,GACTACAGTGCACGAA-1,CD4 T,train
IFNg,551,551,889.0,21.0,2.3622048,H3D2,9,B,GACTGCGAGGTGATTA-1,B,train
IFNg,864,864,1293.0,32.0,2.4748645,H3D2,6,NK,GACTGCGGTGCAACTT-1,NK,train
IFNg,3842,3842,13491.0,181.0,1.3416352,H3D2,18,Monocyte,GACTGCGTCCGTCATC-1,Monocyte,train
IFNg,1738,1738,3562.0,77.0,2.161707,H3D2,6,NK,GACTGCGTCTACTCAT-1,NK,train
IFNg,821,821,1320.0,26.0,1.969697,H3D2,6,NK,GAGCAGAAGGTAGCTG-1,NK,train
IFNg,973,973,1937.0,50.0,2.5813115,H3D2,3,CD4 T,GAGGTGAAGTGACATA-1,CD4 T,train
IFNg,1294,1294,2592.0,70.0,2.7006173,H3D2,6,NK,GAGTCCGTCGCTGATA-1,NK,train
IFNg,3476,3476,10582.0,173.0,1.6348517,H3D2,18,Monocyte,GATCAGTCAGGCAGTA-1,Monocyte,train
IFNg,891,891,1718.0,47.0,2.7357392,H3D2,9,B,GATCGATAGGAGTCTG-1,B,train
IFNg,1429,1429,3645.0,82.0,2.249657,H3D2,18,Monocyte,GATCGATCATCCTTGC-1,Monocyte,train
IFNg,1159,1159,2576.0,108.0,4.192547,H3D2,3,CD4 T,GATCGATGTGGTAACG-1,CD4 T,train
IFNg,4040,4040,15338.0,37.0,0.24123093,H3D2,18,Monocyte,GATCGCGCAATTGCTG-1,Monocyte,train
IFNg,3809,3808,13678.0,190.0,1.389092,H3D2,18,Monocyte,GATCGTAAGACAGGCT-1,Monocyte,train
IFNg,3766,3766,11828.0,211.0,1.7839025,H3D2,18,Monocyte,GATCGTAAGTCAATAG-1,Monocyte,train
IFNg,1252,1252,3388.0,98.0,2.892562,H3D2,9,B,GATCGTACATGCAACT-1,B,train
IFNg,1189,1189,2702.0,110.0,4.0710583,H3D2,9,B,GATCGTAGTATTAGCC-1,B,train
IFNg,1028,1028,1892.0,14.0,0.7399577,H3D2,2,CD8 T,GATCGTATCGAATCCA-1,CD8 T,train
IFNg,739,739,1294.0,52.0,4.018547,H3D2,6,NK,GATCTAGAGGACTGGT-1,NK,train
IFNg,804,804,1457.0,49.0,3.3630748,H3D2,6,NK,GATCTAGCAGCCTATA-1,NK,train
IFNg,1844,1844,4137.0,99.0,2.3930383,H3D2,18,Monocyte,GATCTAGCATGGTCTA-1,Monocyte,train
IFNg,834,834,1321.0,33.0,2.4981074,H3D2,6,NK,GATGAAACAGGATCGA-1,NK,train
IFNg,2203,2203,5604.0,77.0,1.3740185,H3D2,18,Monocyte,GATGAAATCGTGGACC-1,Monocyte,train
IFNg,828,828,1394.0,29.0,2.0803444,H3D2,6,NK,GATGAGGCACCAACCG-1,NK,train
IFNg,1460,1460,2829.0,141.0,4.9840937,H3D2,10,Monocyte,GATGAGGCATCATCCC-1,Monocyte,train
IFNg,1180,1180,2999.0,52.0,1.7339113,H3D2,0,CD4 T,GATGAGGGTCTGATCA-1,CD4 T,train
IFNg,1171,1171,2446.0,123.0,5.0286183,H3D2,2,CD8 T,GATGCTAAGCGGCTTC-1,CD8 T,train
IFNg,3279,3279,11683.0,232.0,1.9857913,H3D2,18,Monocyte,GATGCTACAGTGGGAT-1,Monocyte,train
IFNg,1295,1295,3060.0,42.0,1.372549,H3D2,0,CD4 T,GATGCTATCTATGTGG-1,CD4 T,train
IFNg,3697,3697,12756.0,153.0,1.1994356,H3D2,18,Monocyte,GATTCAGAGTGCGATG-1,Monocyte,train
IFNg,858,858,1856.0,27.0,1.4547414,H3D2,0,CD4 T,GCAAACTAGACGCTTT-1,CD4 T,train
IFNg,1164,1164,2457.0,62.0,2.5234025,H3D2,7,CD8 T,GCAAACTCACCTATCC-1,CD8 T,train
IFNg,2253,2253,5968.0,237.0,3.9711795,H3D2,8,CD4 T,GCAAACTTCCTCTAGC-1,CD4 T,train
IFNg,747,747,1154.0,28.0,2.4263432,H3D2,6,NK,GCAATCAAGGAGTACC-1,NK,train
IFNg,941,941,1622.0,48.0,2.9593096,H3D2,7,CD8 T,GCACATAAGATAGGAG-1,CD8 T,train
IFNg,2977,2976,8710.0,229.0,2.6291618,H3D2,12,Monocyte,GCACATATCAGGTAAA-1,Monocyte,train
IFNg,511,511,695.0,19.0,2.733813,H3D2,6,NK,GCACTCTAGAGCAATT-1,NK,train
IFNg,934,934,1546.0,54.0,3.4928846,H3D2,2,CD8 T,GCACTCTCAGATGAGC-1,CD8 T,train
IFNg,2280,2279,5644.0,138.0,2.4450743,H3D2,12,Monocyte,GCACTCTTCGTACCGG-1,Monocyte,train
IFNg,1298,1298,2617.0,29.0,1.1081392,H3D2,5,NK,GCAGCCAAGCTGAAAT-1,NK,train
IFNg,891,891,1440.0,14.0,0.97222227,H3D2,6,NK,GCAGTTAAGCCAGTAG-1,NK,train
IFNg,918,918,1615.0,37.0,2.2910216,H3D2,27,NK,GCAGTTAAGCGTCAAG-1,NK,train
IFNg,2276,2274,4861.0,245.0,5.0401154,H3D2,18,Monocyte,GCAGTTAAGTCATGCT-1,Monocyte,train
IFNg,706,706,1152.0,13.0,1.1284722,H3D2,2,CD8 T,GCAGTTATCGTTGCCT-1,CD8 T,train
IFNg,972,972,1783.0,35.0,1.9629838,H3D2,7,CD8 T,GCATACAAGACCACGA-1,CD8 T,train
IFNg,3835,3835,14522.0,47.0,0.3236469,H3D2,18,Monocyte,GCATACAAGGCGACAT-1,Monocyte,train
IFNg,704,704,1151.0,41.0,3.56212,H3D2,6,NK,GCATACAAGTAGCCGA-1,NK,train
IFNg,945,944,1810.0,53.0,2.9281766,H3D2,22,NK,GCATACACACCAGATT-1,NK,train
IFNg,1197,1197,2401.0,31.0,1.2911288,H3D2,2,CD8 T,GCATACACAGTCTTCC-1,CD8 T,train
IFNg,966,966,2112.0,55.0,2.6041665,H3D2,0,CD4 T,GCATACAGTGTGGTTT-1,CD4 T,train
IFNg,865,865,1748.0,57.0,3.2608695,H3D2,9,B,GCATGATCACTTCTGC-1,B,train
IFNg,1196,1196,2579.0,92.0,3.5672743,H3D2,9,B,GCATGATCATAGGATA-1,B,train
IFNg,1082,1082,2112.0,32.0,1.5151515,H3D2,0,CD4 T,GCATGATTCACATACG-1,CD4 T,train
IFNg,965,965,1650.0,43.0,2.6060605,H3D2,22,NK,GCATGCGAGCTATGCT-1,NK,train
IFNg,750,750,1171.0,11.0,0.93936807,H3D2,6,NK,GCATGCGCAAGAAGAG-1,NK,train
IFNg,1161,1160,2400.0,48.0,2.0,H3D2,0,CD4 T,GCATGCGCAGTATCTG-1,CD4 T,train
IFNg,2859,2859,9236.0,123.0,1.3317454,H3D2,18,Monocyte,GCATGCGGTGCAGTAG-1,Monocyte,train
IFNg,536,536,729.0,44.0,6.0356655,H3D2,6,NK,GCATGCGGTTCACGGC-1,NK,train
IFNg,3853,3853,14291.0,254.0,1.7773423,H3D2,18,Monocyte,GCATGCGTCTGCGGCA-1,Monocyte,train
IFNg,2695,2694,7653.0,104.0,1.3589442,H3D2,18,Monocyte,GCCAAATAGCGACGTA-1,Monocyte,train
IFNg,1155,1155,2499.0,60.0,2.4009604,H3D2,16,NK,GCCAAATCACCAGGCT-1,NK,train
IFNg,1096,1095,1916.0,31.0,1.6179541,H3D2,16,NK,GCCAAATCACCCAGTG-1,NK,train
IFNg,1361,1361,2443.0,51.0,2.0875971,H3D2,6,NK,GCCAAATTCAGGTAAA-1,NK,train
IFNg,1082,1082,2027.0,56.0,2.7627034,H3D2,7,CD8 T,GCCTCTAAGAAGGGTA-1,CD8 T,train
IFNg,3540,3540,12816.0,171.0,1.3342696,H3D2,18,Monocyte,GCGACCAAGACTACAA-1,Monocyte,train
IFNg,975,975,2050.0,66.0,3.219512,H3D2,0,CD4 T,GCGACCAAGTTCGATC-1,CD4 T,train
IFNg,3219,3218,10748.0,172.0,1.6002977,H3D2,12,Monocyte,GCGACCACATTCGACA-1,Monocyte,train
IFNg,714,714,1310.0,54.0,4.122137,H3D2,2,CD8 T,GCGACCAGTTACCGAT-1,CD8 T,train
IFNg,1113,1113,2519.0,54.0,2.1437078,H3D2,3,CD4 T,GCGAGAACATGGTCTA-1,CD4 T,train
IFNg,4174,4172,16879.0,211.0,1.250074,H3D2,18,Monocyte,GCGAGAATCGCAAGCC-1,Monocyte,train
IFNg,763,763,1370.0,15.0,1.0948905,H3D2,7,CD8 T,GCGCAACCAAGACACG-1,CD8 T,train
IFNg,4341,4340,22301.0,121.0,0.54257655,H3D2,18,Monocyte,GCGCAACGTGTCCTCT-1,Monocyte,train
IFNg,845,845,1262.0,25.0,1.9809825,H3D2,6,NK,GCGCAACGTTCCTCCA-1,NK,train
IFNg,921,921,1883.0,30.0,1.5932024,H3D2,9,B,GCGCAGTAGAGGGCTT-1,B,train
IFNg,1196,1196,2312.0,42.0,1.8166089,H3D2,18,Monocyte,GCGCAGTGTCAACATC-1,Monocyte,train
IFNg,942,942,1795.0,28.0,1.5598886,H3D2,0,CD4 T,GCGCAGTGTCACCCAG-1,CD4 T,train
IFNg,2407,2407,6531.0,118.0,1.8067677,H3D2,18,Monocyte,GCGCCAAAGTTGAGAT-1,Monocyte,train
IFNg,2026,2026,5263.0,87.0,1.6530495,H3D2,18,Monocyte,GCGCCAATCCTAAGTG-1,Monocyte,train
IFNg,1010,1010,2035.0,46.0,2.2604423,H3D2,7,CD8 T,GCGCGATAGCCAGAAC-1,CD8 T,train
IFNg,1134,1134,2384.0,28.0,1.1744967,H3D2,7,CD8 T,GCGCGATAGCGTCAAG-1,CD8 T,train
IFNg,1145,1145,2304.0,72.0,3.125,H3D2,7,CD8 T,GCGGGTTAGAAACGAG-1,CD8 T,train
IFNg,3429,3429,12778.0,314.0,2.4573486,H3D2,18,Monocyte,GCGGGTTAGCTAGGCA-1,Monocyte,train
IFNg,1232,1232,2720.0,50.0,1.8382354,H3D2,5,NK,GCGGGTTTCTGATTCT-1,NK,train
IFNg,4073,4072,16299.0,328.0,2.0123935,H3D2,18,Monocyte,GCTCCTAGTCTCTTTA-1,Monocyte,train
IFNg,891,891,1656.0,38.0,2.294686,H3D2,2,CD8 T,GCTCCTAGTTTCCACC-1,CD8 T,train
IFNg,1785,1785,4019.0,99.0,2.4632995,H3D2,12,Monocyte,GCTCTGTAGGCTACGA-1,Monocyte,train
IFNg,1696,1696,3915.0,111.0,2.835249,H3D2,8,CD4 T,GCTCTGTGTAAATGAC-1,CD4 T,train
IFNg,3836,3836,14678.0,165.0,1.1241313,H3D2,18,Monocyte,GCTCTGTGTGCAACTT-1,Monocyte,train
IFNg,1173,1173,2289.0,45.0,1.965924,H3D2,6,NK,GCTCTGTTCAGTGTTG-1,NK,train
IFNg,1641,1641,3530.0,87.0,2.4645894,H3D2,6,NK,GCTGCAGAGTACGACG-1,NK,train
IFNg,2811,2811,8296.0,132.0,1.5911283,H3D2,18,Monocyte,GCTGCAGTCCAACCAA-1,Monocyte,train
IFNg,2888,2888,9186.0,137.0,1.4914,H3D2,18,Monocyte,GCTGCGAAGCCCAGCT-1,Monocyte,train
IFNg,1535,1535,3347.0,52.0,1.5536301,H3D2,5,NK,GCTGCGAAGCTAGCCC-1,NK,train
IFNg,3359,3359,10758.0,203.0,1.8869678,H3D2,18,Monocyte,GCTGCTTAGATGTCGG-1,Monocyte,train
IFNg,910,910,1575.0,24.0,1.5238096,H3D2,7,CD8 T,GCTGCTTAGGTGGGTT-1,CD8 T,train
IFNg,856,856,1610.0,49.0,3.0434783,H3D2,2,CD8 T,GCTGCTTAGTGGCACA-1,CD8 T,train
IFNg,757,757,1200.0,24.0,2.0,H3D2,6,NK,GCTGCTTAGTTATCGC-1,NK,train
IFNg,1080,1080,2317.0,50.0,2.1579628,H3D2,7,CD8 T,GCTGCTTCATCAGTCA-1,CD8 T,train
IFNg,3040,3040,9889.0,85.0,0.8595409,H3D2,18,Monocyte,GCTGCTTGTGAAATCA-1,Monocyte,train
IFNg,797,797,1296.0,15.0,1.1574074,H3D2,21,CD4 T,GCTGGGTAGTGTACGG-1,CD4 T,train
IFNg,2745,2743,6776.0,94.0,1.3872491,H3D2,9,B,GCTGGGTCAACTGCTA-1,B,train
IFNg,1544,1544,3118.0,57.0,1.828095,H3D2,6,NK,GCTGGGTGTCTTGTCC-1,NK,train
IFNg,1007,1007,1881.0,40.0,2.1265285,H3D2,21,CD4 T,GCTGGGTTCATAGCAC-1,CD4 T,train
IFNg,985,985,1619.0,31.0,1.9147621,H3D2,6,NK,GCTTCCAAGGGCACTA-1,NK,train
IFNg,891,891,1919.0,35.0,1.8238666,H3D2,9,B,GCTTCCACAGGTGGAT-1,B,train
IFNg,785,785,1220.0,20.0,1.6393442,H3D2,6,NK,GCTTCCACATCCCACT-1,NK,train
IFNg,770,770,1216.0,13.0,1.0690789,H3D2,6,NK,GCTTCCATCTTGTTTG-1,NK,train
IFNg,2933,2933,9457.0,190.0,2.0090938,H3D2,18,Monocyte,GCTTGAAAGGGAAACA-1,Monocyte,train
IFNg,1014,1014,2201.0,51.0,2.3171284,H3D2,7,CD8 T,GCTTGAACATTCACTT-1,CD8 T,train
IFNg,3220,3219,11041.0,347.0,3.142831,H3D2,18,Monocyte,GCTTGAAGTATGAATG-1,Monocyte,train
IFNg,1001,1001,2028.0,29.0,1.4299803,H3D2,0,CD4 T,GCTTGAATCTGCCAGG-1,CD4 T,train
IFNg,1040,1040,2014.0,103.0,5.1142006,H3D2,6,NK,GCTTGAATCTTCGAGA-1,NK,train
IFNg,976,976,1864.0,36.0,1.9313306,H3D2,7,CD8 T,GGAAAGCGTACAGACG-1,CD8 T,train
IFNg,610,610,1013.0,10.0,0.9871668,H3D2,2,CD8 T,GGAAAGCTCATGGTCA-1,CD8 T,train
IFNg,699,699,1191.0,1.0,0.08396305,H3D2,3,CD4 T,GGAACTTAGACATAAC-1,CD4 T,train
IFNg,1109,1109,1972.0,50.0,2.535497,H3D2,6,NK,GGAACTTAGTTCGATC-1,NK,train
IFNg,1286,1286,2825.0,58.0,2.0530972,H3D2,9,B,GGAACTTGTATTCGTG-1,B,train
IFNg,1030,1030,2181.0,37.0,1.6964694,H3D2,0,CD4 T,GGAATAAAGGGTGTGT-1,CD4 T,train
IFNg,2928,2928,8600.0,193.0,2.244186,H3D2,12,Monocyte,GGAATAACAGAAGCAC-1,Monocyte,train
IFNg,1325,1325,2531.0,71.0,2.8052154,H3D2,2,CD8 T,GGAATAACATAAGACA-1,CD8 T,train
IFNg,1004,1004,2494.0,42.0,1.6840417,H3D2,0,CD4 T,GGAATAAGTAGGAGTC-1,CD4 T,train
IFNg,749,749,1249.0,16.0,1.2810248,H3D2,6,NK,GGAATAATCCTCCTAG-1,NK,train
IFNg,946,946,1826.0,25.0,1.3691128,H3D2,16,NK,GGACAAGAGTCATCCA-1,NK,train
IFNg,662,662,967.0,31.0,3.205791,H3D2,6,NK,GGACAAGCACCGTTGG-1,NK,train
IFNg,877,877,1616.0,36.0,2.227723,H3D2,22,NK,GGACAAGGTACTCTCC-1,NK,train
IFNg,990,990,1837.0,84.0,4.572673,H3D2,11,CD4 T,GGACAAGGTCTAGAGG-1,CD4 T,train
IFNg,1182,1182,2345.0,44.0,1.8763326,H3D2,2,CD8 T,GGACAAGTCTCTAAGG-1,CD8 T,train
IFNg,685,685,1081.0,22.0,2.0351527,H3D2,6,NK,GGACAGAGTCAGAATA-1,NK,train
IFNg,741,741,1294.0,31.0,2.3956723,H3D2,7,CD8 T,GGACATTAGACCGGAT-1,CD8 T,train
IFNg,1738,1738,4292.0,159.0,3.7045665,H3D2,7,CD8 T,GGACATTAGCGTAATA-1,CD8 T,train
IFNg,871,871,1569.0,17.0,1.0834926,H3D2,2,CD8 T,GGACATTCAGGCGATA-1,CD8 T,train
IFNg,835,835,1355.0,49.0,3.6162362,H3D2,6,NK,GGACATTCAGTATCTG-1,NK,train
IFNg,711,711,1099.0,32.0,2.911738,H3D2,6,NK,GGACATTGTTCCTCCA-1,NK,train
IFNg,974,974,2314.0,44.0,1.9014693,H3D2,0,CD4 T,GGACATTTCCACTCCA-1,CD4 T,train
IFNg,826,826,1642.0,41.0,2.496955,H3D2,0,CD4 T,GGACATTTCGGAAACG-1,CD4 T,train
IFNg,2665,2664,9259.0,110.0,1.1880332,H3D2,18,Monocyte,GGACGTCCATCCTAGA-1,Monocyte,train
IFNg,1015,1015,1879.0,56.0,2.9803085,H3D2,6,NK,GGACGTCTCTCCTATA-1,NK,train
IFNg,1122,1122,2077.0,41.0,1.9740009,H3D2,16,NK,GGAGCAACACGGTAAG-1,NK,train
IFNg,367,367,525.0,36.0,6.8571424,H3D2,23,CD4 T,GGAGCAAGTGCGCTTG-1,CD4 T,train
IFNg,1139,1139,2874.0,119.0,4.1405706,H3D2,9,B,GGATGTTCAAGCCATT-1,B,train
IFNg,915,915,1757.0,31.0,1.764371,H3D2,2,CD8 T,GGATTACAGGATGGAA-1,CD8 T,train
IFNg,3975,3975,16497.0,229.0,1.3881311,H3D2,18,Monocyte,GGCAATTAGGCGACAT-1,Monocyte,train
IFNg,851,851,1441.0,43.0,2.9840388,H3D2,22,NK,GGCAATTGTCACTGGC-1,NK,train
IFNg,952,952,1744.0,29.0,1.6628441,H3D2,16,NK,GGCAATTGTGCCTGGT-1,NK,train
IFNg,3756,3756,15118.0,283.0,1.8719407,H3D2,18,Monocyte,GGCAATTGTTCAGTAC-1,Monocyte,train
IFNg,639,639,1045.0,27.0,2.5837321,H3D2,6,NK,GGCCGATTCGCCAAAT-1,NK,train
IFNg,1231,1231,2834.0,41.0,1.4467185,H3D2,0,CD4 T,GGCGACTAGAGTGACC-1,CD4 T,train
IFNg,1220,1220,2246.0,66.0,2.9385574,H3D2,16,NK,GGCGACTCATCACAAC-1,NK,train
IFNg,3796,3796,15659.0,141.0,0.9004407,H3D2,18,Monocyte,GGCGACTGTATTACCG-1,Monocyte,train
IFNg,881,881,1453.0,58.0,3.9917414,H3D2,2,CD8 T,GGCGACTGTGGTAACG-1,CD8 T,train
IFNg,743,743,1426.0,20.0,1.4025246,H3D2,16,NK,GGCGTGTTCTCTAAGG-1,NK,train
IFNg,1136,1136,2513.0,50.0,1.989654,H3D2,7,CD8 T,GGCTCGACAAGAGTCG-1,CD8 T,train
IFNg,888,888,1805.0,43.0,2.3822715,H3D2,0,CD4 T,GGCTCGATCGGCTTGG-1,CD4 T,train
IFNg,888,888,1651.0,52.0,3.1496062,H3D2,7,CD8 T,GGCTGGTAGGCTATCT-1,CD8 T,train
IFNg,1063,1063,2483.0,52.0,2.094241,H3D2,0,CD4 T,GGCTGGTGTCAGATAA-1,CD4 T,train
IFNg,1139,1139,2076.0,43.0,2.071291,H3D2,16,NK,GGCTGGTGTTAGATGA-1,NK,train
IFNg,714,714,1119.0,16.0,1.4298481,H3D2,6,NK,GGCTGGTTCCAAAGTC-1,NK,train
IFNg,1150,1150,2685.0,93.0,3.463687,H3D2,2,CD8 T,GGGAATGAGACAGAGA-1,CD8 T,train
IFNg,936,935,1691.0,51.0,3.015967,H3D2,9,B,GGGAATGCACGGTTTA-1,B,train
IFNg,3141,3141,9842.0,176.0,1.7882545,H3D2,18,Monocyte,GGGAATGGTGGCGAAT-1,Monocyte,train
IFNg,1276,1276,2843.0,92.0,3.2360182,H3D2,7,CD8 T,GGGACCTAGGCTCATT-1,CD8 T,train
IFNg,4220,4217,15202.0,298.0,1.9602684,H3D2,18,Monocyte,GGGACCTGTCGAGATG-1,Monocyte,train
IFNg,1084,1084,2507.0,85.0,3.3905067,H3D2,9,B,GGGACCTTCCTTTCGG-1,B,train
IFNg,1106,1106,2079.0,66.0,3.1746035,H3D2,16,NK,GGGACCTTCTACCTGC-1,NK,train
IFNg,3853,3853,13599.0,208.0,1.5295242,H3D2,18,Monocyte,GGGAGATAGTCGTACT-1,Monocyte,train
IFNg,1179,1179,2092.0,48.0,2.294455,H3D2,6,NK,GGGAGATCACAAGTAA-1,NK,train
IFNg,4220,4220,15570.0,183.0,1.1753372,H3D2,18,Monocyte,GGGAGATTCACGAAGG-1,Monocyte,train
IFNg,3918,3917,14249.0,431.0,3.0247736,H3D2,18,Monocyte,GGGATGAAGGCCCTCA-1,Monocyte,train
IFNg,1015,1015,1815.0,40.0,2.2038567,H3D2,16,NK,GGGATGAGTAAGGATT-1,NK,train
IFNg,911,910,1450.0,42.0,2.8965518,H3D2,6,NK,GGGCATCAGGCTAGAC-1,NK,train
IFNg,965,965,1934.0,63.0,3.2574973,H3D2,3,CD4 T,GGGCATCTCATGCTCC-1,CD4 T,train
IFNg,3622,3622,12937.0,153.0,1.1826544,H3D2,18,Monocyte,GGGTTGCCAGGGTACA-1,Monocyte,train
IFNg,1719,1719,4657.0,89.0,1.9111015,H3D2,9,B,GGGTTGCCATCACGTA-1,B,train
IFNg,3385,3385,12637.0,154.0,1.2186437,H3D2,18,Monocyte,GGGTTGCGTATAGTAG-1,Monocyte,train
IFNg,945,945,1778.0,26.0,1.4623171,H3D2,0,CD4 T,GGGTTGCGTTAAGACA-1,CD4 T,train
IFNg,1069,1069,2118.0,40.0,1.8885741,H3D2,7,CD8 T,GGGTTGCTCAAGGTAA-1,CD8 T,train
IFNg,923,923,1957.0,28.0,1.4307613,H3D2,0,CD4 T,GGTATTGAGGGAGTAA-1,CD4 T,train
IFNg,940,940,1761.0,69.0,3.9182284,H3D2,7,CD8 T,GGTATTGCATTGAGCT-1,CD8 T,train
IFNg,2914,2912,8457.0,175.0,2.0692916,H3D2,12,Monocyte,GGTATTGGTTAAGGGC-1,Monocyte,train
IFNg,1073,1073,2182.0,55.0,2.5206232,H3D2,0,CD4 T,GGTGAAGAGGCTCTTA-1,CD4 T,train
IFNg,917,917,1602.0,96.0,5.9925094,H3D2,22,NK,GGTGAAGGTACATCCA-1,NK,train
IFNg,897,897,1700.0,19.0,1.117647,H3D2,6,NK,GGTGAAGGTATTCTCT-1,NK,train
IFNg,3376,3374,10436.0,141.0,1.3510923,H3D2,18,Monocyte,GGTGAAGGTTGGAGGT-1,Monocyte,train
IFNg,3356,3355,12787.0,229.0,1.7908814,H3D2,18,Monocyte,GGTGCGTAGGCTAGCA-1,Monocyte,train
IFNg,1093,1093,1954.0,25.0,1.2794268,H3D2,16,NK,GGTGCGTGTCCAAGTT-1,NK,train
IFNg,943,943,1792.0,39.0,2.1763394,H3D2,7,CD8 T,GGTGTTAAGAATGTGT-1,CD8 T,train
IFNg,3909,3908,13830.0,296.0,2.1402748,H3D2,18,Monocyte,GGTGTTACACCAGATT-1,Monocyte,train
IFNg,846,846,1489.0,29.0,1.9476159,H3D2,16,NK,GGTGTTACACGGTGTC-1,NK,train
IFNg,1003,1003,1715.0,62.0,3.6151602,H3D2,16,NK,GGTGTTAGTACGCTGC-1,NK,train
IFNg,920,920,1559.0,39.0,2.5016036,H3D2,2,CD8 T,GGTGTTAGTATAAACG-1,CD8 T,train
IFNg,3500,3499,11244.0,174.0,1.547492,H3D2,18,Monocyte,GGTGTTAGTCCCTTGT-1,Monocyte,train
IFNg,1843,1843,4485.0,53.0,1.1817168,H3D2,9,B,GGTGTTATCTGAAAGA-1,B,train
IFNg,2597,2597,7768.0,167.0,2.1498454,H3D2,18,Monocyte,GTAACGTTCCCGGATG-1,Monocyte,train
IFNg,822,822,1480.0,16.0,1.0810812,H3D2,6,NK,GTAACTGAGCAATCTC-1,NK,train
IFNg,1167,1167,2436.0,47.0,1.9293925,H3D2,3,CD4 T,GTAACTGCAGTAGAGC-1,CD4 T,train
IFNg,1124,1124,2967.0,62.0,2.0896528,H3D2,0,CD4 T,GTAACTGTCCGAATGT-1,CD4 T,train
IFNg,3850,3849,12680.0,220.0,1.7350157,H3D2,18,Monocyte,GTACGTAAGCCGGTAA-1,Monocyte,train
IFNg,1124,1124,2509.0,44.0,1.7536868,H3D2,0,CD4 T,GTACGTAAGGAATTAC-1,CD4 T,train
IFNg,693,693,1017.0,27.0,2.6548672,H3D2,6,NK,GTACGTACACATGGGA-1,NK,train
IFNg,1106,1106,2338.0,33.0,1.4114628,H3D2,0,CD4 T,GTACGTAGTAGGACAC-1,CD4 T,train
IFNg,810,810,1395.0,19.0,1.3620073,H3D2,27,NK,GTACGTAGTCACCCAG-1,NK,train
IFNg,1381,1381,2637.0,89.0,3.3750474,H3D2,6,NK,GTACGTATCACTTACT-1,NK,train
IFNg,764,764,1281.0,37.0,2.8883684,H3D2,6,NK,GTACGTATCCCAGGTG-1,NK,train
IFNg,1380,1380,2756.0,90.0,3.265602,H3D2,5,NK,GTACTCCAGACTCGGA-1,NK,train
IFNg,3207,3207,9533.0,196.0,2.056016,H3D2,18,Monocyte,GTACTCCGTACACCGC-1,Monocyte,train
IFNg,1125,1125,2085.0,53.0,2.5419664,H3D2,2,CD8 T,GTACTCCGTGACGGTA-1,CD8 T,train
IFNg,574,574,927.0,8.0,0.8629989,H3D2,6,NK,GTACTCCTCGTAGGTT-1,NK,train
IFNg,1049,1049,2576.0,100.0,3.8819876,H3D2,0,CD4 T,GTACTTTGTACCGCTG-1,CD4 T,train
IFNg,800,800,1125.0,38.0,3.3777778,H3D2,6,NK,GTACTTTTCAGAAATG-1,NK,train
IFNg,965,964,1878.0,75.0,3.9936104,H3D2,7,CD8 T,GTACTTTTCCTCTAGC-1,CD8 T,train
IFNg,832,832,1534.0,27.0,1.7601043,H3D2,22,NK,GTACTTTTCTAGCACA-1,NK,train
IFNg,1538,1538,3686.0,90.0,2.4416711,H3D2,5,NK,GTACTTTTCTGTCCGT-1,NK,train
IFNg,1076,1076,2462.0,51.0,2.0714867,H3D2,0,CD4 T,GTAGGCCAGTACACCT-1,CD4 T,train
IFNg,979,979,1863.0,21.0,1.1272142,H3D2,0,CD4 T,GTAGGCCGTGGTCTCG-1,CD4 T,train
IFNg,963,963,2031.0,54.0,2.658789,H3D2,0,CD4 T,GTAGTCAAGAGGTACC-1,CD4 T,train
IFNg,1172,1172,2387.0,76.0,3.1839128,H3D2,16,NK,GTAGTCAAGGAATCGC-1,NK,train
IFNg,834,834,1463.0,34.0,2.3239918,H3D2,9,B,GTAGTCAAGGTGGGTT-1,B,train
IFNg,4353,4353,18165.0,275.0,1.5139003,H3D2,18,Monocyte,GTAGTCAAGTGAAGTT-1,Monocyte,train
IFNg,930,930,1450.0,30.0,2.0689654,H3D2,6,NK,GTAGTCACACTATCTT-1,NK,train
IFNg,1279,1279,2808.0,74.0,2.6353278,H3D2,7,CD8 T,GTAGTCAGTGACTACT-1,CD8 T,train
IFNg,1242,1242,2254.0,70.0,3.10559,H3D2,2,CD8 T,GTAGTCAGTTAAAGAC-1,CD8 T,train
IFNg,3362,3360,10357.0,209.0,2.0179589,H3D2,18,Monocyte,GTATCTTCAAGCCGTC-1,Monocyte,train
IFNg,1542,1542,3686.0,50.0,1.3564839,H3D2,1,CD4 T,GTATCTTCAGCCTTTC-1,CD4 T,train
IFNg,1086,1086,2523.0,39.0,1.5457789,H3D2,0,CD4 T,GTATTCTAGCCGATTT-1,CD4 T,train
IFNg,1307,1307,2751.0,44.0,1.5994184,H3D2,7,CD8 T,GTATTCTGTCGAATCT-1,CD8 T,train
IFNg,2054,2054,6069.0,121.0,1.9937387,H3D2,18,Monocyte,GTCAAGTCATTGGCGC-1,Monocyte,train
IFNg,943,943,1952.0,42.0,2.1516395,H3D2,9,B,GTCAAGTTCTCCAGGG-1,B,train
IFNg,1080,1080,2298.0,42.0,1.8276762,H3D2,19,CD4 T,GTCACAAAGCTGTCTA-1,CD4 T,train
IFNg,949,949,1591.0,25.0,1.5713388,H3D2,6,NK,GTCACAAAGGAATTAC-1,NK,train
IFNg,1104,1104,2108.0,34.0,1.6129031,H3D2,16,NK,GTCACAACACATCCGG-1,NK,train
IFNg,944,944,2019.0,30.0,1.4858841,H3D2,3,CD4 T,GTCACAAGTCGGCATC-1,CD4 T,train
IFNg,1330,1330,2509.0,59.0,2.3515346,H3D2,9,B,GTCACAATCGAGAGCA-1,B,train
IFNg,924,924,1998.0,40.0,2.002002,H3D2,0,CD4 T,GTCACGGAGGTACTCT-1,CD4 T,train
IFNg,1269,1268,2729.0,40.0,1.4657384,H3D2,9,B,GTCACGGCACCGATAT-1,B,train
IFNg,3652,3651,13359.0,295.0,2.208249,H3D2,18,Monocyte,GTCACGGGTGACTACT-1,Monocyte,train
IFNg,896,896,1767.0,58.0,3.2823994,H3D2,3,CD4 T,GTCATTTAGGCTCTTA-1,CD4 T,train
IFNg,642,642,978.0,22.0,2.2494888,H3D2,6,NK,GTCATTTAGTCTTGCA-1,NK,train
IFNg,1639,1638,3655.0,138.0,3.7756498,H3D2,7,CD8 T,GTCATTTGTACAGACG-1,CD8 T,train
IFNg,769,769,1202.0,50.0,4.159734,H3D2,6,NK,GTCATTTGTCTAAACC-1,NK,train
IFNg,2752,2752,8545.0,229.0,2.6799297,H3D2,18,Monocyte,GTCATTTGTTTAAGCC-1,Monocyte,train
IFNg,3329,3328,10457.0,159.0,1.5205126,H3D2,18,Monocyte,GTCCTCAAGCTATGCT-1,Monocyte,train
IFNg,834,834,1470.0,26.0,1.7687075,H3D2,6,NK,GTCCTCACAGAGTGTG-1,NK,train
IFNg,890,890,1531.0,23.0,1.5022861,H3D2,27,NK,GTCCTCAGTTCGTCTC-1,NK,train
IFNg,1946,1946,5165.0,80.0,1.5488868,H3D2,18,Monocyte,GTCCTCATCGAGAACG-1,Monocyte,train
IFNg,659,659,1064.0,28.0,2.631579,H3D2,2,CD8 T,GTCCTCATCTACCAGA-1,CD8 T,train
IFNg,1420,1420,3191.0,35.0,1.0968349,H3D2,18,Monocyte,GTCCTCATCTGTCTCG-1,Monocyte,train
IFNg,3810,3810,13496.0,104.0,0.7705987,H3D2,18,Monocyte,GTCGGGTCACGGTTTA-1,Monocyte,train
IFNg,2062,2062,5260.0,102.0,1.9391636,H3D2,18,Monocyte,GTCGTAATCAAGAAGT-1,Monocyte,train
IFNg,1566,1565,4615.0,126.0,2.7302275,H3D2,3,CD4 T,GTCTCGTCATGCCTAA-1,CD4 T,train
IFNg,642,641,1053.0,13.0,1.2345679,H3D2,0,CD4 T,GTCTTCGAGCGTCTAT-1,CD4 T,train
IFNg,1240,1240,2296.0,55.0,2.3954704,H3D2,7,CD8 T,GTGAAGGAGATGTTAG-1,CD8 T,train
IFNg,528,528,777.0,54.0,6.949807,H3D2,23,CD4 T,GTGAAGGCACAGTCGC-1,CD4 T,train
IFNg,746,746,1271.0,26.0,2.0456333,H3D2,22,NK,GTGAAGGCACGCTTTC-1,NK,train
IFNg,691,690,981.0,23.0,2.3445466,H3D2,6,NK,GTGAAGGGTCCAGTGC-1,NK,train
IFNg,1719,1719,3967.0,132.0,3.3274517,H3D2,7,CD8 T,GTGCAGCAGGAGTAGA-1,CD8 T,train
IFNg,3320,3320,10393.0,323.0,3.107861,H3D2,18,Monocyte,GTGCAGCAGGTGCACA-1,Monocyte,train
IFNg,860,860,1744.0,37.0,2.1215596,H3D2,3,CD4 T,GTGCAGCGTCTTCGTC-1,CD4 T,train
IFNg,870,870,1654.0,37.0,2.2370012,H3D2,9,B,GTGCAGCGTTTGGCGC-1,B,train
IFNg,1025,1025,1824.0,25.0,1.370614,H3D2,16,NK,GTGCATAAGGGATCTG-1,NK,train
IFNg,512,512,692.0,38.0,5.491329,H3D2,8,CD4 T,GTGCATAAGGGTTTCT-1,CD4 T,train
IFNg,765,765,1188.0,33.0,2.777778,H3D2,7,CD8 T,GTGCATAGTTGCGCAC-1,CD8 T,train
IFNg,943,943,1661.0,33.0,1.986755,H3D2,0,CD4 T,GTGCATATCCGCATAA-1,CD4 T,train
IFNg,4002,4002,13311.0,223.0,1.6753061,H3D2,18,Monocyte,GTGCGGTCAACTTGAC-1,Monocyte,train
IFNg,1137,1137,2289.0,36.0,1.5727391,H3D2,2,CD8 T,GTGCTTCCACATGACT-1,CD8 T,train
IFNg,866,866,1618.0,59.0,3.6464772,H3D2,2,CD8 T,GTGCTTCGTACTTGAC-1,CD8 T,train
IFNg,739,739,1250.0,27.0,2.16,H3D2,6,NK,GTGCTTCGTTATGCGT-1,NK,train
IFNg,1136,1136,1746.0,38.0,2.1764033,H3D2,6,NK,GTGGGTCAGCCAGGAT-1,NK,train
IFNg,732,732,1302.0,11.0,0.8448541,H3D2,16,NK,GTGGGTCGTTCGTGAT-1,NK,train
IFNg,955,953,1636.0,37.0,2.2616136,H3D2,13,NK,GTGGGTCTCACGAAGG-1,NK,train
IFNg,1021,1021,1951.0,32.0,1.6401846,H3D2,16,NK,GTGTGCGAGAGGGATA-1,NK,train
IFNg,1587,1587,3587.0,91.0,2.536939,H3D2,7,CD8 T,GTGTGCGCATTCACTT-1,CD8 T,train
IFNg,1914,1914,4650.0,135.0,2.903226,H3D2,18,Monocyte,GTGTGCGGTTATCCGA-1,Monocyte,train
IFNg,458,458,624.0,16.0,2.5641026,H3D2,6,NK,GTGTGCGTCGCGCCAA-1,NK,train
IFNg,845,845,1636.0,16.0,0.97799516,H3D2,2,CD8 T,GTGTTAGAGAAGGACA-1,CD8 T,train
IFNg,1297,1296,3087.0,63.0,2.0408163,H3D2,0,CD4 T,GTGTTAGAGACCTAGG-1,CD4 T,train
IFNg,2875,2874,9018.0,120.0,1.330672,H3D2,18,Monocyte,GTGTTAGCACCGTTGG-1,Monocyte,train
IFNg,1157,1157,2723.0,28.0,1.0282776,H3D2,7,CD8 T,GTTAAGCCATCAGTCA-1,CD8 T,train
IFNg,674,674,972.0,42.0,4.3209877,H3D2,9,B,GTTAAGCTCCTTTACA-1,B,train
IFNg,795,794,1407.0,49.0,3.4825869,H3D2,6,NK,GTTACAGGTAGCGATG-1,NK,train
IFNg,3495,3495,11925.0,342.0,2.8679247,H3D2,12,Monocyte,GTTACAGTCAACACCA-1,Monocyte,train
IFNg,954,954,1652.0,41.0,2.4818401,H3D2,9,B,GTTACAGTCAACTCTT-1,B,train
IFNg,1066,1066,2311.0,45.0,1.947209,H3D2,0,CD4 T,GTTACAGTCTCTAGGA-1,CD4 T,train
IFNg,1029,1029,2234.0,56.0,2.5067146,H3D2,7,CD8 T,GTTCATTAGATGTAAC-1,CD8 T,train
IFNg,3123,3123,11343.0,146.0,1.2871374,H3D2,18,Monocyte,GTTCATTCAGGGTACA-1,Monocyte,train
IFNg,1524,1524,3649.0,93.0,2.5486434,H3D2,3,CD4 T,GTTCGGGCAGCTATTG-1,CD4 T,train
IFNg,900,900,1602.0,44.0,2.7465668,H3D2,16,NK,GTTCGGGTCCCAAGAT-1,NK,train
IFNg,2593,2593,7737.0,197.0,2.5462065,H3D2,18,Monocyte,GTTCTCGTCAACACTG-1,Monocyte,train
IFNg,2945,2945,9358.0,184.0,1.9662321,H3D2,18,Monocyte,GTTCTCGTCACCTTAT-1,Monocyte,train
IFNg,1002,1002,2537.0,87.0,3.4292471,H3D2,9,B,GTTCTCGTCTGTTTGT-1,B,train
IFNg,3352,3352,13982.0,235.0,1.6807324,H3D2,18,Monocyte,GTTTCTAAGGGTATCG-1,Monocyte,train
IFNg,616,616,888.0,22.0,2.4774776,H3D2,6,NK,GTTTCTACAGGATTGG-1,NK,train
IFNg,1049,1049,2172.0,38.0,1.7495396,H3D2,0,CD4 T,GTTTCTACAGGGTTAG-1,CD4 T,train
IFNg,1023,1023,2258.0,65.0,2.8786535,H3D2,14,CD4 T,GTTTCTAGTGAGGCTA-1,CD4 T,train
IFNg,1154,1154,2467.0,75.0,3.0401297,H3D2,9,B,TAAACCGAGCGTTGCC-1,B,train
IFNg,746,746,1202.0,16.0,1.3311148,H3D2,6,NK,TAAGAGACACCTATCC-1,NK,train
IFNg,1566,1566,3402.0,121.0,3.5567312,H3D2,7,CD8 T,TAAGAGACAGCTGGCT-1,CD8 T,train
IFNg,677,677,958.0,67.0,6.993737,H3D2,23,CD4 T,TAAGAGATCACTTATC-1,CD4 T,train
IFNg,1029,1029,2313.0,79.0,3.4154778,H3D2,0,CD4 T,TAAGCGTAGCCACTAT-1,CD4 T,train
IFNg,548,548,817.0,7.0,0.8567931,H3D2,6,NK,TAAGCGTTCAGCGATT-1,NK,train
IFNg,4069,4067,15957.0,301.0,1.8863195,H3D2,18,Monocyte,TAAGTGCAGAGGTTGC-1,Monocyte,train
IFNg,1489,1489,3460.0,51.0,1.4739884,H3D2,0,CD4 T,TAAGTGCGTGGTACAG-1,CD4 T,train
IFNg,3080,3079,10271.0,395.0,3.8457792,H3D2,18,Monocyte,TACACGAAGTTAAGTG-1,Monocyte,train
IFNg,961,961,2130.0,45.0,2.112676,H3D2,9,B,TACACGACAAGTTGTC-1,B,train
IFNg,2526,2526,8122.0,104.0,1.2804728,H3D2,18,Monocyte,TACACGACATGCCCGA-1,Monocyte,train
IFNg,889,889,1618.0,56.0,3.461063,H3D2,2,CD8 T,TACACGAGTGAAATCA-1,CD8 T,train
IFNg,1256,1256,2315.0,98.0,4.233261,H3D2,7,CD8 T,TACACGATCCCACTTG-1,CD8 T,train
IFNg,483,483,693.0,48.0,6.926407,H3D2,23,CD4 T,TACAGTGAGGCTCATT-1,CD4 T,train
IFNg,793,793,1406.0,45.0,3.200569,H3D2,6,NK,TACAGTGCAAATTGCC-1,NK,train
IFNg,816,816,1477.0,32.0,2.1665537,H3D2,2,CD8 T,TACAGTGCAGCTGGCT-1,CD8 T,train
IFNg,851,851,1343.0,20.0,1.4892032,H3D2,6,NK,TACAGTGTCTCTAAGG-1,NK,train
IFNg,1051,1050,2190.0,46.0,2.1004567,H3D2,0,CD4 T,TACCTATGTGTTTGGT-1,CD4 T,train
IFNg,1458,1458,3078.0,48.0,1.5594542,H3D2,7,CD8 T,TACCTTAAGTGTACCT-1,CD8 T,train
IFNg,769,769,1459.0,38.0,2.6045237,H3D2,3,CD4 T,TACGGATAGGGAACGG-1,CD4 T,train
IFNg,4175,4173,14253.0,481.0,3.3747282,H3D2,12,Monocyte,TACGGATGTAGATTAG-1,Monocyte,train
IFNg,382,382,506.0,12.0,2.3715415,H3D2,23,CD4 T,TACGGGCAGACAAAGG-1,CD4 T,train
IFNg,3822,3820,12010.0,283.0,2.3563695,H3D2,18,Monocyte,TACGGGCAGCTAGGCA-1,Monocyte,train
IFNg,3032,3032,9219.0,194.0,2.1043496,H3D2,12,Monocyte,TACGGGCGTAGCGATG-1,Monocyte,train
IFNg,1023,1023,2623.0,44.0,1.6774687,H3D2,14,CD4 T,TACGGTAAGAGTACAT-1,CD4 T,train
IFNg,4179,4177,15030.0,230.0,1.5302728,H3D2,18,Monocyte,TACGGTAAGATGAGAG-1,Monocyte,train
IFNg,2103,2103,5310.0,229.0,4.312618,H3D2,18,Monocyte,TACGGTACAGTCGATT-1,Monocyte,train
IFNg,1995,1995,4495.0,60.0,1.3348165,H3D2,9,B,TACGGTAGTAGCTTGT-1,B,train
IFNg,4075,4075,15669.0,158.0,1.0083605,H3D2,18,Monocyte,TACGGTAGTGCGAAAC-1,Monocyte,train
IFNg,3810,3810,14765.0,234.0,1.584829,H3D2,18,Monocyte,TACTCATGTAAGTTCC-1,Monocyte,train
IFNg,1331,1331,2676.0,69.0,2.5784752,H3D2,6,NK,TACTCATTCATACGGT-1,NK,train
IFNg,1218,1218,2994.0,75.0,2.50501,H3D2,0,CD4 T,TACTCATTCGACGGAA-1,CD4 T,train
IFNg,770,770,1187.0,43.0,3.6225781,H3D2,6,NK,TACTCATTCTGAGGGA-1,NK,train
IFNg,974,973,2110.0,44.0,2.085308,H3D2,0,CD4 T,TACTTACAGGTAGCTG-1,CD4 T,train
IFNg,3465,3463,11022.0,208.0,1.8871348,H3D2,18,Monocyte,TACTTGTAGAATTCCC-1,Monocyte,train
IFNg,816,816,1672.0,41.0,2.4521532,H3D2,0,CD4 T,TACTTGTAGCGTAATA-1,CD4 T,train
IFNg,906,906,1827.0,31.0,1.6967707,H3D2,0,CD4 T,TACTTGTGTACTTGAC-1,CD4 T,train
IFNg,3914,3914,12690.0,165.0,1.3002363,H3D2,18,Monocyte,TAGACCAAGCAAATCA-1,Monocyte,train
IFNg,929,929,1738.0,32.0,1.8411968,H3D2,0,CD4 T,TAGACCACACCGCTAG-1,CD4 T,train
IFNg,993,993,1890.0,84.0,4.4444447,H3D2,7,CD8 T,TAGACCATCGCCAAAT-1,CD8 T,train
IFNg,665,665,1102.0,12.0,1.0889292,H3D2,2,CD8 T,TAGAGCTAGGGTCTCC-1,CD8 T,train
IFNg,1086,1086,2018.0,96.0,4.7571855,H3D2,16,NK,TAGAGCTCAGATGAGC-1,NK,train
IFNg,986,986,1864.0,68.0,3.6480687,H3D2,6,NK,TAGCCGGAGACCACGA-1,NK,train
IFNg,3291,3289,10111.0,140.0,1.3846306,H3D2,18,Monocyte,TAGCCGGCAACGCACC-1,Monocyte,train
IFNg,768,768,1435.0,27.0,1.8815331,H3D2,2,CD8 T,TAGCCGGCAATGTAAG-1,CD8 T,train
IFNg,1009,1009,1793.0,23.0,1.2827662,H3D2,16,NK,TAGGCATAGAGACGAA-1,NK,train
IFNg,627,627,1022.0,11.0,1.0763209,H3D2,2,CD8 T,TAGGCATCAAGCGCTC-1,CD8 T,train
IFNg,2081,2081,4658.0,100.0,2.1468441,H3D2,10,Monocyte,TAGGCATCAGGATTGG-1,Monocyte,train
IFNg,4378,4377,16507.0,177.0,1.0722724,H3D2,18,Monocyte,TAGGCATTCATGCATG-1,Monocyte,train
IFNg,1322,1322,3096.0,75.0,2.4224806,H3D2,0,CD4 T,TAGGCATTCTCTGCTG-1,CD4 T,train
IFNg,3685,3685,15026.0,177.0,1.1779583,H3D2,18,Monocyte,TAGTGGTAGGCAAAGA-1,Monocyte,train
IFNg,1562,1561,3546.0,62.0,1.748449,H3D2,1,CD4 T,TAGTGGTGTAATCGTC-1,CD4 T,train
IFNg,990,990,2020.0,55.0,2.7227721,H3D2,0,CD4 T,TAGTGGTGTTAGGGTG-1,CD4 T,train
IFNg,2794,2794,10367.0,181.0,1.7459246,H3D2,18,Monocyte,TAGTGGTTCAGCTCTC-1,Monocyte,train
IFNg,1077,1077,2585.0,36.0,1.3926499,H3D2,17,CD4 T,TAGTGGTTCCGAATGT-1,CD4 T,train
IFNg,3872,3871,14918.0,178.0,1.1931894,H3D2,18,Monocyte,TAGTGGTTCGATCCCT-1,Monocyte,train
IFNg,804,804,1384.0,21.0,1.517341,H3D2,6,NK,TAGTTGGAGATCTGAA-1,NK,train
IFNg,1102,1101,2134.0,38.0,1.7806937,H3D2,16,NK,TAGTTGGGTCTCTCTG-1,NK,train
IFNg,1000,1000,2186.0,62.0,2.8362305,H3D2,0,CD4 T,TAGTTGGGTTAAGATG-1,CD4 T,train
IFNg,836,836,1417.0,24.0,1.693719,H3D2,6,NK,TATCAGGAGATCCGAG-1,NK,train
IFNg,1532,1532,3403.0,122.0,3.5850718,H3D2,2,CD8 T,TATCAGGGTGCCTGTG-1,CD8 T,train
IFNg,652,652,966.0,20.0,2.0703933,H3D2,6,NK,TATCAGGGTGTCCTCT-1,NK,train
IFNg,841,841,1320.0,22.0,1.6666667,H3D2,6,NK,TATCTCACAAGGGTCA-1,NK,train
IFNg,2497,2496,8136.0,188.0,2.3107178,H3D2,18,Monocyte,TATCTCACAGGTGCCT-1,Monocyte,train
IFNg,3155,3154,12458.0,99.0,0.7946701,H3D2,18,Monocyte,TATGCCCAGCTAAGAT-1,Monocyte,train
IFNg,859,859,1421.0,43.0,3.026038,H3D2,2,CD8 T,TATGCCCAGGCATTGG-1,CD8 T,train
IFNg,1316,1316,2713.0,48.0,1.7692592,H3D2,5,NK,TATGCCCAGTACGTAA-1,NK,train
IFNg,945,944,1987.0,66.0,3.3215902,H3D2,3,CD4 T,TATGCCCCAAGCCGCT-1,CD4 T,train
IFNg,918,918,2018.0,65.0,3.2210107,H3D2,8,CD4 T,TATGCCCGTAATCACC-1,CD4 T,train
IFNg,1518,1518,3527.0,54.0,1.5310463,H3D2,8,CD4 T,TATGCCCGTCATCGGC-1,CD4 T,train
IFNg,4168,4167,16097.0,237.0,1.472324,H3D2,18,Monocyte,TATGCCCGTGCGAAAC-1,Monocyte,train
IFNg,928,928,1757.0,32.0,1.8212862,H3D2,19,CD4 T,TATTACCCAAGTAATG-1,CD4 T,train
IFNg,654,654,965.0,20.0,2.0725389,H3D2,6,NK,TCAACGACATCATCCC-1,NK,train
IFNg,744,744,1141.0,25.0,2.1910603,H3D2,6,NK,TCAACGATCCGCGTTT-1,NK,train
IFNg,853,853,1835.0,38.0,2.0708447,H3D2,14,CD4 T,TCAATCTGTAGAGCTG-1,CD4 T,train
IFNg,871,871,1437.0,76.0,5.288796,H3D2,6,NK,TCAATCTTCCTGCAGG-1,NK,train
IFNg,2291,2291,6001.0,154.0,2.566239,H3D2,18,Monocyte,TCACAAGAGTGGTCCC-1,Monocyte,train
IFNg,2979,2979,10356.0,206.0,1.9891851,H3D2,18,Monocyte,TCACAAGCACATCTTT-1,Monocyte,train
IFNg,1093,1093,2024.0,29.0,1.4328064,H3D2,0,CD4 T,TCACAAGGTCACCCAG-1,CD4 T,train
IFNg,1121,1121,2222.0,27.0,1.2151215,H3D2,7,CD8 T,TCACAAGGTCCTGCTT-1,CD8 T,train
IFNg,1533,1532,3336.0,82.0,2.4580336,H3D2,7,CD8 T,TCACAAGGTTCGTCTC-1,CD8 T,train
IFNg,1033,1033,2293.0,42.0,1.8316616,H3D2,0,CD4 T,TCACGAACATGGTTGT-1,CD4 T,train
IFNg,927,927,1824.0,74.0,4.057018,H3D2,7,CD8 T,TCAGATGCATTATCTC-1,CD8 T,train
IFNg,936,935,1886.0,102.0,5.4082713,H3D2,11,CD4 T,TCAGATGTCTCGCATC-1,CD4 T,train
IFNg,1601,1601,3866.0,32.0,0.827729,H3D2,12,Monocyte,TCAGCAACACCCATGG-1,Monocyte,train
IFNg,1639,1639,3911.0,152.0,3.886474,H3D2,16,NK,TCAGCAATCAATCACG-1,NK,train
IFNg,3504,3504,12434.0,213.0,1.7130449,H3D2,18,Monocyte,TCAGCTCAGATGGGTC-1,Monocyte,train
IFNg,900,900,1386.0,26.0,1.8759019,H3D2,6,NK,TCAGCTCCAACAACCT-1,NK,train
IFNg,796,796,1386.0,10.0,0.7215007,H3D2,6,NK,TCAGCTCGTCTGATTG-1,NK,train
IFNg,855,855,1504.0,60.0,3.9893615,H3D2,6,NK,TCAGGATAGTACGCGA-1,NK,train
IFNg,823,823,1234.0,40.0,3.2414908,H3D2,6,NK,TCAGGTACAATAACGA-1,NK,train
IFNg,1023,1023,2218.0,62.0,2.795311,H3D2,2,CD8 T,TCAGGTAGTACCGCTG-1,CD8 T,train
IFNg,3367,3365,11404.0,208.0,1.8239214,H3D2,18,Monocyte,TCAGGTATCCACGACG-1,Monocyte,train
IFNg,918,918,1739.0,51.0,2.93272,H3D2,2,CD8 T,TCATTACAGGCCCGTT-1,CD8 T,train
IFNg,1085,1085,2407.0,59.0,2.451184,H3D2,0,CD4 T,TCATTACAGTAGGTGC-1,CD4 T,train
IFNg,1029,1029,2015.0,91.0,4.516129,H3D2,7,CD8 T,TCATTACCACAGACTT-1,CD8 T,train
IFNg,805,805,1501.0,14.0,0.93271154,H3D2,2,CD8 T,TCATTACGTTGGAGGT-1,CD8 T,train
IFNg,865,865,1428.0,41.0,2.8711486,H3D2,6,NK,TCATTTGCAGACGTAG-1,NK,train
IFNg,1251,1250,2188.0,69.0,3.1535647,H3D2,6,NK,TCATTTGGTCTAGGTT-1,NK,train
IFNg,963,963,1665.0,59.0,3.5435433,H3D2,27,NK,TCATTTGGTCTCTTAT-1,NK,train
IFNg,930,930,1666.0,50.0,3.0012004,H3D2,2,CD8 T,TCATTTGTCACCGTAA-1,CD8 T,train
IFNg,1144,1144,2617.0,20.0,0.7642338,H3D2,7,CD8 T,TCCACACCACGCCAGT-1,CD8 T,train
IFNg,779,778,1241.0,31.0,2.4979856,H3D2,6,NK,TCCACACGTCGACTAT-1,NK,train
IFNg,931,931,1654.0,42.0,2.5392988,H3D2,22,NK,TCCACACGTGTGGTTT-1,NK,train
IFNg,3313,3313,13884.0,205.0,1.4765197,H3D2,18,Monocyte,TCCACACTCAGCTGGC-1,Monocyte,train
IFNg,2694,2694,8213.0,139.0,1.6924388,H3D2,18,Monocyte,TCCCGATGTAGGACAC-1,Monocyte,train
IFNg,920,919,1486.0,74.0,4.9798117,H3D2,5,NK,TCCCGATTCTCTTATG-1,NK,train
IFNg,993,992,1817.0,27.0,1.4859658,H3D2,6,NK,TCGAGGCCACATGGGA-1,NK,train
IFNg,1373,1373,2732.0,74.0,2.7086382,H3D2,5,NK,TCGCGTTCATAGGATA-1,NK,train
IFNg,2358,2357,7056.0,162.0,2.2959185,H3D2,12,Monocyte,TCGCGTTTCGCCCTTA-1,Monocyte,train
IFNg,871,871,1752.0,53.0,3.025114,H3D2,9,B,TCGCGTTTCGCCTGAG-1,B,train
IFNg,3628,3628,10897.0,159.0,1.4591172,H3D2,18,Monocyte,TCGGTAAAGTTCGATC-1,Monocyte,train
IFNg,719,719,1244.0,26.0,2.090032,H3D2,6,NK,TCGGTAATCATACGGT-1,NK,train
IFNg,952,952,1898.0,43.0,2.2655427,H3D2,7,CD8 T,TCGGTAATCTGACCTC-1,CD8 T,train
IFNg,659,659,999.0,13.0,1.3013012,H3D2,6,NK,TCGTACCTCATGTGGT-1,NK,train
IFNg,775,775,1204.0,4.0,0.33222592,H3D2,6,NK,TCGTAGAAGGGTCGAT-1,NK,train
IFNg,3021,3021,10169.0,146.0,1.4357361,H3D2,18,Monocyte,TCGTAGACATTTGCCC-1,Monocyte,train
IFNg,3280,3280,12192.0,207.0,1.6978346,H3D2,18,Monocyte,TCGTAGAGTGTCAATC-1,Monocyte,train
IFNg,2484,2484,7944.0,118.0,1.4853978,H3D2,18,Monocyte,TCGTAGAGTGTGACCC-1,Monocyte,train
IFNg,3259,3259,10689.0,146.0,1.3658901,H3D2,18,Monocyte,TCTATTGAGTCGTTTG-1,Monocyte,train
IFNg,970,970,2178.0,36.0,1.6528925,H3D2,0,CD4 T,TCTATTGTCAAACCAC-1,CD4 T,train
IFNg,714,714,1123.0,36.0,3.2056992,H3D2,6,NK,TCTCATACAGTGGAGT-1,NK,train
IFNg,3778,3777,14947.0,272.0,1.8197632,H3D2,18,Monocyte,TCTGAGAGTCCGAATT-1,Monocyte,train
IFNg,1137,1137,2441.0,54.0,2.212208,H3D2,9,B,TCTGAGAGTTATGCGT-1,B,train
IFNg,768,768,1171.0,27.0,2.3057218,H3D2,6,NK,TCTGGAAAGTGGGCTA-1,NK,train
IFNg,503,503,765.0,17.0,2.2222223,H3D2,2,CD8 T,TCTGGAACACACGCTG-1,CD8 T,train
IFNg,825,825,1328.0,38.0,2.8614457,H3D2,6,NK,TCTGGAAGTCTTCAAG-1,NK,train
IFNg,1644,1644,2913.0,55.0,1.888088,H3D2,6,NK,TCTGGAAGTGACTCAT-1,NK,train
IFNg,890,890,1445.0,47.0,3.2525952,H3D2,6,NK,TCTGGAATCTCACATT-1,NK,train
IFNg,772,772,1475.0,58.0,3.9322033,H3D2,22,NK,TCTTCGGCAAGTCATC-1,NK,train
IFNg,899,899,1805.0,39.0,2.1606648,H3D2,2,CD8 T,TCTTCGGTCTCAAACG-1,CD8 T,train
IFNg,2948,2948,9270.0,228.0,2.459547,H3D2,18,Monocyte,TCTTTCCCAGTCCTTC-1,Monocyte,train
IFNg,822,822,1306.0,43.0,3.2924962,H3D2,6,NK,TGAAAGACAGCCACCA-1,NK,train
IFNg,717,717,1180.0,39.0,3.3050847,H3D2,6,NK,TGACAACAGAATTGTG-1,NK,train
IFNg,825,825,1277.0,49.0,3.8371184,H3D2,6,NK,TGACGGCCACGGATAG-1,NK,train
IFNg,831,831,1298.0,14.0,1.0785824,H3D2,6,NK,TGACGGCCAGGATTGG-1,NK,train
IFNg,694,694,1178.0,10.0,0.84889644,H3D2,2,CD8 T,TGACGGCGTACTTCTT-1,CD8 T,train
IFNg,1039,1039,1841.0,25.0,1.3579576,H3D2,6,NK,TGACGGCGTAGATTAG-1,NK,train
IFNg,718,718,1151.0,27.0,2.3457863,H3D2,6,NK,TGACGGCGTCATCGGC-1,NK,train
IFNg,916,916,1743.0,43.0,2.467011,H3D2,7,CD8 T,TGACGGCGTGCCTGCA-1,CD8 T,train
IFNg,706,703,1058.0,17.0,1.6068052,H3D2,6,NK,TGACGGCTCGGCCGAT-1,NK,train
IFNg,822,822,1742.0,29.0,1.6647531,H3D2,7,CD8 T,TGACGGCTCGGCGCTA-1,CD8 T,train
IFNg,935,935,2087.0,39.0,1.868711,H3D2,3,CD4 T,TGACTAGGTCATCCCT-1,CD4 T,train
IFNg,2962,2962,11279.0,192.0,1.7022785,H3D2,18,Monocyte,TGACTAGTCGTCACGG-1,Monocyte,train
IFNg,726,726,1236.0,14.0,1.132686,H3D2,2,CD8 T,TGACTTTAGGTGTTAA-1,CD8 T,train
IFNg,953,953,1981.0,40.0,2.0191822,H3D2,0,CD4 T,TGAGAGGCAGGCTGAA-1,CD4 T,train
IFNg,418,418,590.0,10.0,1.6949153,H3D2,6,NK,TGAGAGGGTCGTTGTA-1,NK,train
IFNg,1033,1033,1921.0,47.0,2.4466424,H3D2,2,CD8 T,TGAGCATCATACTACG-1,CD8 T,train
IFNg,2827,2826,9226.0,284.0,3.078257,H3D2,18,Monocyte,TGAGCATGTTAAGACA-1,Monocyte,train
IFNg,854,854,1390.0,36.0,2.589928,H3D2,6,NK,TGAGCCGGTTTGCATG-1,NK,train
IFNg,741,741,1247.0,22.0,1.7642342,H3D2,6,NK,TGAGCCGTCGCATGGC-1,NK,train
IFNg,769,769,1345.0,31.0,2.3048327,H3D2,6,NK,TGAGGGAAGACAGACC-1,NK,train
IFNg,1346,1346,3109.0,63.0,2.026375,H3D2,9,B,TGAGGGAAGCCGGTAA-1,B,train
IFNg,838,837,1438.0,34.0,2.364395,H3D2,27,NK,TGAGGGAGTAAGTGTA-1,NK,train
IFNg,1040,1040,2353.0,47.0,1.99745,H3D2,9,B,TGAGGGAGTCTCCACT-1,B,train
IFNg,847,847,1221.0,29.0,2.3751025,H3D2,6,NK,TGATTTCAGTGTGGCA-1,NK,train
IFNg,3043,3043,10882.0,142.0,1.3049072,H3D2,18,Monocyte,TGATTTCTCACGGTTA-1,Monocyte,train
IFNg,4245,4245,19443.0,307.0,1.5789744,H3D2,18,Monocyte,TGATTTCTCCTAGAAC-1,Monocyte,train
IFNg,1654,1654,3898.0,57.0,1.4622884,H3D2,7,CD8 T,TGCACCTAGAGCAATT-1,CD8 T,train
IFNg,1001,1001,2003.0,81.0,4.0439343,H3D2,11,CD4 T,TGCACCTAGGTGTGGT-1,CD4 T,train
IFNg,1932,1932,6677.0,309.0,4.6278267,H3D2,18,Monocyte,TGCACCTAGTGGTAGC-1,Monocyte,train
IFNg,837,837,1392.0,47.0,3.3764367,H3D2,2,CD8 T,TGCACCTCACGAGGTA-1,CD8 T,train
IFNg,834,834,1345.0,32.0,2.379182,H3D2,6,NK,TGCACCTCAGCCAGAA-1,NK,train
IFNg,1064,1064,2212.0,43.0,1.9439422,H3D2,0,CD4 T,TGCACCTGTCATATGC-1,CD4 T,train
IFNg,3434,3432,11152.0,354.0,3.1743183,H3D2,18,Monocyte,TGCACCTGTCTCCATC-1,Monocyte,train
IFNg,1146,1146,2706.0,93.0,3.4368072,H3D2,9,B,TGCACCTGTGCAGGTA-1,B,train
IFNg,4121,4119,15383.0,196.0,1.2741338,H3D2,18,Monocyte,TGCCAAAAGCTCCTCT-1,Monocyte,train
IFNg,757,757,1079.0,6.0,0.55607045,H3D2,6,NK,TGCCAAACAGGCTGAA-1,NK,train
IFNg,2439,2437,6256.0,98.0,1.5664961,H3D2,18,Monocyte,TGCCCATCAGCGTCCA-1,Monocyte,train
IFNg,1222,1222,2410.0,59.0,2.4481328,H3D2,6,NK,TGCCCATGTCGAACAG-1,NK,train
IFNg,2729,2729,9297.0,161.0,1.7317414,H3D2,18,Monocyte,TGCCCATGTTCCCGAG-1,Monocyte,train
IFNg,3983,3983,15515.0,223.0,1.4373187,H3D2,18,Monocyte,TGCCCTAAGTACGACG-1,Monocyte,train
IFNg,1456,1455,3091.0,34.0,1.0999677,H3D2,6,NK,TGCCCTAGTACATGTC-1,NK,train
IFNg,2196,2196,6046.0,162.0,2.6794574,H3D2,12,Monocyte,TGCGCAGAGCACCGCT-1,Monocyte,train
IFNg,1167,1166,2664.0,60.0,2.252252,H3D2,18,Monocyte,TGCGCAGAGGGTTTCT-1,Monocyte,train
IFNg,2601,2600,7063.0,134.0,1.8972108,H3D2,18,Monocyte,TGCGCAGGTCCTAGCG-1,Monocyte,train
IFNg,983,983,1883.0,35.0,1.858736,H3D2,2,CD8 T,TGCGCAGTCATCATTC-1,CD8 T,train
IFNg,847,847,1331.0,27.0,2.02855,H3D2,6,NK,TGCGCAGTCCAAGCCG-1,NK,train
IFNg,3417,3417,11685.0,152.0,1.300813,H3D2,18,Monocyte,TGCGCAGTCGGCTTGG-1,Monocyte,train
IFNg,1033,1033,2140.0,40.0,1.8691589,H3D2,0,CD4 T,TGCGGGTAGTTAAGTG-1,CD4 T,train
IFNg,1017,1017,2439.0,58.0,2.3780239,H3D2,0,CD4 T,TGCGGGTGTGACTCAT-1,CD4 T,train
IFNg,1334,1334,3214.0,51.0,1.5868077,H3D2,0,CD4 T,TGCGTGGCAATGGAAT-1,CD4 T,train
IFNg,2105,2105,5754.0,79.0,1.372958,H3D2,18,Monocyte,TGCGTGGCAGACGCTC-1,Monocyte,train
IFNg,1252,1252,2502.0,70.0,2.7977617,H3D2,0,CD4 T,TGCGTGGCATTAGGCT-1,CD4 T,train
IFNg,1245,1245,2733.0,89.0,3.2564945,H3D2,5,NK,TGCGTGGGTCCATCCT-1,NK,train
IFNg,4404,4404,19438.0,256.0,1.3170079,H3D2,18,Monocyte,TGCTACCAGGACCACA-1,Monocyte,train
IFNg,3702,3702,13090.0,133.0,1.0160427,H3D2,18,Monocyte,TGCTACCAGTGTTGAA-1,Monocyte,train
IFNg,739,739,1235.0,27.0,2.186235,H3D2,6,NK,TGCTACCCAACTGGCC-1,NK,train
IFNg,1022,1021,2027.0,39.0,1.9240257,H3D2,16,NK,TGCTACCCACGCCAGT-1,NK,train
IFNg,626,626,976.0,27.0,2.7663934,H3D2,7,CD8 T,TGCTACCTCCACGACG-1,CD8 T,train
IFNg,1124,1124,2432.0,21.0,0.8634868,H3D2,0,CD4 T,TGCTGCTAGAAGGTTT-1,CD4 T,train
IFNg,3625,3624,12719.0,173.0,1.3601698,H3D2,18,Monocyte,TGCTGCTAGTAACCCT-1,Monocyte,train
IFNg,857,857,1475.0,52.0,3.5254235,H3D2,6,NK,TGCTGCTCACGGCGTT-1,NK,train
IFNg,894,894,1657.0,34.0,2.051901,H3D2,2,CD8 T,TGCTGCTCACTGAAGG-1,CD8 T,train
IFNg,2163,2163,6053.0,49.0,0.8095159,H3D2,18,Monocyte,TGCTGCTCATTACCTT-1,Monocyte,train
IFNg,974,974,1971.0,25.0,1.2683917,H3D2,9,B,TGCTGCTGTAGCGATG-1,B,train
IFNg,2541,2541,6824.0,98.0,1.4361079,H3D2,18,Monocyte,TGCTGCTGTCCATGAT-1,Monocyte,train
IFNg,874,874,1570.0,21.0,1.3375796,H3D2,6,NK,TGCTGCTGTTCTGTTT-1,NK,train
IFNg,1279,1279,2950.0,71.0,2.4067798,H3D2,7,CD8 T,TGGACGCAGAATTGTG-1,CD8 T,train
IFNg,1271,1271,2595.0,66.0,2.5433526,H3D2,7,CD8 T,TGGACGCAGCGATTCT-1,CD8 T,train
IFNg,782,782,1344.0,14.0,1.0416667,H3D2,6,NK,TGGACGCCATAGGATA-1,NK,train
IFNg,1060,1059,2173.0,62.0,2.8531983,H3D2,1,CD4 T,TGGCCAGCAATCTGCA-1,CD4 T,train
IFNg,633,633,940.0,14.0,1.4893618,H3D2,6,NK,TGGCCAGCATCCCACT-1,NK,train
IFNg,4058,4056,17489.0,230.0,1.3151124,H3D2,18,Monocyte,TGGCCAGGTATTACCG-1,Monocyte,train
IFNg,815,814,1539.0,23.0,1.4944769,H3D2,6,NK,TGGCCAGGTGGTTTCA-1,NK,train
IFNg,1782,1780,4530.0,108.0,2.384106,H3D2,3,CD4 T,TGGCCAGGTTCCTCCA-1,CD4 T,train
IFNg,800,800,1267.0,26.0,2.0520916,H3D2,6,NK,TGGCCAGTCAATACCG-1,NK,train
IFNg,881,881,1668.0,28.0,1.6786572,H3D2,0,CD4 T,TGGCGCAAGCGATATA-1,CD4 T,train
IFNg,1034,1034,1611.0,25.0,1.5518311,H3D2,6,NK,TGGCTGGAGTTGTAGA-1,NK,train
IFNg,957,957,2093.0,48.0,2.2933588,H3D2,0,CD4 T,TGGCTGGCACAGCCCA-1,CD4 T,train
IFNg,1115,1115,2728.0,69.0,2.5293255,H3D2,9,B,TGGCTGGCACGTCTCT-1,B,train
IFNg,917,917,1955.0,84.0,4.296675,H3D2,3,CD4 T,TGGCTGGCAGCGAACA-1,CD4 T,train
IFNg,1111,1110,2457.0,82.0,3.3374033,H3D2,11,CD4 T,TGGCTGGCATGTAAGA-1,CD4 T,train
IFNg,1054,1054,1817.0,25.0,1.3758943,H3D2,6,NK,TGGCTGGGTATATCCG-1,NK,train
IFNg,3250,3250,10900.0,158.0,1.4495413,H3D2,18,Monocyte,TGGGAAGAGGCCCTTG-1,Monocyte,train
IFNg,729,729,1277.0,42.0,3.2889585,H3D2,7,CD8 T,TGGGAAGAGTGGCACA-1,CD8 T,train
IFNg,1133,1133,2338.0,56.0,2.3952098,H3D2,2,CD8 T,TGGGAAGCACAAGACG-1,CD8 T,train
IFNg,686,686,1039.0,19.0,1.8286815,H3D2,5,NK,TGGGAAGGTGTTGAGG-1,NK,train
IFNg,666,666,1044.0,31.0,2.9693487,H3D2,6,NK,TGGGAAGTCAGCGATT-1,NK,train
IFNg,669,669,1008.0,10.0,0.9920635,H3D2,5,NK,TGGGCGTGTTAAGACA-1,NK,train
IFNg,931,931,1593.0,17.0,1.0671688,H3D2,6,NK,TGGTTAGCACCACCAG-1,NK,train
IFNg,1006,1006,1858.0,45.0,2.4219592,H3D2,16,NK,TGGTTAGTCCGATATG-1,NK,train
IFNg,4309,4309,19888.0,344.0,1.7296861,H3D2,18,Monocyte,TGGTTCCAGCCGATTT-1,Monocyte,train
IFNg,1052,1051,2479.0,59.0,2.3799918,H3D2,9,B,TGGTTCCGTACCCAAT-1,B,train
IFNg,1795,1794,4067.0,63.0,1.5490534,H3D2,16,NK,TGGTTCCGTTGTCGCG-1,NK,train
IFNg,898,898,1829.0,27.0,1.4762166,H3D2,0,CD4 T,TGGTTCCTCGGCTTGG-1,CD4 T,train
IFNg,840,839,1388.0,33.0,2.3775215,H3D2,2,CD8 T,TGTATTCAGAGCTGGT-1,CD8 T,train
IFNg,442,442,621.0,23.0,3.7037036,H3D2,2,CD8 T,TGTATTCAGGCTATCT-1,CD8 T,train
IFNg,896,896,1490.0,29.0,1.9463086,H3D2,6,NK,TGTATTCGTAATCACC-1,NK,train
IFNg,678,678,1063.0,18.0,1.6933209,H3D2,6,NK,TGTATTCGTGTAACGG-1,NK,train
IFNg,1037,1037,2511.0,86.0,3.42493,H3D2,3,CD4 T,TGTCCCACAGCGATCC-1,CD4 T,train
IFNg,1696,1696,4870.0,77.0,1.5811088,H3D2,9,B,TGTCCCATCCGCTGTT-1,B,train
IFNg,1332,1332,2642.0,62.0,2.3467069,H3D2,5,NK,TGTGGTAAGCGAGAAA-1,NK,train
IFNg,893,893,1365.0,47.0,3.4432237,H3D2,6,NK,TGTGGTACAATGGTCT-1,NK,train
IFNg,1541,1541,2969.0,105.0,3.5365443,H3D2,6,NK,TGTGGTACACGTAAGG-1,NK,train
IFNg,941,941,2005.0,49.0,2.4438903,H3D2,3,CD4 T,TGTGGTATCTACCTGC-1,CD4 T,train
IFNg,911,911,1993.0,45.0,2.2579026,H3D2,9,B,TGTGTTTAGTCCGTAT-1,B,train
IFNg,1076,1075,2569.0,43.0,1.6738031,H3D2,9,B,TGTGTTTTCCGTAGGC-1,B,train
IFNg,754,754,1188.0,19.0,1.5993265,H3D2,6,NK,TGTTCCGTCTCCAACC-1,NK,train
IFNg,3396,3394,11967.0,265.0,2.214423,H3D2,18,Monocyte,TTAACTCCATATGGTC-1,Monocyte,train
IFNg,2340,2340,7243.0,111.0,1.5325141,H3D2,18,Monocyte,TTAACTCTCGGCGCTA-1,Monocyte,train
IFNg,1181,1181,2524.0,19.0,0.75277334,H3D2,7,CD8 T,TTAACTCTCGGTTCGG-1,CD8 T,train
IFNg,3497,3497,12568.0,111.0,0.88319546,H3D2,18,Monocyte,TTAACTCTCTTCTGGC-1,Monocyte,train
IFNg,624,624,956.0,22.0,2.3012552,H3D2,6,NK,TTAGGACAGTCGTTTG-1,NK,train
IFNg,4298,4298,17953.0,281.0,1.5651981,H3D2,18,Monocyte,TTAGGACCATGGTAGG-1,Monocyte,train
IFNg,1041,1041,2274.0,100.0,4.3975377,H3D2,9,B,TTAGGACGTCCAGTTA-1,B,train
IFNg,575,575,845.0,22.0,2.6035502,H3D2,6,NK,TTAGGCACAAACGTGG-1,NK,train
IFNg,1060,1059,2062.0,65.0,3.1522791,H3D2,0,CD4 T,TTAGGCACAGTAGAGC-1,CD4 T,train
IFNg,1106,1106,2493.0,98.0,3.931007,H3D2,3,CD4 T,TTAGGCACATATACGC-1,CD4 T,train
IFNg,981,981,2071.0,48.0,2.317721,H3D2,0,CD4 T,TTAGGCATCTTGGGTA-1,CD4 T,train
IFNg,679,679,1126.0,37.0,3.2859678,H3D2,6,NK,TTAGTTCCATACTCTT-1,NK,train
IFNg,1511,1511,3148.0,36.0,1.1435832,H3D2,5,NK,TTAGTTCGTATTCGTG-1,NK,train
IFNg,1576,1576,3373.0,75.0,2.2235398,H3D2,7,CD8 T,TTAGTTCTCGCCAAAT-1,CD8 T,train
IFNg,816,816,1421.0,53.0,3.7297678,H3D2,3,CD4 T,TTATGCTAGGACACCA-1,CD4 T,train
IFNg,760,760,1135.0,32.0,2.8193834,H3D2,6,NK,TTATGCTAGTTAGGTA-1,NK,train
IFNg,3664,3663,12934.0,161.0,1.2447811,H3D2,18,Monocyte,TTATGCTGTCTAGCCG-1,Monocyte,train
IFNg,728,727,1178.0,28.0,2.37691,H3D2,6,NK,TTCCCAGTCCCGGATG-1,NK,train
IFNg,900,900,1594.0,43.0,2.697616,H3D2,27,NK,TTCGAAGAGTAGCCGA-1,NK,train
IFNg,945,944,1755.0,40.0,2.2792022,H3D2,19,CD4 T,TTCGAAGCATACGCTA-1,CD4 T,train
IFNg,3149,3149,10352.0,245.0,2.3666923,H3D2,18,Monocyte,TTCGGTCAGTACGTTC-1,Monocyte,train
IFNg,3386,3386,12933.0,134.0,1.0361092,H3D2,18,Monocyte,TTCGGTCTCTGCGTAA-1,Monocyte,train
IFNg,4105,4105,16121.0,355.0,2.2020965,H3D2,18,Monocyte,TTCTACAGTATATCCG-1,Monocyte,train
IFNg,879,879,1519.0,75.0,4.937459,H3D2,2,CD8 T,TTCTACAGTGTAATGA-1,CD8 T,train
IFNg,853,853,1598.0,47.0,2.9411764,H3D2,9,B,TTCTACATCAGTCAGT-1,B,train
IFNg,1241,1241,2524.0,56.0,2.2187004,H3D2,3,CD4 T,TTCTACATCATGTAGC-1,CD4 T,train
IFNg,3612,3611,11331.0,215.0,1.8974494,H3D2,18,Monocyte,TTCTACATCGGAATCT-1,Monocyte,train
IFNg,691,691,1272.0,50.0,3.9308176,H3D2,3,CD4 T,TTCTCAACAGTATGCT-1,CD4 T,train
IFNg,898,898,1459.0,24.0,1.6449623,H3D2,6,NK,TTCTCAACAGTCGTGC-1,NK,train
IFNg,1122,1122,2276.0,24.0,1.0544815,H3D2,7,CD8 T,TTCTCAAGTAAGCACG-1,CD8 T,train
IFNg,856,856,1665.0,43.0,2.5825827,H3D2,2,CD8 T,TTCTCAAGTACTTCTT-1,CD8 T,train
IFNg,3904,3903,12877.0,187.0,1.4522016,H3D2,18,Monocyte,TTCTCAATCTTGGGTA-1,Monocyte,train
IFNg,1050,1050,2459.0,41.0,1.6673443,H3D2,0,CD4 T,TTCTCCTCAAAGAATC-1,CD4 T,train
IFNg,2706,2706,9258.0,76.0,0.82091165,H3D2,18,Monocyte,TTCTCCTCACCACCAG-1,Monocyte,train
IFNg,1071,1071,2332.0,69.0,2.9588337,H3D2,9,B,TTCTTAGCAATGGATA-1,B,train
IFNg,665,665,1036.0,26.0,2.5096524,H3D2,2,CD8 T,TTCTTAGCAGTATCTG-1,CD8 T,train
IFNg,1093,1092,1920.0,53.0,2.7604167,H3D2,22,NK,TTCTTAGCATTTGCTT-1,NK,train
IFNg,1173,1173,2498.0,59.0,2.3618896,H3D2,18,Monocyte,TTGAACGGTTGACGTT-1,Monocyte,train
IFNg,1087,1087,2125.0,47.0,2.2117646,H3D2,2,CD8 T,TTGAACGTCCAGAAGG-1,CD8 T,train
IFNg,3212,3212,12353.0,215.0,1.7404679,H3D2,18,Monocyte,TTGACTTCAATCCAAC-1,Monocyte,train
IFNg,740,740,1298.0,47.0,3.6209555,H3D2,22,NK,TTGACTTCATCTCCCA-1,NK,train
IFNg,2297,2297,7220.0,173.0,2.3961217,H3D2,18,Monocyte,TTGACTTGTCATCGGC-1,Monocyte,train
IFNg,1504,1504,3497.0,100.0,2.8595939,H3D2,6,NK,TTGACTTTCAATCACG-1,NK,train
IFNg,2256,2256,7423.0,177.0,2.3844807,H3D2,18,Monocyte,TTGACTTTCATTGCCC-1,Monocyte,train
IFNg,785,785,1266.0,31.0,2.448657,H3D2,6,NK,TTGACTTTCCAGTAGT-1,NK,train
IFNg,3259,3259,11004.0,230.0,2.090149,H3D2,12,Monocyte,TTGACTTTCGATCCCT-1,Monocyte,train
IFNg,908,908,1838.0,97.0,5.2774754,H3D2,7,CD8 T,TTGCCGTCACAAGTAA-1,CD8 T,train
IFNg,2132,2131,5832.0,54.0,0.9259259,H3D2,18,Monocyte,TTGCCGTCATTCACTT-1,Monocyte,train
IFNg,1125,1125,2321.0,31.0,1.3356313,H3D2,0,CD4 T,TTGCCGTTCAGTTAGC-1,CD4 T,train
IFNg,3879,3879,13812.0,195.0,1.4118159,H3D2,18,Monocyte,TTGCCGTTCGGTGTTA-1,Monocyte,train
IFNg,893,893,1328.0,11.0,0.8283133,H3D2,6,NK,TTGCGTCAGCGGATCA-1,NK,train
IFNg,968,968,1909.0,31.0,1.6238868,H3D2,7,CD8 T,TTGCGTCCACAAGTAA-1,CD8 T,train
IFNg,3411,3410,13841.0,203.0,1.466657,H3D2,18,Monocyte,TTGCGTCCACAGTCGC-1,Monocyte,train
IFNg,3120,3119,9815.0,158.0,1.609781,H3D2,18,Monocyte,TTGCGTCCACGGTAGA-1,Monocyte,train
IFNg,2402,2402,6683.0,174.0,2.603621,H3D2,10,Monocyte,TTGCGTCCAGGTTTCA-1,Monocyte,train
IFNg,774,774,1244.0,13.0,1.045016,H3D2,6,NK,TTGCGTCTCATCTGTT-1,NK,train
IFNg,3195,3194,10841.0,166.0,1.531224,H3D2,18,Monocyte,TTGCGTCTCGAATGCT-1,Monocyte,train
IFNg,1138,1138,2198.0,47.0,2.1383076,H3D2,16,NK,TTGGAACAGAGACTAT-1,NK,train
IFNg,934,934,1971.0,40.0,2.0294268,H3D2,9,B,TTGGAACCAGGGTACA-1,B,train
IFNg,1002,1002,2089.0,54.0,2.5849688,H3D2,0,CD4 T,TTGGAACGTCTCGTTC-1,CD4 T,train
IFNg,685,685,1038.0,22.0,2.1194606,H3D2,6,NK,TTGGAACGTTCTCATT-1,NK,train
IFNg,927,926,1867.0,16.0,0.8569898,H3D2,3,CD4 T,TTGGCAAAGCGCTCCA-1,CD4 T,train
IFNg,4055,4054,15220.0,254.0,1.6688569,H3D2,18,Monocyte,TTGGCAAGTCAATACC-1,Monocyte,train
IFNg,3049,3049,10366.0,100.0,0.96469223,H3D2,18,Monocyte,TTGTAGGAGTGGTAGC-1,Monocyte,train
IFNg,640,640,1115.0,38.0,3.4080718,H3D2,3,CD4 T,TTGTAGGCATATACCG-1,CD4 T,train
IFNg,1107,1107,2525.0,52.0,2.0594058,H3D2,9,B,TTGTAGGGTGGGTCAA-1,B,train
IFNg,2411,2410,5580.0,196.0,3.5125449,H3D2,18,Monocyte,TTGTAGGTCCTCTAGC-1,Monocyte,train
IFNg,1410,1408,2781.0,40.0,1.4383315,H3D2,9,B,TTGTAGGTCTTAACCT-1,B,train
IFNg,1345,1345,2782.0,70.0,2.5161755,H3D2,2,CD8 T,TTTACTGAGATATACG-1,CD8 T,train
IFNg,809,809,1241.0,43.0,3.4649477,H3D2,6,NK,TTTATGCAGCCGATTT-1,NK,train
IFNg,1007,1007,1790.0,22.0,1.2290503,H3D2,0,CD4 T,TTTATGCCAAGGTTTC-1,CD4 T,train
IFNg,767,767,1252.0,35.0,2.7955272,H3D2,6,NK,TTTATGCCAGCTGCAC-1,NK,train
IFNg,400,400,541.0,27.0,4.990758,H3D2,23,CD4 T,TTTATGCGTATGAAAC-1,CD4 T,train
IFNg,949,949,1721.0,34.0,1.9755956,H3D2,7,CD8 T,TTTATGCGTTATGCGT-1,CD8 T,train
IFNg,1003,1003,1991.0,69.0,3.465595,H3D2,16,NK,TTTCCTCAGGGATACC-1,NK,train
IFNg,1555,1555,3377.0,81.0,2.3985786,H3D2,1,CD4 T,TTTCCTCCAAGGTTCT-1,CD4 T,train
IFNg,852,852,1556.0,23.0,1.478149,H3D2,0,CD4 T,TTTCCTCTCCTGTAGA-1,CD4 T,train
IFNg,3917,3915,15276.0,201.0,1.3157895,H3D2,18,Monocyte,TTTGCGCAGATGCCTT-1,Monocyte,train
IFNg,1245,1245,2733.0,65.0,2.3783388,H3D2,0,CD4 T,TTTGCGCAGTACCGGA-1,CD4 T,train
IFNg,3353,3352,11208.0,360.0,3.2119915,H3D2,18,Monocyte,TTTGCGCCAACCGCCA-1,Monocyte,train
IFNg,1471,1471,2613.0,29.0,1.1098354,H3D2,6,NK,TTTGCGCCAATACGCT-1,NK,train
IFNg,799,799,1254.0,24.0,1.9138756,H3D2,6,NK,TTTGCGCCATGTTGAC-1,NK,train
IFNg,1391,1391,3022.0,60.0,1.98544,H3D2,3,CD4 T,TTTGCGCGTGGACGAT-1,CD4 T,train
IFNg,1416,1416,3148.0,112.0,3.5578146,H3D2,7,CD8 T,TTTGGTTAGTGTCCCG-1,CD8 T,train
IFNg,2546,2546,6447.0,142.0,2.202575,H3D2,18,Monocyte,TTTGGTTCAAGGTTTC-1,Monocyte,train
IFNg,1009,1008,2133.0,83.0,3.891233,H3D2,3,CD4 T,TTTGGTTGTAATAGCA-1,CD4 T,train
IFNg,778,778,1140.0,43.0,3.7719297,H3D2,6,NK,TTTGGTTGTAGTACCT-1,NK,train
