pair_id,cell_type,partition,control_cell_id,ifng_cell_id
train_B_00000,B,train,ATCTACTGTCACCTAA-1,ATTACTCCAGGGCATA-1
train_B_00001,B,train,TGCGGGTCATTGCGGC-1,CTAAGACAGTCATGCT-1
train_B_00002,B,train,GCACATACACTTAAGC-1,TGTGTTTTCCGTAGGC-1
train_B_00003,B,train,CAAGATCGTTACTGAC-1,CACCTTGAGCGTGAGT-1
train_B_00004,B,train,ACGATGTTCGTTTAGG-1,TACGGTAGTAGCTTGT-1
train_B_00005,B,train,GTCTCGTTCAGCACAT-1,GTTAAGCTCCTTTACA-1
train_B_00006,B,train,CCCAATCAGCGGATCA-1,TTCTACATCAGTCAGT-1
train_B_00007,B,train,CTGCTGTTCTTAGAGC-1,CAGCATATCGCCGTGA-1
train_B_00008,B,train,CTTAGGATCACTCTTA-1,CAGCGACAGAGTACAT-1
train_B_00009,B,train,ATCCACCCACAGACTT-1,GTGCAGCGTTTGGCGC-1
train_B_00010,B,train,CAAGATCGTTACTGAC-1,CTAGAGTCACTTCTGC-1
train_B_00011,B,train,TCTTCGGAGCAGCGTA-1,GGGACCTTCCTTTCGG-1
train_B_00012,B,train,GTCGGGTGTTTGTTGG-1,AGCATACTCGCATGGC-1
train_B_00013,B,train,TAGTTGGGTACGAAAT-1,CCTACCAGTCGCCATG-1
train_B_00014,B,train,ACGATGTTCGTTTAGG-1,TCGCGTTTCGCCTGAG-1
train_B_00015,B,train,CAAGATCGTTACTGAC-1,TACGGTAGTAGCTTGT-1
train_B_00016,B,train,AAGTCTGAGAGTAAGG-1,TTAGGACGTCCAGTTA-1
train_B_00017,B,train,TTAGGCACAGTTCATG-1,CGATTGATCTCGTTTA-1
train_B_00018,B,train,GATCAGTGTACACCGC-1,AAGGAGCTCCTCAACC-1
train_B_00019,B,train,AGCTTGACAGTAAGCG-1,TGAGGGAAGCCGGTAA-1
train_B_00020,B,train,GTTCGGGGTACCGAGA-1,GCATGATCATAGGATA-1
train_B_00021,B,train,GTTCGGGCAAAGGAAG-1,GGGACCTTCCTTTCGG-1
train_B_00022,B,train,ATCTACTGTCACCTAA-1,GACCAATCACGGATAG-1
train_B_00023,B,train,GCAATCATCCCTTGCA-1,ACGTCAACATGGATGG-1
train_B_00024,B,train,ACACCCTCATTTCACT-1,AAGACCTCAGGGCATA-1
train_B_00025,B,train,CGCTTCAAGAGTTGGC-1,CTGCTGTAGGGAAACA-1
train_B_00026,B,train,CTCGTACTCTAACGGT-1,GGGTTGCCATCACGTA-1
train_B_00027,B,train,AACTTTCAGTGCCAGA-1,ATTACTCCAGGGCATA-1
train_B_00028,B,train,GTCAAGTGTATCAGTC-1,ACGATGTGTGGCTCCA-1
train_B_00029,B,train,TCGGTAACAGATCCAT-1,CTTACCGGTGTAATGA-1
train_B_00030,B,train,GCTGCAGTCACTTACT-1,ATCCACCAGGGTGTTG-1
train_B_00031,B,train,CTGCTGTAGTACGACG-1,AAGGAGCTCCTCAACC-1
train_B_00032,B,train,TTAGGCACAGTTCATG-1,GCTGGGTCAACTGCTA-1
train_B_00033,B,train,CACAGTACAAACTGCT-1,ACGGGTCTCTTGTTTG-1
train_B_00034,B,train,CCGGTAGGTTAAAGAC-1,TCTGAGAGTTATGCGT-1
train_B_00035,B,train,CAAGATCGTTACTGAC-1,GATCGTACATGCAACT-1
train_B_00036,B,train,CGCGGTATCTTTAGGG-1,TTGGAACCAGGGTACA-1
train_B_00037,B,train,GACCTGGTCTTCGAGA-1,GTCACAATCGAGAGCA-1
train_B_00038,B,train,CGGAGTCCAAGTAATG-1,GTTAAGCTCCTTTACA-1
train_B_00039,B,train,CAACTAGCACGGCTAC-1,ATCCACCAGGGTGTTG-1
train_B_00040,B,train,CTGGTCTCAAGCGCTC-1,AAAGTAGAGTGTGGCA-1
train_B_00041,B,train,CGGTTAATCTGCGGCA-1,GATCGTAGTATTAGCC-1
train_B_00042,B,train,AAGACCTTCGTTACAG-1,CCAATCCCAAAGCAAT-1
train_B_00043,B,train,CACAAACTCTGTCTCG-1,GTCACAATCGAGAGCA-1
train_B_00044,B,train,CAACTAGCACGGCTAC-1,CGTTGGGTCGTAGATC-1
train_B_00045,B,train,AAGACCTTCGCCAAAT-1,TGAGGGAAGCCGGTAA-1
train_B_00046,B,train,AACTTTCAGTGCCAGA-1,GATCGTACATGCAACT-1
train_B_00047,B,train,AGGGTGAGTACTCAAC-1,CTCGGGAAGGATGGTC-1
train_B_00048,B,train,AGGGAGTCATCACCCT-1,CTAGAGTCACTTCTGC-1
train_B_00049,B,train,TAGCCGGAGTAATCCC-1,TTGTAGGTCTTAACCT-1
train_B_00050,B,train,TCGGTAACAGATCCAT-1,TACGGTAGTAGCTTGT-1
train_B_00051,B,train,GTTCGGGGTACCGAGA-1,TTGTAGGGTGGGTCAA-1
train_B_00052,B,train,CGCTTCAAGAGTTGGC-1,GATCGTACATGCAACT-1
train_B_00053,B,train,GATCAGTGTACACCGC-1,TCTGAGAGTTATGCGT-1
train_B_00054,B,train,GATCAGTGTACACCGC-1,GTAGTCAAGGTGGGTT-1
train_B_00055,B,train,CGCGGTATCTTTAGGG-1,CGGAGCTAGAAACCAT-1
train_B_00056,B,train,CCGGTAGGTTAAAGAC-1,TGGTTCCGTACCCAAT-1
train_B_00057,B,train,TGTCCCACAGGAATCG-1,ATCCACCAGGGTGTTG-1
train_B_00058,B,train,CCTACCAAGAGGTTAT-1,GCTGGGTCAACTGCTA-1
train_B_00059,B,train,TAGCCGGAGTAATCCC-1,ATTACTCCAGGGCATA-1
train_B_00060,B,train,CCCAATCAGCGGATCA-1,TCGCGTTTCGCCTGAG-1
train_B_00061,B,train,AGGGAGTCATCACCCT-1,TGTGTTTAGTCCGTAT-1
train_B_00062,B,train,TAGGCATCACGACTCG-1,AACTCCCAGCAACGGT-1
train_B_00063,B,train,CTGAAACGTACCTACA-1,AAGGAGCTCCTCAACC-1
train_B_00064,B,train,CTGCTGTAGTACGACG-1,CTAGAGTCACTTCTGC-1
train_B_00065,B,train,TGTCCCACAGGAATCG-1,CTCGAGGCAAGTTCTG-1
train_B_00066,B,train,ACACCCTCATTTCACT-1,GTTCTCGTCTGTTTGT-1
train_B_00067,B,train,GTCTCGTTCAGCACAT-1,TGAGGGAAGCCGGTAA-1
train_B_00068,B,train,AGCCTAACACTGTTAG-1,AGCATACTCGCATGGC-1
train_B_00069,B,train,CACAAACTCTGTCTCG-1,CAACCAATCCAGAAGG-1
train_B_00070,B,train,TACTTACCAGCGTAAG-1,GATCGTAGTATTAGCC-1
train_B_00071,B,train,CGCGGTATCTTTAGGG-1,AGCTCTCAGCGAAGGG-1
train_B_00072,B,train,AGAGCTTAGCTGAACG-1,CTACATTTCTGCGGCA-1
train_B_00073,B,train,CGTAGGCAGGACACCA-1,CACCTTGAGCGTGAGT-1
train_B_00074,B,train,GTCAAGTGTATCAGTC-1,CGATTGATCTCGTTTA-1
train_B_00075,B,train,TCGTAGACACGAAAGC-1,GTCACAATCGAGAGCA-1
train_B_00076,B,train,ACACCCTCATTTCACT-1,TCTGAGAGTTATGCGT-1
train_B_00077,B,train,GCTGCAGTCACTTACT-1,GGAACTTGTATTCGTG-1
train_B_00078,B,train,GTCTCGTTCAGCACAT-1,TACGGTAGTAGCTTGT-1
train_B_00079,B,train,CCCAATCAGCGGATCA-1,ACGGGTCTCTTGTTTG-1
train_B_00080,B,train,AGCTTGACAGTAAGCG-1,CTACATTTCTGCGGCA-1
train_B_00081,B,train,CGCGGTATCTTTAGGG-1,ATAAGAGTCAGTTCGA-1
train_B_00082,B,train,ACTGATGCATCGGGTC-1,CTACATTTCTGCGGCA-1
train_B_00083,B,train,ACACCCTCATTTCACT-1,GCGCAGTAGAGGGCTT-1
train_B_00084,B,train,AGGGTGAGTACTCAAC-1,TGAGGGAAGCCGGTAA-1
train_B_00085,B,train,CGGAGTCCAAGTAATG-1,GATCGTACATGCAACT-1
train_B_00086,B,train,GAACGGATCTCTAGGA-1,CTGTGCTGTCACTGGC-1
train_B_00087,B,train,AGCTTGACAGTAAGCG-1,GTCACGGCACCGATAT-1
train_B_00088,B,train,AGGGTGATCGGAATCT-1,TTAGGACGTCCAGTTA-1
train_B_00089,B,train,ACACCCTCATTTCACT-1,CACAGTAAGCGTCAAG-1
train_B_00090,B,train,CGGAGTCCAAGTAATG-1,AAGGAGCTCCTCAACC-1
train_B_00091,B,train,ACACCCTCATTTCACT-1,GATCGTACATGCAACT-1
train_B_00092,B,train,ATCTACTGTCACCTAA-1,TGGTTCCGTACCCAAT-1
train_B_00093,B,train,AGCCTAACACTGTTAG-1,TCTGAGAGTTATGCGT-1
train_B_00094,B,train,AACCATGCACCAGATT-1,ATCTACTAGGAACTGC-1
train_B_00095,B,train,GCACATACACTTAAGC-1,TTCTTAGCAATGGATA-1
train_B_00096,B,train,AACCGCGGTGGTCTCG-1,TGAGGGAGTCTCCACT-1
train_B_00097,B,train,AGAGCTTAGCTGAACG-1,GTTACAGTCAACTCTT-1
train_B_00098,B,train,CACAGTACAAACTGCT-1,GATCGTAGTATTAGCC-1
train_B_00099,B,train,CTGAAACGTACCTACA-1,TGGCTGGCACGTCTCT-1
train_B_00100,B,train,TTAGGCACAGTTCATG-1,AACTCTTTCAACACGT-1
train_B_00101,B,train,CTGCTGTTCTTAGAGC-1,ATTACTCCAGGGCATA-1
train_B_00102,B,train,ATCTACTGTCACCTAA-1,GTGCAGCGTTTGGCGC-1
train_B_00103,B,train,TGTCCCACAGGAATCG-1,CTTACCGGTGTAATGA-1
train_B_00104,B,train,GGCTGGTCATCCGCGA-1,AAAGTAGAGTGTGGCA-1
train_B_00105,B,train,CGCGGTATCTTTAGGG-1,TTGGAACCAGGGTACA-1
train_B_00106,B,train,CCCAATCAGCGGATCA-1,GCATGATCACTTCTGC-1
train_B_00107,B,train,GTCGGGTGTTTGTTGG-1,GGAACTTGTATTCGTG-1
train_B_00108,B,train,AACTTTCAGTGCCAGA-1,TACGGTAGTAGCTTGT-1
train_B_00109,B,train,AACTTTCAGTGCCAGA-1,ATAAGAGTCAGTTCGA-1
train_B_00110,B,train,AACCGCGGTGGTCTCG-1,GCATGATCATAGGATA-1
train_B_00111,B,train,GAACGGATCTCTAGGA-1,CTACATTTCTGCGGCA-1
train_B_00112,B,train,CCGGTAGGTTAAAGAC-1,ACGGGTCTCTTGTTTG-1
train_B_00113,B,train,TTAGGCACAGTTCATG-1,ATCTACTAGGAACTGC-1
train_B_00114,B,train,CTTAGGATCACTCTTA-1,GGGAATGCACGGTTTA-1
train_B_00115,B,train,AAGACCTTCGCCAAAT-1,TCTGAGAGTTATGCGT-1
train_B_00116,B,train,TCTTCGGAGCAGCGTA-1,ACTGTCCGTCGCGAAA-1
train_B_00117,B,train,TCGTAGACACGAAAGC-1,ATAAGAGTCAGTTCGA-1
train_B_00118,B,train,AGGGTGAGTACTCAAC-1,AACTCTTTCAACACGT-1
train_B_00119,B,train,ACGGGCTCACCGAATT-1,CTCGGGAAGGATGGTC-1
train_B_00120,B,train,ACGAGGACATCACGTA-1,GACAGAGCACCATCCT-1
train_B_00121,B,train,GATCAGTGTACACCGC-1,CTTACCGGTGTAATGA-1
train_B_00122,B,train,AAGTCTGAGAGTAAGG-1,ATCTACTAGGAACTGC-1
train_B_00123,B,train,AACCGCGGTGGTCTCG-1,GACCAATCACGGATAG-1
train_B_00124,B,train,CAACCTCCAGTCGTGC-1,GACAGAGCACCATCCT-1
train_B_00125,B,train,AAGACCTTCGTTACAG-1,TGAGGGAAGCCGGTAA-1
train_B_00126,B,train,AGCCTAACACTGTTAG-1,TACGGTAGTAGCTTGT-1
train_B_00127,B,train,ACGATGTTCGTTTAGG-1,AAGGAGCTCCTCAACC-1
train_B_00128,B,train,TCGGTAACAGATCCAT-1,GTTACAGTCAACTCTT-1
train_B_00129,B,train,TCGTAGACACGAAAGC-1,ATCTACTAGGAACTGC-1
train_B_00130,B,train,ACTGATGCATCGGGTC-1,CTAAGACAGTCATGCT-1
train_B_00131,B,train,GTCTCGTTCAGCACAT-1,ATTACTCCAGGGCATA-1
train_B_00132,B,train,AAGTCTGAGAGTAAGG-1,TGAGGGAGTCTCCACT-1
train_B_00133,B,train,GATCAGTGTACACCGC-1,CTCTAATGTGCAACGA-1
train_B_00134,B,train,TCTTCGGAGCAGCGTA-1,CGTTGGGTCGTAGATC-1
train_B_00135,B,train,GACCTGGTCTTCGAGA-1,TGTGTTTAGTCCGTAT-1
train_B_00136,B,train,AGCTTGACAGTAAGCG-1,GTCACAATCGAGAGCA-1
train_B_00137,B,train,ATCACGATCCACTGGG-1,GTGCAGCGTTTGGCGC-1
train_B_00138,B,train,TCGTAGACACGAAAGC-1,TGCACCTGTGCAGGTA-1
train_B_00139,B,train,CGTAGGCAGGACACCA-1,CTCTAATGTGCAACGA-1
train_B_00140,B,train,AAGACCTTCGTTACAG-1,ATCCACCAGGGTGTTG-1
train_B_00141,B,train,CGCTTCAAGAGTTGGC-1,CGCGTTTAGATGTGTA-1
train_B_00142,B,train,CGTAGGCAGGACACCA-1,AACTCTTTCAACACGT-1
train_B_00143,B,train,TGCGGGTCATTGCGGC-1,TCGCGTTTCGCCTGAG-1
train_B_00144,B,train,TAGTTGGGTACGAAAT-1,CCTACCAGTCGCCATG-1
train_B_00145,B,train,CCTACCAAGAGGTTAT-1,GGGAATGCACGGTTTA-1
train_B_00146,B,train,AGGGTGATCGGAATCT-1,CTAGAGTCACCAGTTA-1
train_B_00147,B,train,GGCTGGTGTATGAATG-1,GTCAAGTTCTCCAGGG-1
train_B_00148,B,train,TCGTAGACACGAAAGC-1,CTAGAGTCACCAGTTA-1
train_B_00149,B,train,CAAGATCGTTACTGAC-1,TGGTTCCGTACCCAAT-1
train_B_00150,B,train,ACGATGTTCGTTTAGG-1,TTAGGACGTCCAGTTA-1
train_B_00151,B,train,TCTTCGGAGCAGCGTA-1,AAGGAGCTCCTCAACC-1
train_B_00152,B,train,AGCTTGACAGTAAGCG-1,CGTTGGGTCGTAGATC-1
train_B_00153,B,train,TAGCCGGAGTAATCCC-1,TCGCGTTTCGCCTGAG-1
train_B_00154,B,train,TGCGGGTCATTGCGGC-1,ATCCACCAGGGTGTTG-1
train_B_00155,B,train,TTCCCAGTCTTGCAAG-1,TTGTAGGGTGGGTCAA-1
train_B_00156,B,train,GTCGGGTGTTTGTTGG-1,CGATTGATCTCGTTTA-1
train_B_00157,B,train,AGCTTGACAGTAAGCG-1,GACAGAGCACCATCCT-1
train_B_00158,B,train,ATCTACTGTCACCTAA-1,CTAGAGTCACCAGTTA-1
train_B_00159,B,train,TAGTTGGGTACGAAAT-1,ACGATGTGTGGCTCCA-1
train_B_00160,B,train,CAACCTCCAGTCGTGC-1,ATCTACTAGGAACTGC-1
train_B_00161,B,train,CGCTTCAAGAGTTGGC-1,ACGTCAACATGGATGG-1
train_B_00162,B,train,GACCTGGTCTTCGAGA-1,CGGAGCTAGAAACCAT-1
train_B_00163,B,train,CGGTTAATCTGCGGCA-1,TGTCCCATCCGCTGTT-1
train_B_00164,B,train,TAGCCGGAGTAATCCC-1,CCTACCAGTCGCCATG-1
train_B_00165,B,train,CTAAGACCAAGCTGTT-1,ATCGAGTGTCCGAATT-1
train_B_00166,B,train,CTGGTCTCAAGCGCTC-1,TTAGGACGTCCAGTTA-1
train_B_00167,B,train,ACACCCTCATTTCACT-1,GTTCTCGTCTGTTTGT-1
train_B_00168,B,train,GAACGGATCTCTAGGA-1,ACTGTCCGTCGCGAAA-1
train_B_00169,B,train,TAGTTGGGTACGAAAT-1,GTTACAGTCAACTCTT-1
train_B_00170,B,train,CCGTTCAAGCAATATG-1,CAACCAATCCAGAAGG-1
train_B_00171,B,train,CTGGTCTCAAGCGCTC-1,CTAGAGTCACTTCTGC-1
train_B_00172,B,train,ATCACGATCCACTGGG-1,GATCGTACATGCAACT-1
train_B_00173,B,train,ACATGGTTCGGATGTT-1,CACAGTAAGCGTCAAG-1
train_B_00174,B,train,CCCAATCAGCGGATCA-1,CTAGAGTCACTTCTGC-1
train_B_00175,B,train,GGCTGGTGTATGAATG-1,AGCATACTCGCATGGC-1
train_B_00176,B,train,ATCTACTGTCACCTAA-1,TTCTACATCAGTCAGT-1
train_B_00177,B,train,ACATGGTTCGGATGTT-1,CCAATCCCAAAGCAAT-1
train_B_00178,B,train,ATCACGATCCACTGGG-1,CTAGAGTCACTTCTGC-1
train_B_00179,B,train,CACAAACTCTGTCTCG-1,GGATGTTCAAGCCATT-1
train_B_00180,B,train,CGCGGTATCTTTAGGG-1,ATCTACTAGGAACTGC-1
train_B_00181,B,train,GATCAGTGTACACCGC-1,TGAGGGAAGCCGGTAA-1
train_B_00182,B,train,ACATGGTTCGGATGTT-1,TTCTACATCAGTCAGT-1
train_B_00183,B,train,CGCGGTATCTTTAGGG-1,CTTACCGGTGTAATGA-1
train_B_00184,B,train,GTCAAGTGTATCAGTC-1,AGCTCTCAGCGAAGGG-1
train_B_00185,B,train,AAGACCTTCGTTACAG-1,AGCATACTCGCATGGC-1
train_B_00186,B,train,TCTTCGGAGCAGCGTA-1,CGGAGCTAGAAACCAT-1
train_B_00187,B,train,CTTAGGATCACTCTTA-1,TCTGAGAGTTATGCGT-1
train_B_00188,B,train,CGGTTAATCTGCGGCA-1,AACTCTTTCAACACGT-1
train_B_00189,B,train,CAAGATCGTTACTGAC-1,GACCAATCACGGATAG-1
train_B_00190,B,train,CCTACCAAGAGGTTAT-1,GGATGTTCAAGCCATT-1
train_B_00191,B,train,CACAAACTCTGTCTCG-1,CTCTAATGTGCAACGA-1
train_B_00192,B,train,GCACATACACTTAAGC-1,GCATGATCACTTCTGC-1
train_B_00193,B,train,ACTGATGCATCGGGTC-1,GTTAAGCTCCTTTACA-1
train_B_00194,B,train,GCTGCAGTCACTTACT-1,GTCACAATCGAGAGCA-1
train_B_00195,B,train,AGAGCTTAGCTGAACG-1,AAGACCTCAGGGCATA-1
train_B_00196,B,train,TGCGGGTCATTGCGGC-1,GTTCTCGTCTGTTTGT-1
train_B_00197,B,train,TTCCCAGTCTTGCAAG-1,ATCGAGTGTCCGAATT-1
train_B_00198,B,train,AGAGCTTAGCTGAACG-1,TGAGGGAGTCTCCACT-1
train_B_00199,B,train,CTGGTCTCAAGCGCTC-1,AACTCTTTCAACACGT-1
train_B_00200,B,train,TAGCCGGAGTAATCCC-1,GGATGTTCAAGCCATT-1
train_B_00201,B,train,CTGCTGTAGTACGACG-1,CAGCATATCGCCGTGA-1
train_B_00202,B,train,CTGGTCTCAAGCGCTC-1,CACAGTAAGCGTCAAG-1
train_B_00203,B,train,GTCTCGTTCAGCACAT-1,CTGCTGTAGGGAAACA-1
train_B_00204,B,train,AAGACCTTCGCCAAAT-1,AAAGTAGAGTGTGGCA-1
train_B_00205,B,train,CACAGTACAAACTGCT-1,ATCTACTAGGAACTGC-1
train_B_00206,B,train,AACTTTCAGTGCCAGA-1,CTGCTGTAGGGAAACA-1
train_B_00207,B,train,ACGGGCTCACCGAATT-1,AAGACCTCAGGGCATA-1
train_B_00208,B,train,CTAAGACCAAGCTGTT-1,ATAAGAGTCAGTTCGA-1
train_B_00209,B,train,CTGGTCTCAAGCGCTC-1,ACGGGTCTCTTGTTTG-1
train_B_00210,B,train,TAGTTGGGTACGAAAT-1,CCTACCAGTCGCCATG-1
train_B_00211,B,train,CCCAATCAGCGGATCA-1,CGTTGGGTCGTAGATC-1
train_B_00212,B,train,GTTCGGGGTACCGAGA-1,GTTCTCGTCTGTTTGT-1
train_B_00213,B,train,CCCAATCAGCGGATCA-1,CTCGGGAAGGATGGTC-1
train_B_00214,B,train,AAGACCTTCGCCAAAT-1,ATCTACTAGGAACTGC-1
train_B_00215,B,train,AAGTCTGAGAGTAAGG-1,ATCGAGTGTCCGAATT-1
train_B_00216,B,train,TAGGCATCACGACTCG-1,TACGGTAGTAGCTTGT-1
train_B_00217,B,train,CCGGTAGGTTAAAGAC-1,GACAGAGCACCATCCT-1
train_B_00218,B,train,AGCCTAACACTGTTAG-1,CAGCATATCGCCGTGA-1
train_B_00219,B,train,AAGACCTTCGCCAAAT-1,GGATGTTCAAGCCATT-1
train_B_00220,B,train,AGCCTAACACTGTTAG-1,CATCCACAGCAGATCG-1
train_B_00221,B,train,TCGTAGACACGAAAGC-1,CGGAGCTAGAAACCAT-1
train_B_00222,B,train,ACGATGTTCGTTTAGG-1,AGCATACTCGCATGGC-1
train_B_00223,B,train,CACAAACTCTGTCTCG-1,GACTGCGAGGTGATTA-1
train_B_00224,B,train,ATCCACCCACAGACTT-1,GGAACTTGTATTCGTG-1
train_B_00225,B,train,GCTGCAGTCACTTACT-1,ATCTACTAGGAACTGC-1
train_B_00226,B,train,CACAGTACAAACTGCT-1,TGTCCCATCCGCTGTT-1
train_B_00227,B,train,CTGCTGTTCTTAGAGC-1,CTAAGACAGTCATGCT-1
train_B_00228,B,train,AAGACCTTCGTTACAG-1,TTCTTAGCAATGGATA-1
train_B_00229,B,train,CCGTTCAAGCAATATG-1,CTACATTTCTGCGGCA-1
train_B_00230,B,train,CTAAGACCAAGCTGTT-1,CTCGGAGTCTCGGACG-1
train_B_00231,B,train,CAACTAGCACGGCTAC-1,GGTGTTATCTGAAAGA-1
train_B_00232,B,train,GACCTGGTCTTCGAGA-1,GCATGATCACTTCTGC-1
train_B_00233,B,train,AACTTTCAGTGCCAGA-1,TAAACCGAGCGTTGCC-1
train_B_00234,B,train,AAGTCTGAGAGTAAGG-1,AGCATACTCGCATGGC-1
train_B_00235,B,train,GACCTGGTCTTCGAGA-1,CGATTGATCTCGTTTA-1
train_B_00236,B,train,CTGGTCTCAAGCGCTC-1,AGCATACTCGCATGGC-1
train_B_00237,B,train,ACACCCTCATTTCACT-1,GGTGTTATCTGAAAGA-1
train_B_00238,B,train,CTGCTGTAGTACGACG-1,CAGCGACAGAGTACAT-1
train_B_00239,B,train,AGCTTGACAGTAAGCG-1,CAGCATATCGCCGTGA-1
train_B_00240,B,train,CGGAGTCCAAGTAATG-1,CTACATTTCTGCGGCA-1
train_B_00241,B,train,TGTCCCACAGGAATCG-1,TGGCTGGCACGTCTCT-1
train_B_00242,B,train,AGAGCTTAGCTGAACG-1,TTGTAGGGTGGGTCAA-1
train_B_00243,B,train,CACAAACTCTGTCTCG-1,AGCTCTCAGCGAAGGG-1
train_B_00244,B,train,GTCTCGTTCAGCACAT-1,GACTGCGAGGTGATTA-1
train_B_00245,B,train,CAAGATCGTTACTGAC-1,GCTGGGTCAACTGCTA-1
train_B_00246,B,train,GTTCGGGGTACCGAGA-1,AAGGAGCTCCTCAACC-1
train_B_00247,B,train,GCAATCATCCCTTGCA-1,CACAGTAAGCGTCAAG-1
train_B_00248,B,train,CTAAGACCAAGCTGTT-1,ATCGAGTGTCCGAATT-1
train_B_00249,B,train,AGGGTGATCGGAATCT-1,CGATTGATCTCGTTTA-1
train_B_00250,B,train,GTCTCGTTCAGCACAT-1,CTCGGGAAGGATGGTC-1
train_B_00251,B,train,CACAAACTCTGTCTCG-1,CTACATTTCTGCGGCA-1
train_B_00252,B,train,TCTTCGGAGCAGCGTA-1,CTAGAGTCACCAGTTA-1
train_B_00253,B,train,ATCCACCCACAGACTT-1,ATCTACTAGGAACTGC-1
train_B_00254,B,train,ACACCCTCATTTCACT-1,GTCAAGTTCTCCAGGG-1
train_B_00255,B,train,GCACATACACTTAAGC-1,GATCGATAGGAGTCTG-1
train_B_00256,B,train,CACAGTACAAACTGCT-1,CAACCAATCCAGAAGG-1
train_B_00257,B,train,AAGTCTGAGAGTAAGG-1,TGGTTCCGTACCCAAT-1
train_B_00258,B,train,GTTCGGGGTACCGAGA-1,CTACATTTCTGCGGCA-1
train_B_00259,B,train,CACAAACTCTGTCTCG-1,TTGGAACCAGGGTACA-1
train_B_00260,B,train,TGACTAGAGGAACTGC-1,AAGGAGCTCCTCAACC-1
train_B_00261,B,train,TTCCCAGTCTTGCAAG-1,ACTGTCCGTCGCGAAA-1
train_B_00262,B,train,TAGTTGGGTACGAAAT-1,GATCGTAGTATTAGCC-1
train_B_00263,B,train,GAACGGATCTCTAGGA-1,ACGGGTCTCTTGTTTG-1
train_B_00264,B,train,AGGGAGTCATCACCCT-1,GCGCAGTAGAGGGCTT-1
train_B_00265,B,train,CGCTTCAAGAGTTGGC-1,CTACATTTCTGCGGCA-1
train_B_00266,B,train,TAGCCGGAGTAATCCC-1,ACGATACGTCCAACTA-1
train_B_00267,B,train,ATCACGATCCACTGGG-1,TTCTACATCAGTCAGT-1
train_B_00268,B,train,GCACATACACTTAAGC-1,CACAGGCCAGCCTTGG-1
train_B_00269,B,train,AACCGCGGTGGTCTCG-1,GTCACGGCACCGATAT-1
train_B_00270,B,train,GCTGCAGTCACTTACT-1,CGGAGCTAGAAACCAT-1
train_B_00271,B,train,TCGTAGACACGAAAGC-1,CGGAGCTAGAAACCAT-1
train_B_00272,B,train,AAGTCTGAGAGTAAGG-1,AGCATACTCGCATGGC-1
train_B_00273,B,train,TCTTCGGAGCAGCGTA-1,TTCTTAGCAATGGATA-1
train_B_00274,B,train,AAGTCTGAGAGTAAGG-1,TGAGGGAGTCTCCACT-1
train_B_00275,B,train,TTAGGCACAGTTCATG-1,TGGTTCCGTACCCAAT-1
train_B_00276,B,train,CGCTTCAAGAGTTGGC-1,GTCACGGCACCGATAT-1
train_B_00277,B,train,CGCTTCAAGAGTTGGC-1,CTAGAGTCACTTCTGC-1
train_B_00278,B,train,AAGTCTGAGAGTAAGG-1,CAGCATATCGCCGTGA-1
train_B_00279,B,train,CTGCTGTTCTTAGAGC-1,TTCTACATCAGTCAGT-1
train_B_00280,B,train,AGCCTAACACTGTTAG-1,CAGCATATCGCCGTGA-1
train_B_00281,B,train,ATCACGATCCACTGGG-1,TCGCGTTTCGCCTGAG-1
train_B_00282,B,train,ACACCCTCATTTCACT-1,GATCGTACATGCAACT-1
train_B_00283,B,train,TACTTACCAGCGTAAG-1,GTCAAGTTCTCCAGGG-1
train_B_00284,B,train,ACATGGTTCGGATGTT-1,ACGTCAACATGGATGG-1
train_B_00285,B,train,CTGCTGTAGTACGACG-1,GTTCTCGTCTGTTTGT-1
train_B_00286,B,train,CTGAAACGTACCTACA-1,TTCTACATCAGTCAGT-1
train_B_00287,B,train,ATCCACCCACAGACTT-1,TTAGGACGTCCAGTTA-1
train_B_00288,B,train,ACACCCTCATTTCACT-1,GTAGTCAAGGTGGGTT-1
train_B_00289,B,train,ATCCACCCACAGACTT-1,GTCACGGCACCGATAT-1
train_B_00290,B,train,AGGGTGAGTACTCAAC-1,CACCTTGAGCGTGAGT-1
train_B_00291,B,train,CAAGATCGTTACTGAC-1,GGGTTGCCATCACGTA-1
train_B_00292,B,train,CGGAGTCCAAGTAATG-1,AGCATACTCGCATGGC-1
train_B_00293,B,train,GATCAGTGTACACCGC-1,CTGCTGTAGGGAAACA-1
train_B_00294,B,train,TCGTAGACACGAAAGC-1,GCATGATCACTTCTGC-1
train_B_00295,B,train,GTCGGGTGTTTGTTGG-1,TTCTTAGCAATGGATA-1
train_B_00296,B,train,TACTTACCAGCGTAAG-1,CCTACCAGTCGCCATG-1
train_B_00297,B,train,ACATGGTTCGGATGTT-1,CATCCACAGCAGATCG-1
train_B_00298,B,train,GTCGGGTGTTTGTTGG-1,CTGCTGTAGGGAAACA-1
train_B_00299,B,train,TGACTAGAGGAACTGC-1,TGCTGCTGTAGCGATG-1
train_B_00300,B,train,GGCTGGTCATCCGCGA-1,GGGAATGCACGGTTTA-1
train_B_00301,B,train,GTCAAGTGTATCAGTC-1,CACAGTAAGCGTCAAG-1
train_B_00302,B,train,ACTGATGCATCGGGTC-1,CTCGAGGCAAGTTCTG-1
train_B_00303,B,train,GTTCGGGCAAAGGAAG-1,CACAGTAAGCGTCAAG-1
train_B_00304,B,train,CTGCTGTAGTACGACG-1,TGTCCCATCCGCTGTT-1
train_B_00305,B,train,AGAGTGGGTTGGACCC-1,CACAGGCCAGCCTTGG-1
train_B_00306,B,train,TAGTTGGGTACGAAAT-1,GTTACAGTCAACTCTT-1
train_B_00307,B,train,ACGATGTTCGTTTAGG-1,TGGTTCCGTACCCAAT-1
train_B_00308,B,train,ATCACGATCCACTGGG-1,ACTGTCCGTCGCGAAA-1
train_B_00309,B,train,GGCTGGTCATCCGCGA-1,GTGCAGCGTTTGGCGC-1
train_B_00310,B,train,AGCTTGACAGTAAGCG-1,AAGGAGCTCCTCAACC-1
train_B_00311,B,train,TGACTAGAGGAACTGC-1,CAGCATATCGCCGTGA-1
train_B_00312,B,train,AAGTCTGAGAGTAAGG-1,ACTGTCCGTCGCGAAA-1
train_B_00313,B,train,CAACTAGCACGGCTAC-1,ATCCACCAGGGTGTTG-1
train_B_00314,B,train,GTCGGGTGTTTGTTGG-1,ATCTACTAGGAACTGC-1
train_B_00315,B,train,ACACCCTCATTTCACT-1,GTCAAGTTCTCCAGGG-1
train_B_00316,B,train,CAAGATCGTTACTGAC-1,TGAGGGAGTCTCCACT-1
train_B_00317,B,train,CAACCTCCAGTCGTGC-1,ATAACGCCAATGAATG-1
train_B_00318,B,train,GACCTGGTCTTCGAGA-1,GCTGGGTCAACTGCTA-1
train_B_00319,B,train,TACTTACCAGCGTAAG-1,TGTGTTTAGTCCGTAT-1
train_B_00320,B,train,ACGGGCTCACCGAATT-1,GGGTTGCCATCACGTA-1
train_B_00321,B,train,TACTTACCAGCGTAAG-1,AGCATACTCGCATGGC-1
train_B_00322,B,train,GACCTGGTCTTCGAGA-1,TGCACCTGTGCAGGTA-1
train_B_00323,B,train,AGCTTGACAGTAAGCG-1,GGGTTGCCATCACGTA-1
train_B_00324,B,train,CGCTTCAAGAGTTGGC-1,GATCGTACATGCAACT-1
train_B_00325,B,train,ACGGGCTCACCGAATT-1,CAACCAATCCAGAAGG-1
train_B_00326,B,train,AGGGAGTCATCACCCT-1,ACGATGTGTGGCTCCA-1
train_B_00327,B,train,CGGAGTCCAAGTAATG-1,GGGAATGCACGGTTTA-1
train_B_00328,B,train,GACCTGGTCTTCGAGA-1,CTTACCGGTGTAATGA-1
train_B_00329,B,train,ATCTACTGTCACCTAA-1,TGTGTTTAGTCCGTAT-1
train_B_00330,B,train,GCTGCAGTCACTTACT-1,TGTCCCATCCGCTGTT-1
train_B_00331,B,train,TAGCCGGAGTAATCCC-1,TGAGGGAAGCCGGTAA-1
train_B_00332,B,train,ACGAGGACATCACGTA-1,TACACGACAAGTTGTC-1
train_B_00333,B,train,CGCGGTATCTTTAGGG-1,GGAACTTGTATTCGTG-1
train_B_00334,B,train,AACCATGCACCAGATT-1,CTGTGCTGTCACTGGC-1
train_B_00335,B,train,AGCTTGACAGTAAGCG-1,GACAGAGCACCATCCT-1
train_B_00336,B,train,CACAAACTCTGTCTCG-1,TGGTTCCGTACCCAAT-1
train_B_00337,B,train,CCGTTCAAGCAATATG-1,CTCGGAGTCTCGGACG-1
train_B_00338,B,train,ATCCACCCACAGACTT-1,TTCTTAGCAATGGATA-1
train_B_00339,B,train,AGCTTGACAGTAAGCG-1,GTCAAGTTCTCCAGGG-1
train_B_00340,B,train,ACATGGTTCGGATGTT-1,AGCTCTCAGCGAAGGG-1
train_B_00341,B,train,GCACATACACTTAAGC-1,GTTCTCGTCTGTTTGT-1
train_B_00342,B,train,GCTGCAGTCACTTACT-1,CGTTGGGTCGTAGATC-1
train_B_00343,B,train,TTAGGCACAGTTCATG-1,GGGACCTTCCTTTCGG-1
train_B_00344,B,train,ATCCACCCACAGACTT-1,CGGAGCTAGAAACCAT-1
train_B_00345,B,train,CTGGTCTCAAGCGCTC-1,CTGTGCTGTCACTGGC-1
train_B_00346,B,train,AAGTCTGAGAGTAAGG-1,ACGATGTGTGGCTCCA-1
train_B_00347,B,train,AGGGAGTCATCACCCT-1,GTTAAGCTCCTTTACA-1
train_B_00348,B,train,CCGGTAGGTTAAAGAC-1,CTAAGACAGTCATGCT-1
train_B_00349,B,train,GTTCGGGGTACCGAGA-1,CGGAGCTAGAAACCAT-1
train_B_00350,B,train,TTAGGCACAGTTCATG-1,GCGCAGTAGAGGGCTT-1
train_B_00351,B,train,CAAGATCGTTACTGAC-1,CAGCATATCGCCGTGA-1
train_B_00352,B,train,TAGCCGGAGTAATCCC-1,CCACTACCAGGCGATA-1
train_B_00353,B,train,AAGTCTGAGAGTAAGG-1,AAGGAGCTCCTCAACC-1
train_B_00354,B,train,ATCACGATCCACTGGG-1,CACAGTAAGCGTCAAG-1
train_B_00355,B,train,ACGGGCTCACCGAATT-1,ATTACTCCAGGGCATA-1
train_B_00356,B,train,CTGAAACGTACCTACA-1,TTGGAACCAGGGTACA-1
train_B_00357,B,train,CACAAACTCTGTCTCG-1,TTGGAACCAGGGTACA-1
train_B_00358,B,train,AGCTTGACAGTAAGCG-1,CCAATCCCAAAGCAAT-1
train_B_00359,B,train,TACTTACCAGCGTAAG-1,GGATGTTCAAGCCATT-1
train_B_00360,B,train,TAGGCATCACGACTCG-1,TTGTAGGTCTTAACCT-1
train_B_00361,B,train,AGCTTGACAGTAAGCG-1,CTACATTTCTGCGGCA-1
train_B_00362,B,train,AGGGTGATCGGAATCT-1,CTAGAGTCACCAGTTA-1
train_B_00363,B,train,GTCTCGTTCAGCACAT-1,TTCTTAGCAATGGATA-1
train_B_00364,B,train,CTGGTCTCAAGCGCTC-1,GGGAATGCACGGTTTA-1
train_B_00365,B,train,AAGTCTGAGAGTAAGG-1,ACGATACGTCCAACTA-1
train_B_00366,B,train,CGGAGTCCAAGTAATG-1,CAGCATATCGCCGTGA-1
train_B_00367,B,train,TAGCCGGAGTAATCCC-1,CGATTGATCTCGTTTA-1
train_B_00368,B,train,TCTTCGGAGCAGCGTA-1,CAACCAATCCAGAAGG-1
train_B_00369,B,train,GCTGCAGTCACTTACT-1,CTCGAGGCAAGTTCTG-1
train_B_00370,B,train,AGAGCTTAGCTGAACG-1,AACTCTTTCAACACGT-1
train_B_00371,B,train,ACACCCTCATTTCACT-1,CACCTTGAGCGTGAGT-1
train_B_00372,B,train,TCGGTAACAGATCCAT-1,ACGTCAACATGGATGG-1
train_B_00373,B,train,AACTTTCAGTGCCAGA-1,TCGCGTTTCGCCTGAG-1
train_B_00374,B,train,AGCTTGACAGTAAGCG-1,GGGTTGCCATCACGTA-1
train_B_00375,B,train,AGGGTGAGTACTCAAC-1,CAGCGACAGAGTACAT-1
train_B_00376,B,train,CGGAGTCCAAGTAATG-1,CCTACCAGTCGCCATG-1
train_B_00377,B,train,AGAGCTTAGCTGAACG-1,CTTACCGGTGTAATGA-1
train_B_00378,B,train,TCGTAGACACGAAAGC-1,GTAGTCAAGGTGGGTT-1
train_B_00379,B,train,GACCTGGTCTTCGAGA-1,TTGGAACCAGGGTACA-1
train_B_00380,B,train,ATCTACTGTCACCTAA-1,CTGCTGTAGGGAAACA-1
train_B_00381,B,train,CGCTTCAAGAGTTGGC-1,GACAGAGCACCATCCT-1
train_B_00382,B,train,ACGGGCTCACCGAATT-1,AAAGTAGAGTGTGGCA-1
train_B_00383,B,train,CTGAAACGTACCTACA-1,CACAGTAAGCGTCAAG-1
train_B_00384,B,train,TAGGCATCACGACTCG-1,ACGATGTGTGGCTCCA-1
train_B_00385,B,train,ATCACGATCCACTGGG-1,GCTGGGTCAACTGCTA-1
train_B_00386,B,train,CGGTTAATCTGCGGCA-1,AGCTCTCAGCGAAGGG-1
train_B_00387,B,train,TTAGGCACAGTTCATG-1,TGCACCTGTGCAGGTA-1
train_B_00388,B,train,CGCGGTATCTTTAGGG-1,CTCGGGAAGGATGGTC-1
train_B_00389,B,train,ACACCCTCATTTCACT-1,CGTTGGGTCGTAGATC-1
train_B_00390,B,train,CAACTAGCACGGCTAC-1,CCACTACCAGGCGATA-1
train_B_00391,B,train,GATCAGTGTACACCGC-1,ACGATGTGTGGCTCCA-1
train_B_00392,B,train,AACTTTCAGTGCCAGA-1,CTGCTGTAGGGAAACA-1
train_B_00393,B,train,CTAAGACCAAGCTGTT-1,CTCGGAGTCTCGGACG-1
train_B_00394,B,train,CCTACCAAGAGGTTAT-1,AAGACCTCAGGGCATA-1
train_B_00395,B,train,TTCCCAGTCTTGCAAG-1,TACGGTAGTAGCTTGT-1
train_B_00396,B,train,GTCTCGTTCAGCACAT-1,ACGATACGTCCAACTA-1
train_B_00397,B,train,TGCGGGTCATTGCGGC-1,ATAAGAGTCAGTTCGA-1
train_B_00398,B,train,AAGTCTGAGAGTAAGG-1,TTCTTAGCAATGGATA-1
train_B_00399,B,train,CGCTTCAAGAGTTGGC-1,CCACTACCAGGCGATA-1
train_B_00400,B,train,GATCAGTGTACACCGC-1,AACTCTTTCAACACGT-1
train_B_00401,B,train,CCTACCAAGAGGTTAT-1,ATTACTCCAGGGCATA-1
train_B_00402,B,train,CCCAATCAGCGGATCA-1,GCTGGGTCAACTGCTA-1
train_B_00403,B,train,CAAGATCGTTACTGAC-1,TGTCCCATCCGCTGTT-1
train_B_00404,B,train,AACCGCGGTGGTCTCG-1,CTCGGAGTCTCGGACG-1
train_B_00405,B,train,ACTGATGCATCGGGTC-1,TGAGGGAAGCCGGTAA-1
train_B_00406,B,train,TGTCCCACAGGAATCG-1,GTTACAGTCAACTCTT-1
train_B_00407,B,train,GCAATCATCCCTTGCA-1,ATAACGCCAATGAATG-1
train_B_00408,B,train,ACATGGTTCGGATGTT-1,CCAATCCCAAAGCAAT-1
train_B_00409,B,train,TCGGTAACAGATCCAT-1,AGCTCTCAGCGAAGGG-1
train_B_00410,B,train,GTCTCGTTCAGCACAT-1,CCTACCAGTCGCCATG-1
train_B_00411,B,train,CGCTTCAAGAGTTGGC-1,CACAGTAAGCGTCAAG-1
train_B_00412,B,train,AGGGTGATCGGAATCT-1,AGCTCTCAGCGAAGGG-1
train_B_00413,B,train,TCTTCGGAGCAGCGTA-1,GTTCTCGTCTGTTTGT-1
train_B_00414,B,train,GCTGCAGTCACTTACT-1,TGCACCTGTGCAGGTA-1
train_B_00415,B,train,AGGGAGTCATCACCCT-1,ACGGGTCTCTTGTTTG-1
train_B_00416,B,train,AGCCTAACACTGTTAG-1,CTAGAGTCACCAGTTA-1
train_B_00417,B,train,AGGGTGATCGGAATCT-1,GCATGATCACTTCTGC-1
train_B_00418,B,train,AGCCTAACACTGTTAG-1,ACTGTCCGTCGCGAAA-1
train_B_00419,B,train,TGCGGGTCATTGCGGC-1,GTCAAGTTCTCCAGGG-1
train_B_00420,B,train,CCCAATCAGCGGATCA-1,GTTAAGCTCCTTTACA-1
train_B_00421,B,train,TCTTCGGAGCAGCGTA-1,TGTGTTTAGTCCGTAT-1
train_B_00422,B,train,AGAGTGGGTTGGACCC-1,GATCGTAGTATTAGCC-1
train_B_00423,B,train,CGGTTAATCTGCGGCA-1,TTGGAACCAGGGTACA-1
train_B_00424,B,train,TAGCCGGAGTAATCCC-1,TGGTTCCGTACCCAAT-1
train_B_00425,B,train,CTCGTACTCTAACGGT-1,CTCGGGAAGGATGGTC-1
train_B_00426,B,train,ACGATGTTCGTTTAGG-1,CAGCATATCGCCGTGA-1
train_B_00427,B,train,CAAGATCGTTACTGAC-1,TGCACCTGTGCAGGTA-1
train_B_00428,B,train,TTAGGCACAGTTCATG-1,AACTCTTTCAACACGT-1
train_B_00429,B,train,AACCGCGGTGGTCTCG-1,TTGTAGGGTGGGTCAA-1
train_B_00430,B,train,AGGGTGAGTACTCAAC-1,CTCTAATGTGCAACGA-1
train_B_00431,B,train,CACAAACTCTGTCTCG-1,TTGTAGGTCTTAACCT-1
train_B_00432,B,train,AGCCTAACACTGTTAG-1,CGTTGGGTCGTAGATC-1
train_B_00433,B,train,TTAGGCACAGTTCATG-1,TGAGGGAGTCTCCACT-1
train_B_00434,B,train,GACCTGGTCTTCGAGA-1,ACGTCAACATGGATGG-1
train_B_00435,B,train,CGGTTAATCTGCGGCA-1,GGAACTTGTATTCGTG-1
train_B_00436,B,train,AGAGTGGGTTGGACCC-1,TGAGGGAAGCCGGTAA-1
train_B_00437,B,train,GTTCGGGCAAAGGAAG-1,ACTGTCCGTCGCGAAA-1
train_B_00438,B,train,ACGATGTTCGTTTAGG-1,TTGTAGGTCTTAACCT-1
train_B_00439,B,train,ACGGGCTCACCGAATT-1,GATCGTAGTATTAGCC-1
train_B_00440,B,train,CCGTTCAAGCAATATG-1,ACGTCAACATGGATGG-1
train_B_00441,B,train,GGCTGGTCATCCGCGA-1,AAAGTAGAGTGTGGCA-1
train_B_00442,B,train,GTTCGGGGTACCGAGA-1,GACCAATCACGGATAG-1
train_B_00443,B,train,CTGCTGTTCTTAGAGC-1,TACGGTAGTAGCTTGT-1
train_B_00444,B,train,CGGAGTCCAAGTAATG-1,CCACTACCAGGCGATA-1
train_B_00445,B,train,TTCCCAGTCTTGCAAG-1,ATCTACTAGGAACTGC-1
train_B_00446,B,train,AGCTTGACAGTAAGCG-1,GATCGTAGTATTAGCC-1
train_B_00447,B,train,ATCTACTGTCACCTAA-1,CTGTGCTGTCACTGGC-1
train_B_00448,B,train,TAGTTGGGTACGAAAT-1,CGCGTTTAGATGTGTA-1
train_B_00449,B,train,CGCGGTATCTTTAGGG-1,AGCTCTCAGCGAAGGG-1
train_B_00450,B,train,GTCTCGTTCAGCACAT-1,TGGTTCCGTACCCAAT-1
train_B_00451,B,train,AGGGTGATCGGAATCT-1,TACGGTAGTAGCTTGT-1
train_B_00452,B,train,CGCTTCAAGAGTTGGC-1,GATCGTACATGCAACT-1
train_B_00453,B,train,GGCTGGTGTATGAATG-1,CTCTAATGTGCAACGA-1
train_B_00454,B,train,GGCTGGTGTATGAATG-1,TCGCGTTTCGCCTGAG-1
train_B_00455,B,train,AAGACCTTCGTTACAG-1,CTACATTTCTGCGGCA-1
train_B_00456,B,train,TGCGGGTCATTGCGGC-1,TGTGTTTAGTCCGTAT-1
train_B_00457,B,train,GGCTGGTCATCCGCGA-1,AAGGAGCTCCTCAACC-1
train_B_00458,B,train,ATCCACCCACAGACTT-1,AAAGTAGAGTGTGGCA-1
train_B_00459,B,train,TACTTACCAGCGTAAG-1,GTCAAGTTCTCCAGGG-1
train_B_00460,B,train,ATCACGATCCACTGGG-1,GATCGATAGGAGTCTG-1
train_B_00461,B,train,AGGGAGTCATCACCCT-1,AACTCTTTCAACACGT-1
train_B_00462,B,train,AGGGTGATCGGAATCT-1,CGCGTTTAGATGTGTA-1
train_B_00463,B,train,CAAGATCGTTACTGAC-1,CCACTACCAGGCGATA-1
train_B_00464,B,train,AACCATGCACCAGATT-1,GGGACCTTCCTTTCGG-1
train_B_00465,B,train,CAACTAGCACGGCTAC-1,TCTGAGAGTTATGCGT-1
train_B_00466,B,train,GTCGGGTGTTTGTTGG-1,GTTCTCGTCTGTTTGT-1
train_B_00467,B,train,TAGTTGGGTACGAAAT-1,CTGCTGTAGGGAAACA-1
train_B_00468,B,train,GTCAAGTGTATCAGTC-1,ATCTACTAGGAACTGC-1
train_B_00469,B,train,ACGGGCTCACCGAATT-1,CCAATCCCAAAGCAAT-1
train_B_00470,B,train,CCGTTCAAGCAATATG-1,CACAGGCCAGCCTTGG-1
train_B_00471,B,train,TCTTCGGAGCAGCGTA-1,TGCACCTGTGCAGGTA-1
train_B_00472,B,train,TAGCCGGAGTAATCCC-1,TTGTAGGTCTTAACCT-1
train_B_00473,B,train,ACACCCTCATTTCACT-1,CACAGGCCAGCCTTGG-1
train_B_00474,B,train,ACGATGTTCGTTTAGG-1,TGAGGGAAGCCGGTAA-1
train_B_00475,B,train,AACTTTCAGTGCCAGA-1,TTGTAGGGTGGGTCAA-1
train_B_00476,B,train,TGCGGGTCATTGCGGC-1,TTGTAGGGTGGGTCAA-1
train_B_00477,B,train,GTTCGGGGTACCGAGA-1,CCAATCCCAAAGCAAT-1
train_B_00478,B,train,GGCTGGTCATCCGCGA-1,CACAGTAAGCGTCAAG-1
train_B_00479,B,train,AAGACCTTCGTTACAG-1,CACAGTAAGCGTCAAG-1
train_B_00480,B,train,AACTTTCAGTGCCAGA-1,GCATGATCATAGGATA-1
train_B_00481,B,train,CTGAAACGTACCTACA-1,TGGTTCCGTACCCAAT-1
train_B_00482,B,train,ACTGATGCATCGGGTC-1,GGGACCTTCCTTTCGG-1
train_B_00483,B,train,CGTAGGCAGGACACCA-1,AACTCCCAGCAACGGT-1
train_B_00484,B,train,ACACCCTCATTTCACT-1,CTCGGAGTCTCGGACG-1
train_B_00485,B,train,TCGGTAACAGATCCAT-1,TGGCTGGCACGTCTCT-1
train_B_00486,B,train,GATCAGTGTACACCGC-1,CAACCAATCCAGAAGG-1
train_B_00487,B,train,GATCAGTGTACACCGC-1,GCATGATCACTTCTGC-1
train_B_00488,B,train,GTCTCGTTCAGCACAT-1,GCATGATCATAGGATA-1
train_B_00489,B,train,TTAGGCACAGTTCATG-1,TACGGTAGTAGCTTGT-1
train_B_00490,B,train,GTTCGGGCAAAGGAAG-1,TGCTGCTGTAGCGATG-1
train_B_00491,B,train,GCAATCATCCCTTGCA-1,CTCGGAGTCTCGGACG-1
train_B_00492,B,train,AGCCTAACACTGTTAG-1,ATCCACCAGGGTGTTG-1
train_B_00493,B,train,CAACCTCCAGTCGTGC-1,CAGCATATCGCCGTGA-1
train_B_00494,B,train,CACAGTACAAACTGCT-1,CTAGAGTCACTTCTGC-1
train_B_00495,B,train,TGACTAGAGGAACTGC-1,CTCTAATGTGCAACGA-1
train_B_00496,B,train,GCAATCATCCCTTGCA-1,AGCATACTCGCATGGC-1
train_B_00497,B,train,AAGTCTGAGAGTAAGG-1,ATCTACTAGGAACTGC-1
train_B_00498,B,train,GACCTGGTCTTCGAGA-1,CGCGTTTAGATGTGTA-1
train_B_00499,B,train,GCAATCATCCCTTGCA-1,AAGACCTCAGGGCATA-1
train_B_00500,B,train,TCTTCGGAGCAGCGTA-1,TCTGAGAGTTATGCGT-1
train_B_00501,B,train,ACATGGTTCGGATGTT-1,CGCGTTTAGATGTGTA-1
train_B_00502,B,train,AAGTCTGAGAGTAAGG-1,ATCTACTAGGAACTGC-1
train_B_00503,B,train,AGAGCTTAGCTGAACG-1,GGATGTTCAAGCCATT-1
train_B_00504,B,train,GATCAGTGTACACCGC-1,ATCCACCAGGGTGTTG-1
train_B_00505,B,train,CACAGTACAAACTGCT-1,CACAGTAAGCGTCAAG-1
train_B_00506,B,train,CTGCTGTAGTACGACG-1,CTCGAGGCAAGTTCTG-1
train_B_00507,B,train,CGGAGTCCAAGTAATG-1,ACTGTCCGTCGCGAAA-1
train_B_00508,B,train,GTCGGGTGTTTGTTGG-1,TGGCTGGCACGTCTCT-1
train_B_00509,B,train,AAGACCTTCGCCAAAT-1,GTGCAGCGTTTGGCGC-1
train_B_00510,B,train,TCGGTAACAGATCCAT-1,CTCTAATGTGCAACGA-1
train_B_00511,B,train,CCCAATCAGCGGATCA-1,AACTCCCAGCAACGGT-1
train_B_00512,B,train,GGCTGGTCATCCGCGA-1,CAGCGACAGAGTACAT-1
train_B_00513,B,train,CTAAGACCAAGCTGTT-1,TGCACCTGTGCAGGTA-1
train_B_00514,B,train,TGTCCCACAGGAATCG-1,GTAGTCAAGGTGGGTT-1
train_B_00515,B,train,AGGGTGATCGGAATCT-1,AACTCCCAGCAACGGT-1
train_B_00516,B,train,GTTCGGGCAAAGGAAG-1,TGCACCTGTGCAGGTA-1
train_B_00517,B,train,CCCAATCAGCGGATCA-1,CACAGTAAGCGTCAAG-1
train_B_00518,B,train,TGTCCCACAGGAATCG-1,ATCCACCAGGGTGTTG-1
train_B_00519,B,train,GTCTCGTTCAGCACAT-1,CTCGGGAAGGATGGTC-1
train_B_00520,B,train,CTCGTACTCTAACGGT-1,ACGGGTCTCTTGTTTG-1
train_B_00521,B,train,AGAGCTTAGCTGAACG-1,CAGCATATCGCCGTGA-1
train_B_00522,B,train,ACGATGTTCGTTTAGG-1,GGGTTGCCATCACGTA-1
train_B_00523,B,train,ATCTACTGTCACCTAA-1,GATCGATAGGAGTCTG-1
train_B_00524,B,train,TCTTCGGAGCAGCGTA-1,TGGCTGGCACGTCTCT-1
train_B_00525,B,train,AGGGTGATCGGAATCT-1,GTTCTCGTCTGTTTGT-1
train_B_00526,B,train,TTAGGCACAGTTCATG-1,CTCGAGGCAAGTTCTG-1
train_B_00527,B,train,AGGGAGTCATCACCCT-1,GACAGAGCACCATCCT-1
train_B_00528,B,train,ACGAGGACATCACGTA-1,ATTACTCCAGGGCATA-1
train_B_00529,B,train,AACTTTCAGTGCCAGA-1,CTGTGCTGTCACTGGC-1
train_B_00530,B,train,CAAGATCGTTACTGAC-1,AACTCTTTCAACACGT-1
train_B_00531,B,train,TGTCCCACAGGAATCG-1,GCTTCCACAGGTGGAT-1
train_B_00532,B,train,GCAATCATCCCTTGCA-1,ATAAGAGTCAGTTCGA-1
train_B_00533,B,train,CGGTTAATCTGCGGCA-1,CGATTGATCTCGTTTA-1
train_B_00534,B,train,ACATGGTTCGGATGTT-1,GTCACAATCGAGAGCA-1
train_B_00535,B,train,CAACCTCCAGTCGTGC-1,CTCGAGGCAAGTTCTG-1
train_B_00536,B,train,ACACCCTCATTTCACT-1,AAGACCTCAGGGCATA-1
train_B_00537,B,train,TAGTTGGGTACGAAAT-1,CTAGAGTCACTTCTGC-1
train_B_00538,B,train,AGCTTGACAGTAAGCG-1,ATAACGCCAATGAATG-1
train_B_00539,B,train,AACCGCGGTGGTCTCG-1,CAGCGACAGAGTACAT-1
train_B_00540,B,train,CAACCTCCAGTCGTGC-1,TTAGGACGTCCAGTTA-1
train_B_00541,B,train,ACATGGTTCGGATGTT-1,GATCGTACATGCAACT-1
train_B_00542,B,train,GTCTCGTTCAGCACAT-1,GTTAAGCTCCTTTACA-1
train_B_00543,B,train,AACCGCGGTGGTCTCG-1,TTGTAGGTCTTAACCT-1
train_B_00544,B,train,GGCTGGTCATCCGCGA-1,CGATTGATCTCGTTTA-1
train_B_00545,B,train,AACTTTCAGTGCCAGA-1,GGAACTTGTATTCGTG-1
train_B_00546,B,train,TCTTCGGAGCAGCGTA-1,CTCGAGGCAAGTTCTG-1
train_B_00547,B,train,AACCATGCACCAGATT-1,ACGTCAACATGGATGG-1
train_B_00548,B,train,GGCTGGTGTATGAATG-1,GGTGTTATCTGAAAGA-1
train_B_00549,B,train,CTGGTCTCAAGCGCTC-1,CAGCATATCGCCGTGA-1
train_B_00550,B,train,AGCCTAACACTGTTAG-1,ATAAGAGTCAGTTCGA-1
train_B_00551,B,train,GCTGCAGTCACTTACT-1,GACAGAGCACCATCCT-1
train_B_00552,B,train,ATCACGATCCACTGGG-1,GATCGTAGTATTAGCC-1
train_B_00553,B,train,CAAGATCGTTACTGAC-1,ACTGTCCGTCGCGAAA-1
train_B_00554,B,train,CACAAACTCTGTCTCG-1,TTCTTAGCAATGGATA-1
train_B_00555,B,train,TGACTAGAGGAACTGC-1,GGGAATGCACGGTTTA-1
train_B_00556,B,train,TGTCCCACAGGAATCG-1,CACAGTAAGCGTCAAG-1
train_B_00557,B,train,GTCAAGTGTATCAGTC-1,GTAGTCAAGGTGGGTT-1
train_B_00558,B,train,AAGTCTGAGAGTAAGG-1,CTCGGGAAGGATGGTC-1
train_B_00559,B,train,TTCCCAGTCTTGCAAG-1,GGAACTTGTATTCGTG-1
train_B_00560,B,train,ATCTACTGTCACCTAA-1,CTAAGACAGTCATGCT-1
train_B_00561,B,train,GTCGGGTGTTTGTTGG-1,GATCGTAGTATTAGCC-1
train_B_00562,B,train,TAGTTGGGTACGAAAT-1,CACAGTAAGCGTCAAG-1
train_B_00563,B,train,CGTAGGCAGGACACCA-1,CAGCGACAGAGTACAT-1
train_B_00564,B,train,TAGTTGGGTACGAAAT-1,CGTTGGGTCGTAGATC-1
train_B_00565,B,train,AAGACCTTCGCCAAAT-1,CTAAGACAGTCATGCT-1
train_B_00566,B,train,CACAGTACAAACTGCT-1,AGCTCTCAGCGAAGGG-1
train_B_00567,B,train,ACGAGGACATCACGTA-1,CAGCATATCGCCGTGA-1
train_B_00568,B,train,GATCAGTGTACACCGC-1,GCTGGGTCAACTGCTA-1
train_B_00569,B,train,CAACCTCCAGTCGTGC-1,CTTACCGGTGTAATGA-1
train_B_00570,B,train,GTTCGGGCAAAGGAAG-1,ATCTACTAGGAACTGC-1
train_B_00571,B,train,ACGATGTTCGTTTAGG-1,TGCTGCTGTAGCGATG-1
train_B_00572,B,train,CTCGTACTCTAACGGT-1,CACAGGCCAGCCTTGG-1
train_B_00573,B,train,GAACGGATCTCTAGGA-1,CGGAGCTAGAAACCAT-1
train_B_00574,B,train,GTTCGGGGTACCGAGA-1,AAAGTAGAGTGTGGCA-1
train_B_00575,B,train,AAGACCTTCGTTACAG-1,GTCACAATCGAGAGCA-1
train_B_00576,B,train,ACGGGCTCACCGAATT-1,TGAGGGAAGCCGGTAA-1
train_B_00577,B,train,CTAAGACCAAGCTGTT-1,CTCGGAGTCTCGGACG-1
train_B_00578,B,train,AACTTTCAGTGCCAGA-1,TGAGGGAAGCCGGTAA-1
train_B_00579,B,train,CAAGATCGTTACTGAC-1,CTGTGCTGTCACTGGC-1
train_B_00580,B,train,AACCATGCACCAGATT-1,CAGCGACAGAGTACAT-1
train_B_00581,B,train,CACAGTACAAACTGCT-1,TGTGTTTTCCGTAGGC-1
train_B_00582,B,train,GTCAAGTGTATCAGTC-1,GTTAAGCTCCTTTACA-1
train_B_00583,B,train,AAGTCTGAGAGTAAGG-1,CATCCACAGCAGATCG-1
train_B_00584,B,train,ATCCACCCACAGACTT-1,CTACATTTCTGCGGCA-1
train_B_00585,B,train,GCTGCAGTCACTTACT-1,TGGCTGGCACGTCTCT-1
train_B_00586,B,train,GATCAGTGTACACCGC-1,TGTCCCATCCGCTGTT-1
train_B_00587,B,train,GTCAAGTGTATCAGTC-1,ACGTCAACATGGATGG-1
train_B_00588,B,train,TGCGGGTCATTGCGGC-1,GGGAATGCACGGTTTA-1
train_B_00589,B,train,ATCTACTGTCACCTAA-1,GTTAAGCTCCTTTACA-1
train_B_00590,B,train,ACTGATGCATCGGGTC-1,GACTGCGAGGTGATTA-1
train_B_00591,B,train,CACAAACTCTGTCTCG-1,CGTTGGGTCGTAGATC-1
train_B_00592,B,train,TCGGTAACAGATCCAT-1,GTTCTCGTCTGTTTGT-1
train_B_00593,B,train,GCACATACACTTAAGC-1,TGCTGCTGTAGCGATG-1
train_B_00594,B,train,AACCATGCACCAGATT-1,TACACGACAAGTTGTC-1
train_B_00595,B,train,ACGAGGACATCACGTA-1,ACGTCAACATGGATGG-1
train_B_00596,B,train,ATCCACCCACAGACTT-1,GGAACTTGTATTCGTG-1
train_B_00597,B,train,CTGGTCTCAAGCGCTC-1,TCGCGTTTCGCCTGAG-1
train_B_00598,B,train,CAACTAGCACGGCTAC-1,GTTCTCGTCTGTTTGT-1
train_B_00599,B,train,CAACTAGCACGGCTAC-1,TGAGGGAAGCCGGTAA-1
train_B_00600,B,train,CTTAGGATCACTCTTA-1,TGAGGGAGTCTCCACT-1
train_B_00601,B,train,GCACATACACTTAAGC-1,TTGTAGGGTGGGTCAA-1
train_B_00602,B,train,TACTTACCAGCGTAAG-1,CTACATTTCTGCGGCA-1
train_B_00603,B,train,GAACGGATCTCTAGGA-1,GTGCAGCGTTTGGCGC-1
train_B_00604,B,train,CGCTTCAAGAGTTGGC-1,CTCGAGGCAAGTTCTG-1
train_B_00605,B,train,ATCTACTGTCACCTAA-1,ATCTACTAGGAACTGC-1
train_B_00606,B,train,TAGGCATCACGACTCG-1,CTCGGAGTCTCGGACG-1
train_B_00607,B,train,ATCACGATCCACTGGG-1,GTCAAGTTCTCCAGGG-1
train_B_00608,B,train,AGAGCTTAGCTGAACG-1,CTGTGCTGTCACTGGC-1
train_B_00609,B,train,CACAGTACAAACTGCT-1,CCTACCAGTCGCCATG-1
train_B_00610,B,train,CTCGTACTCTAACGGT-1,GTTACAGTCAACTCTT-1
train_B_00611,B,train,ATCCACCCACAGACTT-1,TTGTAGGGTGGGTCAA-1
train_B_00612,B,train,CCCAATCAGCGGATCA-1,ATAAGAGTCAGTTCGA-1
train_B_00613,B,train,GTCAAGTGTATCAGTC-1,TCGCGTTTCGCCTGAG-1
train_B_00614,B,train,GAACGGATCTCTAGGA-1,GGAACTTGTATTCGTG-1
train_B_00615,B,train,GTCTCGTTCAGCACAT-1,GCATGATCACTTCTGC-1
train_B_00616,B,train,AGCTTGACAGTAAGCG-1,TTGTAGGGTGGGTCAA-1
train_B_00617,B,train,CGGAGTCCAAGTAATG-1,ACGTCAACATGGATGG-1
train_B_00618,B,train,GTCAAGTGTATCAGTC-1,CTGCTGTAGGGAAACA-1
train_B_00619,B,train,AGGGAGTCATCACCCT-1,CTAAGACAGTCATGCT-1
train_B_00620,B,train,AACCATGCACCAGATT-1,CTAGAGTCACCAGTTA-1
train_B_00621,B,train,CGGAGTCCAAGTAATG-1,GCTGGGTCAACTGCTA-1
train_B_00622,B,train,CACAAACTCTGTCTCG-1,CTCGGGAAGGATGGTC-1
train_B_00623,B,train,GTCAAGTGTATCAGTC-1,TTCTACATCAGTCAGT-1
train_B_00624,B,train,CGCTTCAAGAGTTGGC-1,TTGTAGGTCTTAACCT-1
train_B_00625,B,train,CTCGTACTCTAACGGT-1,ATAAGAGTCAGTTCGA-1
train_B_00626,B,train,CGCTTCAAGAGTTGGC-1,CTACATTTCTGCGGCA-1
train_B_00627,B,train,AACCGCGGTGGTCTCG-1,CCACTACCAGGCGATA-1
train_B_00628,B,train,AGGGAGTCATCACCCT-1,TGCACCTGTGCAGGTA-1
train_B_00629,B,train,AAGTCTGAGAGTAAGG-1,GTTAAGCTCCTTTACA-1
train_B_00630,B,train,AGGGAGTCATCACCCT-1,CTAAGACAGTCATGCT-1
train_B_00631,B,train,CACAGTACAAACTGCT-1,TTGTAGGGTGGGTCAA-1
train_B_00632,B,train,ACACCCTCATTTCACT-1,CTCTAATGTGCAACGA-1
train_B_00633,B,train,TAGCCGGAGTAATCCC-1,TTGTAGGTCTTAACCT-1
train_B_00634,B,train,CAAGATCGTTACTGAC-1,TGAGGGAAGCCGGTAA-1
train_B_00635,B,train,CCGTTCAAGCAATATG-1,CATCCACAGCAGATCG-1
train_B_00636,B,train,CGCGGTATCTTTAGGG-1,TACACGACAAGTTGTC-1
train_B_00637,B,train,CTTAGGATCACTCTTA-1,GTGCAGCGTTTGGCGC-1
train_B_00638,B,train,CGCTTCAAGAGTTGGC-1,AAGGAGCTCCTCAACC-1
train_B_00639,B,train,CTGAAACGTACCTACA-1,ATCCACCAGGGTGTTG-1
train_B_00640,B,train,TACTTACCAGCGTAAG-1,GATCGTACATGCAACT-1
train_B_00641,B,train,AAGTCTGAGAGTAAGG-1,ACGATACGTCCAACTA-1
train_B_00642,B,train,TTAGGCACAGTTCATG-1,CTGCTGTAGGGAAACA-1
train_B_00643,B,train,CGCTTCAAGAGTTGGC-1,GCTTCCACAGGTGGAT-1
train_B_00644,B,train,ACGGGCTCACCGAATT-1,CGGAGCTAGAAACCAT-1
train_B_00645,B,train,CCGTTCAAGCAATATG-1,CTAGAGTCACTTCTGC-1
train_B_00646,B,train,AGGGAGTCATCACCCT-1,GACTGCGAGGTGATTA-1
train_B_00647,B,train,CGCGGTATCTTTAGGG-1,GCGCAGTAGAGGGCTT-1
train_B_00648,B,train,CTCGTACTCTAACGGT-1,AAGACCTCAGGGCATA-1
train_B_00649,B,train,TCGTAGACACGAAAGC-1,CGGAGCTAGAAACCAT-1
train_B_00650,B,train,ACGAGGACATCACGTA-1,TTCTACATCAGTCAGT-1
train_B_00651,B,train,ATCCACCCACAGACTT-1,AAAGTAGAGTGTGGCA-1
train_B_00652,B,train,CACAAACTCTGTCTCG-1,CATCCACAGCAGATCG-1
train_B_00653,B,train,TTAGGCACAGTTCATG-1,ATTACTCCAGGGCATA-1
train_B_00654,B,train,AACCGCGGTGGTCTCG-1,TTGTAGGGTGGGTCAA-1
train_B_00655,B,train,CGCTTCAAGAGTTGGC-1,AACTCTTTCAACACGT-1
train_B_00656,B,train,AGGGTGAGTACTCAAC-1,CATCCACAGCAGATCG-1
train_B_00657,B,train,CGCTTCAAGAGTTGGC-1,TCGCGTTTCGCCTGAG-1
train_B_00658,B,train,TAGCCGGAGTAATCCC-1,AACTCTTTCAACACGT-1
train_B_00659,B,train,GCTGCAGTCACTTACT-1,ACGGGTCTCTTGTTTG-1
train_B_00660,B,train,GTTCGGGCAAAGGAAG-1,GGGTTGCCATCACGTA-1
train_B_00661,B,train,CGCTTCAAGAGTTGGC-1,ATAAGAGTCAGTTCGA-1
train_B_00662,B,train,CAACCTCCAGTCGTGC-1,GGGAATGCACGGTTTA-1
train_B_00663,B,train,AAGACCTTCGTTACAG-1,ACGATACGTCCAACTA-1
train_B_00664,B,train,GTTCGGGGTACCGAGA-1,ATCTACTAGGAACTGC-1
train_B_00665,B,train,CTGAAACGTACCTACA-1,TCGCGTTTCGCCTGAG-1
train_B_00666,B,train,AGGGTGAGTACTCAAC-1,CGCGTTTAGATGTGTA-1
train_B_00667,B,train,AAGTCTGAGAGTAAGG-1,GCTTCCACAGGTGGAT-1
train_B_00668,B,train,CGCTTCAAGAGTTGGC-1,GTAGTCAAGGTGGGTT-1
train_B_00669,B,train,TGACTAGAGGAACTGC-1,ATCTACTAGGAACTGC-1
train_B_00670,B,train,CTAAGACCAAGCTGTT-1,TTCTTAGCAATGGATA-1
train_B_00671,B,train,ATCTACTGTCACCTAA-1,CAACCAATCCAGAAGG-1
train_B_00672,B,train,ACTGATGCATCGGGTC-1,ACGTCAACATGGATGG-1
train_B_00673,B,train,TGACTAGAGGAACTGC-1,ATTACTCCAGGGCATA-1
train_B_00674,B,train,AGGGTGAGTACTCAAC-1,TGAGGGAGTCTCCACT-1
train_B_00675,B,train,CGTAGGCAGGACACCA-1,ATAAGAGTCAGTTCGA-1
train_B_00676,B,train,CAACCTCCAGTCGTGC-1,CTACATTTCTGCGGCA-1
train_B_00677,B,train,GTCTCGTTCAGCACAT-1,CTCGGAGTCTCGGACG-1
train_B_00678,B,train,ACATGGTTCGGATGTT-1,GTTACAGTCAACTCTT-1
train_B_00679,B,train,CGGTTAATCTGCGGCA-1,TGTGTTTTCCGTAGGC-1
train_B_00680,B,train,AGGGTGAGTACTCAAC-1,CTCTAATGTGCAACGA-1
train_B_00681,B,train,AGCCTAACACTGTTAG-1,TTCTACATCAGTCAGT-1
train_B_00682,B,train,ATCACGATCCACTGGG-1,GGAACTTGTATTCGTG-1
train_B_00683,B,train,TTCCCAGTCTTGCAAG-1,TTGGAACCAGGGTACA-1
train_B_00684,B,train,CTAAGACCAAGCTGTT-1,ATCCACCAGGGTGTTG-1
train_B_00685,B,train,GAACGGATCTCTAGGA-1,ACTGTCCGTCGCGAAA-1
train_B_00686,B,train,GTTCGGGGTACCGAGA-1,GACCAATCACGGATAG-1
train_B_00687,B,train,CCTACCAAGAGGTTAT-1,GTTCTCGTCTGTTTGT-1
train_B_00688,B,train,CTGCTGTTCTTAGAGC-1,CTCTAATGTGCAACGA-1
train_B_00689,B,train,TGACTAGAGGAACTGC-1,CGGAGCTAGAAACCAT-1
train_B_00690,B,train,AGCTTGACAGTAAGCG-1,TGGCTGGCACGTCTCT-1
train_B_00691,B,train,CTCGTACTCTAACGGT-1,GATCGTACATGCAACT-1
train_B_00692,B,train,CGGTTAATCTGCGGCA-1,GATCGTAGTATTAGCC-1
train_B_00693,B,train,CCCAATCAGCGGATCA-1,CCACTACCAGGCGATA-1
train_B_00694,B,train,ACGGGCTCACCGAATT-1,AAAGTAGAGTGTGGCA-1
train_B_00695,B,train,AGAGTGGGTTGGACCC-1,GTAGTCAAGGTGGGTT-1
train_B_00696,B,train,GAACGGATCTCTAGGA-1,CTCGGGAAGGATGGTC-1
train_B_00697,B,train,CAACCTCCAGTCGTGC-1,CGATTGATCTCGTTTA-1
train_B_00698,B,train,GACCTGGTCTTCGAGA-1,GTTCTCGTCTGTTTGT-1
train_B_00699,B,train,GTTCGGGGTACCGAGA-1,TGGCTGGCACGTCTCT-1
train_B_00700,B,train,AGGGTGATCGGAATCT-1,ATCCACCAGGGTGTTG-1
train_B_00701,B,train,ACGGGCTCACCGAATT-1,CAACCAATCCAGAAGG-1
train_B_00702,B,train,TCGGTAACAGATCCAT-1,TGAGGGAGTCTCCACT-1
train_B_00703,B,train,CGCGGTATCTTTAGGG-1,CTAAGACAGTCATGCT-1
train_B_00704,B,train,CTGCTGTAGTACGACG-1,CGCGTTTAGATGTGTA-1
train_B_00705,B,train,GAACGGATCTCTAGGA-1,GTTAAGCTCCTTTACA-1
train_B_00706,B,train,GACCTGGTCTTCGAGA-1,CATCCACAGCAGATCG-1
train_B_00707,B,train,CCTACCAAGAGGTTAT-1,AGCATACTCGCATGGC-1
train_B_00708,B,train,CGTAGGCAGGACACCA-1,GTTCTCGTCTGTTTGT-1
train_B_00709,B,train,CCCAATCAGCGGATCA-1,ACGATACGTCCAACTA-1
train_B_00710,B,train,AGCCTAACACTGTTAG-1,CGCGTTTAGATGTGTA-1
train_B_00711,B,train,AACTTTCAGTGCCAGA-1,ACTGTCCGTCGCGAAA-1
train_B_00712,B,train,TAGTTGGGTACGAAAT-1,GGGAATGCACGGTTTA-1
train_B_00713,B,train,GTTCGGGGTACCGAGA-1,GTAGTCAAGGTGGGTT-1
train_B_00714,B,train,AACCGCGGTGGTCTCG-1,GGGAATGCACGGTTTA-1
train_B_00715,B,train,AAGTCTGAGAGTAAGG-1,TTCTTAGCAATGGATA-1
train_B_00716,B,train,TGACTAGAGGAACTGC-1,TACACGACAAGTTGTC-1
train_B_00717,B,train,CCGTTCAAGCAATATG-1,CTGCTGTAGGGAAACA-1
train_B_00718,B,train,TGCGGGTCATTGCGGC-1,CAACCAATCCAGAAGG-1
train_B_00719,B,train,AAGTCTGAGAGTAAGG-1,CTCGGGAAGGATGGTC-1
train_B_00720,B,train,CCCAATCAGCGGATCA-1,CTCGGAGTCTCGGACG-1
train_B_00721,B,train,ATCTACTGTCACCTAA-1,ACGTCAACATGGATGG-1
train_B_00722,B,train,CACAAACTCTGTCTCG-1,TGAGGGAAGCCGGTAA-1
train_B_00723,B,train,GTCTCGTTCAGCACAT-1,ACGTCAACATGGATGG-1
train_B_00724,B,train,CCGGTAGGTTAAAGAC-1,TTCTACATCAGTCAGT-1
train_B_00725,B,train,TCTTCGGAGCAGCGTA-1,CAACCAATCCAGAAGG-1
train_B_00726,B,train,TAGGCATCACGACTCG-1,GCTTCCACAGGTGGAT-1
train_B_00727,B,train,AACTTTCAGTGCCAGA-1,GACCAATCACGGATAG-1
train_B_00728,B,train,TGTCCCACAGGAATCG-1,CCTACCAGTCGCCATG-1
train_B_00729,B,train,ATCCACCCACAGACTT-1,CCACTACCAGGCGATA-1
train_B_00730,B,train,AGAGCTTAGCTGAACG-1,TGTGTTTAGTCCGTAT-1
train_B_00731,B,train,GCAATCATCCCTTGCA-1,CGGAGCTAGAAACCAT-1
train_B_00732,B,train,CCGTTCAAGCAATATG-1,CGTTGGGTCGTAGATC-1
train_B_00733,B,train,CACAAACTCTGTCTCG-1,GCTGGGTCAACTGCTA-1
train_B_00734,B,train,CTTAGGATCACTCTTA-1,CTCGGGAAGGATGGTC-1
train_B_00735,B,train,TTCCCAGTCTTGCAAG-1,TGGTTCCGTACCCAAT-1
train_B_00736,B,train,ACACCCTCATTTCACT-1,TGCTGCTGTAGCGATG-1
train_B_00737,B,train,ACGATGTTCGTTTAGG-1,ACGTCAACATGGATGG-1
train_B_00738,B,train,CGGAGTCCAAGTAATG-1,GACAGAGCACCATCCT-1
train_B_00739,B,train,ACGATGTTCGTTTAGG-1,AGCTCTCAGCGAAGGG-1
train_B_00740,B,train,GTCTCGTTCAGCACAT-1,GATCGTACATGCAACT-1
train_B_00741,B,train,GGCTGGTCATCCGCGA-1,ATCTACTAGGAACTGC-1
train_B_00742,B,train,CTGGTCTCAAGCGCTC-1,GACCAATCACGGATAG-1
train_B_00743,B,train,GCACATACACTTAAGC-1,TCTGAGAGTTATGCGT-1
train_B_00744,B,train,TAGGCATCACGACTCG-1,GATCGTAGTATTAGCC-1
train_B_00745,B,train,TGACTAGAGGAACTGC-1,CTAGAGTCACTTCTGC-1
train_B_00746,B,train,CAACCTCCAGTCGTGC-1,GACCAATCACGGATAG-1
train_B_00747,B,train,AAGTCTGAGAGTAAGG-1,TGCACCTGTGCAGGTA-1
train_B_00748,B,train,AACTTTCAGTGCCAGA-1,AACTCTTTCAACACGT-1
train_B_00749,B,train,AACCGCGGTGGTCTCG-1,GACAGAGCACCATCCT-1
train_B_00750,B,train,GATCAGTGTACACCGC-1,TTCTTAGCAATGGATA-1
train_B_00751,B,train,ACGAGGACATCACGTA-1,ATCCACCAGGGTGTTG-1
train_B_00752,B,train,ATCACGATCCACTGGG-1,TGGCTGGCACGTCTCT-1
train_B_00753,B,train,TCTTCGGAGCAGCGTA-1,GGGACCTTCCTTTCGG-1
train_B_00754,B,train,GTCAAGTGTATCAGTC-1,GCTGGGTCAACTGCTA-1
train_B_00755,B,train,CCGTTCAAGCAATATG-1,ATCTACTAGGAACTGC-1
train_B_00756,B,train,GACCTGGTCTTCGAGA-1,TGTGTTTTCCGTAGGC-1
train_B_00757,B,train,CCGTTCAAGCAATATG-1,TCTGAGAGTTATGCGT-1
train_B_00758,B,train,GGCTGGTCATCCGCGA-1,GACTGCGAGGTGATTA-1
train_B_00759,B,train,AGGGTGATCGGAATCT-1,ATCTACTAGGAACTGC-1
train_B_00760,B,train,GCAATCATCCCTTGCA-1,TTCTTAGCAATGGATA-1
train_B_00761,B,train,AGAGTGGGTTGGACCC-1,CAACCAATCCAGAAGG-1
train_B_00762,B,train,ATCCACCCACAGACTT-1,CCAATCCCAAAGCAAT-1
train_B_00763,B,train,ACATGGTTCGGATGTT-1,TGAGGGAGTCTCCACT-1
train_B_00764,B,train,CACAGTACAAACTGCT-1,TGAGGGAAGCCGGTAA-1
train_B_00765,B,train,GTCAAGTGTATCAGTC-1,TCGCGTTTCGCCTGAG-1
train_B_00766,B,train,GCTGCAGTCACTTACT-1,CTAGAGTCACTTCTGC-1
train_B_00767,B,train,AACTTTCAGTGCCAGA-1,GGAACTTGTATTCGTG-1
train_B_00768,B,train,GGCTGGTCATCCGCGA-1,CACCTTGAGCGTGAGT-1
train_B_00769,B,train,GGCTGGTGTATGAATG-1,CTGCTGTAGGGAAACA-1
train_B_00770,B,train,TACTTACCAGCGTAAG-1,ACTGTCCGTCGCGAAA-1
train_B_00771,B,train,CGGTTAATCTGCGGCA-1,GTAGTCAAGGTGGGTT-1
train_B_00772,B,train,AACCATGCACCAGATT-1,TTGTAGGTCTTAACCT-1
train_B_00773,B,train,AGAGCTTAGCTGAACG-1,CACCTTGAGCGTGAGT-1
train_B_00774,B,train,TGACTAGAGGAACTGC-1,CCACTACCAGGCGATA-1
train_B_00775,B,train,AGCTTGACAGTAAGCG-1,AAGACCTCAGGGCATA-1
train_B_00776,B,train,AACCATGCACCAGATT-1,GGGAATGCACGGTTTA-1
train_B_00777,B,train,AACTTTCAGTGCCAGA-1,CGTTGGGTCGTAGATC-1
train_B_00778,B,train,GCTGCAGTCACTTACT-1,ATCCACCAGGGTGTTG-1
train_B_00779,B,train,TAGCCGGAGTAATCCC-1,GGAACTTGTATTCGTG-1
train_B_00780,B,train,CAACTAGCACGGCTAC-1,GCTGGGTCAACTGCTA-1
train_B_00781,B,train,CTGCTGTTCTTAGAGC-1,ATCTACTAGGAACTGC-1
train_B_00782,B,train,TCGTAGACACGAAAGC-1,GCATGATCACTTCTGC-1
train_B_00783,B,train,GGCTGGTGTATGAATG-1,GTCACGGCACCGATAT-1
train_B_00784,B,train,GTCAAGTGTATCAGTC-1,CCAATCCCAAAGCAAT-1
train_B_00785,B,train,CTAAGACCAAGCTGTT-1,TGCTGCTGTAGCGATG-1
train_B_00786,B,train,GACCTGGTCTTCGAGA-1,ACGTCAACATGGATGG-1
train_B_00787,B,train,AAGACCTTCGTTACAG-1,CTACATTTCTGCGGCA-1
train_B_00788,B,train,ACACCCTCATTTCACT-1,CGCGTTTAGATGTGTA-1
train_B_00789,B,train,GCTGCAGTCACTTACT-1,CGGAGCTAGAAACCAT-1
train_B_00790,B,train,CAACTAGCACGGCTAC-1,CCTACCAGTCGCCATG-1
train_B_00791,B,train,TCGGTAACAGATCCAT-1,AGCATACTCGCATGGC-1
train_B_00792,B,train,TAGGCATCACGACTCG-1,TGGCTGGCACGTCTCT-1
train_B_00793,B,train,AGGGTGAGTACTCAAC-1,TACGGTAGTAGCTTGT-1
train_B_00794,B,train,ATCTACTGTCACCTAA-1,CAACCAATCCAGAAGG-1
train_B_00795,B,train,CACAGTACAAACTGCT-1,CTACATTTCTGCGGCA-1
train_B_00796,B,train,AACTTTCAGTGCCAGA-1,CTAAGACAGTCATGCT-1
train_B_00797,B,train,TTCCCAGTCTTGCAAG-1,TTCTTAGCAATGGATA-1
train_B_00798,B,train,CAACCTCCAGTCGTGC-1,GATCGATAGGAGTCTG-1
train_B_00799,B,train,CTGGTCTCAAGCGCTC-1,CTGTGCTGTCACTGGC-1
train_B_00800,B,train,GTCGGGTGTTTGTTGG-1,GTGCAGCGTTTGGCGC-1
train_B_00801,B,train,ACGAGGACATCACGTA-1,GCATGATCATAGGATA-1
train_B_00802,B,train,CAACTAGCACGGCTAC-1,CACAGGCCAGCCTTGG-1
train_B_00803,B,train,ACTGATGCATCGGGTC-1,CGATTGATCTCGTTTA-1
train_B_00804,B,train,ACTGATGCATCGGGTC-1,GTCAAGTTCTCCAGGG-1
train_B_00805,B,train,AGGGTGAGTACTCAAC-1,GACTGCGAGGTGATTA-1
train_B_00806,B,train,CGCGGTATCTTTAGGG-1,GACAGAGCACCATCCT-1
train_B_00807,B,train,TGACTAGAGGAACTGC-1,GTGCAGCGTTTGGCGC-1
train_B_00808,B,train,TCGTAGACACGAAAGC-1,AACTCTTTCAACACGT-1
train_B_00809,B,train,GTTCGGGCAAAGGAAG-1,CAGCGACAGAGTACAT-1
train_B_00810,B,train,ACATGGTTCGGATGTT-1,TAAACCGAGCGTTGCC-1
train_B_00811,B,train,AACCGCGGTGGTCTCG-1,GGAACTTGTATTCGTG-1
train_B_00812,B,train,TGTCCCACAGGAATCG-1,GGTGTTATCTGAAAGA-1
train_B_00813,B,train,CTGAAACGTACCTACA-1,TTGTAGGGTGGGTCAA-1
train_B_00814,B,train,GTTCGGGCAAAGGAAG-1,GGGAATGCACGGTTTA-1
train_B_00815,B,train,AGAGTGGGTTGGACCC-1,CTACATTTCTGCGGCA-1
train_B_00816,B,train,AGGGAGTCATCACCCT-1,ATAACGCCAATGAATG-1
train_B_00817,B,train,AGGGAGTCATCACCCT-1,ATCGAGTGTCCGAATT-1
train_B_00818,B,train,TCTTCGGAGCAGCGTA-1,GTGCAGCGTTTGGCGC-1
train_B_00819,B,train,CGTAGGCAGGACACCA-1,TGTGTTTAGTCCGTAT-1
train_B_00820,B,train,CAACCTCCAGTCGTGC-1,GATCGTACATGCAACT-1
train_B_00821,B,train,AGAGTGGGTTGGACCC-1,ACGATGTGTGGCTCCA-1
train_B_00822,B,train,CACAAACTCTGTCTCG-1,CTAGAGTCACCAGTTA-1
train_B_00823,B,train,GCAATCATCCCTTGCA-1,TTGGAACCAGGGTACA-1
train_B_00824,B,train,CTTAGGATCACTCTTA-1,ATAACGCCAATGAATG-1
train_B_00825,B,train,AACTTTCAGTGCCAGA-1,TTCTACATCAGTCAGT-1
train_B_00826,B,train,CTTAGGATCACTCTTA-1,GTAGTCAAGGTGGGTT-1
train_B_00827,B,train,AACTTTCAGTGCCAGA-1,CGGAGCTAGAAACCAT-1
train_B_00828,B,train,ACTGATGCATCGGGTC-1,AAAGTAGAGTGTGGCA-1
train_B_00829,B,train,ATCACGATCCACTGGG-1,GACAGAGCACCATCCT-1
train_B_00830,B,train,TGCGGGTCATTGCGGC-1,GGGTTGCCATCACGTA-1
train_B_00831,B,train,ACACCCTCATTTCACT-1,ATAACGCCAATGAATG-1
train_B_00832,B,train,AGAGCTTAGCTGAACG-1,GGAACTTGTATTCGTG-1
train_B_00833,B,train,TAGGCATCACGACTCG-1,GCGCAGTAGAGGGCTT-1
train_B_00834,B,train,ACTGATGCATCGGGTC-1,GCTTCCACAGGTGGAT-1
train_B_00835,B,train,GTCGGGTGTTTGTTGG-1,AACTCTTTCAACACGT-1
train_B_00836,B,train,TAGCCGGAGTAATCCC-1,CTACATTTCTGCGGCA-1
train_B_00837,B,train,CTGAAACGTACCTACA-1,TGAGGGAAGCCGGTAA-1
train_B_00838,B,train,ACTGATGCATCGGGTC-1,CTAGAGTCACCAGTTA-1
train_B_00839,B,train,GGCTGGTCATCCGCGA-1,ACTGTCCGTCGCGAAA-1
train_B_00840,B,train,CTGGTCTCAAGCGCTC-1,CTCGGGAAGGATGGTC-1
train_B_00841,B,train,AACCATGCACCAGATT-1,TGTGTTTAGTCCGTAT-1
train_B_00842,B,train,CCTACCAAGAGGTTAT-1,TTAGGACGTCCAGTTA-1
train_B_00843,B,train,AGGGAGTCATCACCCT-1,CACAGGCCAGCCTTGG-1
train_B_00844,B,train,GCAATCATCCCTTGCA-1,CTGCTGTAGGGAAACA-1
train_B_00845,B,train,CGTAGGCAGGACACCA-1,CGTTGGGTCGTAGATC-1
train_B_00846,B,train,ACGGGCTCACCGAATT-1,CAGCGACAGAGTACAT-1
train_B_00847,B,train,GTTCGGGCAAAGGAAG-1,AACTCTTTCAACACGT-1
train_B_00848,B,train,CGTAGGCAGGACACCA-1,CATCCACAGCAGATCG-1
train_B_00849,B,train,CTGCTGTTCTTAGAGC-1,CTACATTTCTGCGGCA-1
train_B_00850,B,train,GTCTCGTTCAGCACAT-1,TACACGACAAGTTGTC-1
train_B_00851,B,train,CAACCTCCAGTCGTGC-1,ACGATACGTCCAACTA-1
train_B_00852,B,train,TGACTAGAGGAACTGC-1,ACGTCAACATGGATGG-1
train_B_00853,B,train,AGGGTGAGTACTCAAC-1,TGTGTTTTCCGTAGGC-1
train_B_00854,B,train,GCACATACACTTAAGC-1,ACGATGTGTGGCTCCA-1
train_B_00855,B,train,TAGGCATCACGACTCG-1,TCGCGTTTCGCCTGAG-1
train_B_00856,B,train,CTGAAACGTACCTACA-1,TTAGGACGTCCAGTTA-1
train_B_00857,B,train,CTCGTACTCTAACGGT-1,TTGGAACCAGGGTACA-1
train_B_00858,B,train,GTTCGGGGTACCGAGA-1,TACGGTAGTAGCTTGT-1
train_B_00859,B,train,TAGGCATCACGACTCG-1,CTCTAATGTGCAACGA-1
train_B_00860,B,train,CAAGATCGTTACTGAC-1,CTCGGAGTCTCGGACG-1
train_B_00861,B,train,ACATGGTTCGGATGTT-1,GGATGTTCAAGCCATT-1
train_B_00862,B,train,CCGTTCAAGCAATATG-1,TACACGACAAGTTGTC-1
train_B_00863,B,train,GTTCGGGCAAAGGAAG-1,GACTGCGAGGTGATTA-1
train_B_00864,B,train,CTGCTGTTCTTAGAGC-1,GGATGTTCAAGCCATT-1
train_B_00865,B,train,AAGACCTTCGTTACAG-1,TTGGAACCAGGGTACA-1
train_B_00866,B,train,TTAGGCACAGTTCATG-1,AACTCTTTCAACACGT-1
train_B_00867,B,train,CAACTAGCACGGCTAC-1,GATCGTAGTATTAGCC-1
train_B_00868,B,train,GTCTCGTTCAGCACAT-1,AGCTCTCAGCGAAGGG-1
train_B_00869,B,train,CCCAATCAGCGGATCA-1,TACGGTAGTAGCTTGT-1
train_B_00870,B,train,AGAGTGGGTTGGACCC-1,CTAGAGTCACCAGTTA-1
train_B_00871,B,train,AAGACCTTCGTTACAG-1,CCTACCAGTCGCCATG-1
train_B_00872,B,train,GGCTGGTGTATGAATG-1,TAAACCGAGCGTTGCC-1
train_B_00873,B,train,TGACTAGAGGAACTGC-1,GTGCAGCGTTTGGCGC-1
train_B_00874,B,train,CACAGTACAAACTGCT-1,GGGAATGCACGGTTTA-1
train_B_00875,B,train,CCGGTAGGTTAAAGAC-1,GTTAAGCTCCTTTACA-1
train_B_00876,B,train,GGCTGGTCATCCGCGA-1,TAAACCGAGCGTTGCC-1
train_B_00877,B,train,AAGACCTTCGTTACAG-1,CTCGGAGTCTCGGACG-1
train_B_00878,B,train,ATCACGATCCACTGGG-1,ATTACTCCAGGGCATA-1
train_B_00879,B,train,GCAATCATCCCTTGCA-1,CACAGGCCAGCCTTGG-1
train_B_00880,B,train,AGAGCTTAGCTGAACG-1,ACGATACGTCCAACTA-1
train_B_00881,B,train,CAACCTCCAGTCGTGC-1,ATAAGAGTCAGTTCGA-1
train_B_00882,B,train,GGCTGGTCATCCGCGA-1,CTCGGGAAGGATGGTC-1
train_B_00883,B,train,CTGCTGTTCTTAGAGC-1,TCGCGTTTCGCCTGAG-1
train_B_00884,B,train,AACCGCGGTGGTCTCG-1,TGAGGGAGTCTCCACT-1
train_B_00885,B,train,GATCAGTGTACACCGC-1,TTCTACATCAGTCAGT-1
train_B_00886,B,train,AGGGTGATCGGAATCT-1,CAGCGACAGAGTACAT-1
train_B_00887,B,train,TTAGGCACAGTTCATG-1,ATTACTCCAGGGCATA-1
train_B_00888,B,train,CGTAGGCAGGACACCA-1,AAGGAGCTCCTCAACC-1
train_B_00889,B,train,CTGCTGTAGTACGACG-1,GATCGTACATGCAACT-1
train_B_00890,B,train,TCGGTAACAGATCCAT-1,GATCGTAGTATTAGCC-1
train_B_00891,B,train,GAACGGATCTCTAGGA-1,GGATGTTCAAGCCATT-1
train_B_00892,B,train,GAACGGATCTCTAGGA-1,CAACCAATCCAGAAGG-1
train_B_00893,B,train,TGTCCCACAGGAATCG-1,AGCATACTCGCATGGC-1
train_B_00894,B,train,ACGGGCTCACCGAATT-1,CGCGTTTAGATGTGTA-1
train_B_00895,B,train,ATCTACTGTCACCTAA-1,TGGCTGGCACGTCTCT-1
train_B_00896,B,train,ATCTACTGTCACCTAA-1,GTCACAATCGAGAGCA-1
train_B_00897,B,train,CAACCTCCAGTCGTGC-1,ATTACTCCAGGGCATA-1
train_B_00898,B,train,ATCTACTGTCACCTAA-1,CTCGGAGTCTCGGACG-1
train_B_00899,B,train,GCTGCAGTCACTTACT-1,GGGTTGCCATCACGTA-1
train_B_00900,B,train,ACGATGTTCGTTTAGG-1,TCTGAGAGTTATGCGT-1
train_B_00901,B,train,GAACGGATCTCTAGGA-1,GATCGTACATGCAACT-1
train_B_00902,B,train,TCGTAGACACGAAAGC-1,GACCAATCACGGATAG-1
train_B_00903,B,train,CAACCTCCAGTCGTGC-1,GTCACAATCGAGAGCA-1
train_B_00904,B,train,TGTCCCACAGGAATCG-1,CGTTGGGTCGTAGATC-1
train_B_00905,B,train,TGACTAGAGGAACTGC-1,GCGCAGTAGAGGGCTT-1
train_B_00906,B,train,TCGTAGACACGAAAGC-1,TTCTACATCAGTCAGT-1
train_B_00907,B,train,TTAGGCACAGTTCATG-1,ATAAGAGTCAGTTCGA-1
train_B_00908,B,train,CCGGTAGGTTAAAGAC-1,CACCTTGAGCGTGAGT-1
train_B_00909,B,train,TTCCCAGTCTTGCAAG-1,ACGATACGTCCAACTA-1
train_B_00910,B,train,CTAAGACCAAGCTGTT-1,GTCACGGCACCGATAT-1
train_B_00911,B,train,GCACATACACTTAAGC-1,GGTGTTATCTGAAAGA-1
train_B_00912,B,train,TAGGCATCACGACTCG-1,TACACGACAAGTTGTC-1
train_B_00913,B,train,TACTTACCAGCGTAAG-1,TGTCCCATCCGCTGTT-1
train_B_00914,B,train,AAGACCTTCGTTACAG-1,GATCGTACATGCAACT-1
train_B_00915,B,train,TCGTAGACACGAAAGC-1,CTTACCGGTGTAATGA-1
train_B_00916,B,train,CGGAGTCCAAGTAATG-1,ACGGGTCTCTTGTTTG-1
train_B_00917,B,train,CTGCTGTTCTTAGAGC-1,TGTCCCATCCGCTGTT-1
train_B_00918,B,train,CGCTTCAAGAGTTGGC-1,ACGTCAACATGGATGG-1
train_B_00919,B,train,TCGTAGACACGAAAGC-1,TTGTAGGTCTTAACCT-1
train_B_00920,B,train,TAGCCGGAGTAATCCC-1,AGCTCTCAGCGAAGGG-1
train_B_00921,B,train,CTCGTACTCTAACGGT-1,GATCGTAGTATTAGCC-1
train_B_00922,B,train,CCGGTAGGTTAAAGAC-1,TTCTTAGCAATGGATA-1
train_B_00923,B,train,CAACCTCCAGTCGTGC-1,CGATTGATCTCGTTTA-1
train_B_00924,B,train,CACAAACTCTGTCTCG-1,CAACCAATCCAGAAGG-1
train_B_00925,B,train,CGTAGGCAGGACACCA-1,ATTACTCCAGGGCATA-1
train_B_00926,B,train,CCCAATCAGCGGATCA-1,TTGGAACCAGGGTACA-1
train_B_00927,B,train,ACGGGCTCACCGAATT-1,GCGCAGTAGAGGGCTT-1
train_B_00928,B,train,GGCTGGTGTATGAATG-1,CGGAGCTAGAAACCAT-1
train_B_00929,B,train,TTAGGCACAGTTCATG-1,TGTGTTTAGTCCGTAT-1
train_B_00930,B,train,CTGCTGTTCTTAGAGC-1,GACAGAGCACCATCCT-1
train_B_00931,B,train,ACGGGCTCACCGAATT-1,AAGACCTCAGGGCATA-1
train_B_00932,B,train,ACTGATGCATCGGGTC-1,GATCGATAGGAGTCTG-1
train_B_00933,B,train,CAACCTCCAGTCGTGC-1,GACCAATCACGGATAG-1
train_B_00934,B,train,AGGGTGAGTACTCAAC-1,CACAGTAAGCGTCAAG-1
train_B_00935,B,train,ACGAGGACATCACGTA-1,TTGTAGGGTGGGTCAA-1
train_B_00936,B,train,CAACCTCCAGTCGTGC-1,GACAGAGCACCATCCT-1
train_B_00937,B,train,TACTTACCAGCGTAAG-1,TACACGACAAGTTGTC-1
train_B_00938,B,train,GTTCGGGGTACCGAGA-1,GTAGTCAAGGTGGGTT-1
train_B_00939,B,train,GGCTGGTGTATGAATG-1,GTCACGGCACCGATAT-1
train_B_00940,B,train,AGGGTGAGTACTCAAC-1,TGAGGGAGTCTCCACT-1
train_B_00941,B,train,TAGCCGGAGTAATCCC-1,CATCCACAGCAGATCG-1
train_B_00942,B,train,ACGATGTTCGTTTAGG-1,CCAATCCCAAAGCAAT-1
train_B_00943,B,train,TCTTCGGAGCAGCGTA-1,AAGACCTCAGGGCATA-1
train_B_00944,B,train,TAGCCGGAGTAATCCC-1,ACGATGTGTGGCTCCA-1
train_B_00945,B,train,GTCTCGTTCAGCACAT-1,TAAACCGAGCGTTGCC-1
train_B_00946,B,train,ACACCCTCATTTCACT-1,TCGCGTTTCGCCTGAG-1
train_B_00947,B,train,CTGCTGTTCTTAGAGC-1,TCTGAGAGTTATGCGT-1
train_B_00948,B,train,CAACTAGCACGGCTAC-1,ACGATGTGTGGCTCCA-1
train_B_00949,B,train,GCACATACACTTAAGC-1,AGCTCTCAGCGAAGGG-1
train_B_00950,B,train,ATCCACCCACAGACTT-1,ACGATACGTCCAACTA-1
train_B_00951,B,train,TAGCCGGAGTAATCCC-1,AGCATACTCGCATGGC-1
train_B_00952,B,train,ATCCACCCACAGACTT-1,CAGCGACAGAGTACAT-1
train_B_00953,B,train,ACGGGCTCACCGAATT-1,ATCGAGTGTCCGAATT-1
train_B_00954,B,train,GGCTGGTCATCCGCGA-1,CACAGTAAGCGTCAAG-1
train_B_00955,B,train,AGCTTGACAGTAAGCG-1,GCATGATCACTTCTGC-1
train_B_00956,B,train,CACAAACTCTGTCTCG-1,AACTCCCAGCAACGGT-1
train_B_00957,B,train,CTGCTGTAGTACGACG-1,GCATGATCACTTCTGC-1
train_B_00958,B,train,CAAGATCGTTACTGAC-1,GTTAAGCTCCTTTACA-1
train_B_00959,B,train,CGCTTCAAGAGTTGGC-1,CTACATTTCTGCGGCA-1
train_B_00960,B,train,GATCAGTGTACACCGC-1,TGCTGCTGTAGCGATG-1
train_B_00961,B,train,TGACTAGAGGAACTGC-1,TTGGAACCAGGGTACA-1
train_B_00962,B,train,CACAAACTCTGTCTCG-1,GCATGATCACTTCTGC-1
train_B_00963,B,train,CAACCTCCAGTCGTGC-1,GTTAAGCTCCTTTACA-1
train_B_00964,B,train,CACAGTACAAACTGCT-1,ATAACGCCAATGAATG-1
train_B_00965,B,train,AAGACCTTCGTTACAG-1,GATCGATAGGAGTCTG-1
train_B_00966,B,train,GTCAAGTGTATCAGTC-1,ATCGAGTGTCCGAATT-1
train_B_00967,B,train,ATCACGATCCACTGGG-1,ATCTACTAGGAACTGC-1
train_B_00968,B,train,GCACATACACTTAAGC-1,CATCCACAGCAGATCG-1
train_B_00969,B,train,AGAGCTTAGCTGAACG-1,ACGATGTGTGGCTCCA-1
train_B_00970,B,train,AACTTTCAGTGCCAGA-1,AGCTCTCAGCGAAGGG-1
train_B_00971,B,train,CCGGTAGGTTAAAGAC-1,CTTACCGGTGTAATGA-1
train_B_00972,B,train,GACCTGGTCTTCGAGA-1,CTCTAATGTGCAACGA-1
train_B_00973,B,train,ACATGGTTCGGATGTT-1,TGTCCCATCCGCTGTT-1
train_B_00974,B,train,AAGACCTTCGTTACAG-1,GACCAATCACGGATAG-1
train_B_00975,B,train,CTTAGGATCACTCTTA-1,GTCAAGTTCTCCAGGG-1
train_B_00976,B,train,GCACATACACTTAAGC-1,ATAACGCCAATGAATG-1
train_B_00977,B,train,CACAGTACAAACTGCT-1,TGTGTTTAGTCCGTAT-1
train_B_00978,B,train,GACCTGGTCTTCGAGA-1,TTGGAACCAGGGTACA-1
train_B_00979,B,train,AGCTTGACAGTAAGCG-1,CAGCGACAGAGTACAT-1
train_B_00980,B,train,CTTAGGATCACTCTTA-1,TACGGTAGTAGCTTGT-1
train_B_00981,B,train,TCGGTAACAGATCCAT-1,CTACATTTCTGCGGCA-1
train_B_00982,B,train,TGCGGGTCATTGCGGC-1,TGGTTCCGTACCCAAT-1
train_B_00983,B,train,TTCCCAGTCTTGCAAG-1,CTTACCGGTGTAATGA-1
train_B_00984,B,train,ATCACGATCCACTGGG-1,CGATTGATCTCGTTTA-1
train_B_00985,B,train,GCAATCATCCCTTGCA-1,CACAGGCCAGCCTTGG-1
train_B_00986,B,train,AGAGCTTAGCTGAACG-1,GTCAAGTTCTCCAGGG-1
train_B_00987,B,train,ACATGGTTCGGATGTT-1,GGATGTTCAAGCCATT-1
train_B_00988,B,train,CCCAATCAGCGGATCA-1,TGTGTTTTCCGTAGGC-1
train_B_00989,B,train,CGTAGGCAGGACACCA-1,ATAACGCCAATGAATG-1
train_B_00990,B,train,ACGATGTTCGTTTAGG-1,GCGCAGTAGAGGGCTT-1
train_B_00991,B,train,GCACATACACTTAAGC-1,GATCGATAGGAGTCTG-1
train_B_00992,B,train,TGTCCCACAGGAATCG-1,GATCGATAGGAGTCTG-1
train_B_00993,B,train,CGCGGTATCTTTAGGG-1,CTTACCGGTGTAATGA-1
train_B_00994,B,train,GCTGCAGTCACTTACT-1,AACTCTTTCAACACGT-1
train_B_00995,B,train,ACTGATGCATCGGGTC-1,CCTACCAGTCGCCATG-1
train_B_00996,B,train,GTCGGGTGTTTGTTGG-1,GCATGATCACTTCTGC-1
train_B_00997,B,train,CAACTAGCACGGCTAC-1,AAGGAGCTCCTCAACC-1
train_B_00998,B,train,GGCTGGTCATCCGCGA-1,AAGGAGCTCCTCAACC-1
train_B_00999,B,train,TCGGTAACAGATCCAT-1,CCACTACCAGGCGATA-1
train_B_01000,B,train,GTTCGGGCAAAGGAAG-1,ATAACGCCAATGAATG-1
train_B_01001,B,train,AACTTTCAGTGCCAGA-1,CTAGAGTCACCAGTTA-1
train_B_01002,B,train,TGTCCCACAGGAATCG-1,AACTCCCAGCAACGGT-1
train_B_01003,B,train,AAGACCTTCGCCAAAT-1,CCAATCCCAAAGCAAT-1
train_B_01004,B,train,CAACTAGCACGGCTAC-1,AGCTCTCAGCGAAGGG-1
train_B_01005,B,train,GCACATACACTTAAGC-1,CGTTGGGTCGTAGATC-1
train_B_01006,B,train,CAACCTCCAGTCGTGC-1,CGCGTTTAGATGTGTA-1
train_B_01007,B,train,TACTTACCAGCGTAAG-1,CGCGTTTAGATGTGTA-1
train_B_01008,B,train,AACCATGCACCAGATT-1,CGGAGCTAGAAACCAT-1
train_B_01009,B,train,CTGGTCTCAAGCGCTC-1,CTAGAGTCACCAGTTA-1
train_B_01010,B,train,CCCAATCAGCGGATCA-1,CATCCACAGCAGATCG-1
train_B_01011,B,train,TCGTAGACACGAAAGC-1,CACAGTAAGCGTCAAG-1
train_B_01012,B,train,AACCGCGGTGGTCTCG-1,CGATTGATCTCGTTTA-1
train_B_01013,B,train,CGGTTAATCTGCGGCA-1,ACGGGTCTCTTGTTTG-1
train_B_01014,B,train,AACCATGCACCAGATT-1,CCTACCAGTCGCCATG-1
train_B_01015,B,train,GACCTGGTCTTCGAGA-1,AGCATACTCGCATGGC-1
train_B_01016,B,train,CCTACCAAGAGGTTAT-1,CAACCAATCCAGAAGG-1
train_B_01017,B,train,CCGTTCAAGCAATATG-1,CTCGAGGCAAGTTCTG-1
train_B_01018,B,train,CTGGTCTCAAGCGCTC-1,TTGGAACCAGGGTACA-1
train_B_01019,B,train,GTCTCGTTCAGCACAT-1,GTCACAATCGAGAGCA-1
train_B_01020,B,train,ATCACGATCCACTGGG-1,CTCGGAGTCTCGGACG-1
train_B_01021,B,train,AACTTTCAGTGCCAGA-1,CGTTGGGTCGTAGATC-1
train_B_01022,B,train,TCGGTAACAGATCCAT-1,GGAACTTGTATTCGTG-1
train_B_01023,B,train,CACAGTACAAACTGCT-1,CACAGTAAGCGTCAAG-1
train_B_01024,B,train,CTGCTGTTCTTAGAGC-1,GGATGTTCAAGCCATT-1
train_B_01025,B,train,CAAGATCGTTACTGAC-1,GGATGTTCAAGCCATT-1
train_B_01026,B,train,TCGGTAACAGATCCAT-1,GTTAAGCTCCTTTACA-1
train_B_01027,B,train,ACATGGTTCGGATGTT-1,CAGCGACAGAGTACAT-1
train_B_01028,B,train,TTCCCAGTCTTGCAAG-1,GTGCAGCGTTTGGCGC-1
train_B_01029,B,train,CGCTTCAAGAGTTGGC-1,CTACATTTCTGCGGCA-1
train_B_01030,B,train,ATCCACCCACAGACTT-1,AGCTCTCAGCGAAGGG-1
train_B_01031,B,train,GGCTGGTGTATGAATG-1,TGAGGGAAGCCGGTAA-1
train_B_01032,B,train,CTGGTCTCAAGCGCTC-1,TGAGGGAGTCTCCACT-1
train_B_01033,B,train,ACGGGCTCACCGAATT-1,CTCGGAGTCTCGGACG-1
train_B_01034,B,train,GTCTCGTTCAGCACAT-1,AACTCCCAGCAACGGT-1
train_B_01035,B,train,TTCCCAGTCTTGCAAG-1,CGATTGATCTCGTTTA-1
train_B_01036,B,train,ATCACGATCCACTGGG-1,TCTGAGAGTTATGCGT-1
train_B_01037,B,train,AGAGTGGGTTGGACCC-1,CCAATCCCAAAGCAAT-1
train_B_01038,B,train,GTCTCGTTCAGCACAT-1,CAGCGACAGAGTACAT-1
train_B_01039,B,train,TCGTAGACACGAAAGC-1,GCGCAGTAGAGGGCTT-1
train_B_01040,B,train,TAGGCATCACGACTCG-1,TCGCGTTTCGCCTGAG-1
train_B_01041,B,train,AACCGCGGTGGTCTCG-1,TTGTAGGTCTTAACCT-1
train_B_01042,B,train,TGTCCCACAGGAATCG-1,GTCACAATCGAGAGCA-1
train_B_01043,B,train,CGGTTAATCTGCGGCA-1,GCATGATCACTTCTGC-1
train_B_01044,B,train,TGACTAGAGGAACTGC-1,TTAGGACGTCCAGTTA-1
train_B_01045,B,train,AAGACCTTCGTTACAG-1,TCGCGTTTCGCCTGAG-1
train_B_01046,B,train,GAACGGATCTCTAGGA-1,CTTACCGGTGTAATGA-1
train_B_01047,B,train,ATCCACCCACAGACTT-1,AACTCCCAGCAACGGT-1
train_B_01048,B,train,ACGATGTTCGTTTAGG-1,ACTGTCCGTCGCGAAA-1
train_B_01049,B,train,GTTCGGGCAAAGGAAG-1,TTGTAGGTCTTAACCT-1
train_B_01050,B,train,ATCTACTGTCACCTAA-1,CCAATCCCAAAGCAAT-1
train_B_01051,B,train,CTGGTCTCAAGCGCTC-1,GACAGAGCACCATCCT-1
train_B_01052,B,train,TAGGCATCACGACTCG-1,GTTAAGCTCCTTTACA-1
train_B_01053,B,train,TCGGTAACAGATCCAT-1,TGAGGGAAGCCGGTAA-1
train_B_01054,B,train,AACTTTCAGTGCCAGA-1,CCACTACCAGGCGATA-1
train_B_01055,B,train,CGGAGTCCAAGTAATG-1,TTGTAGGGTGGGTCAA-1
train_B_01056,B,train,AGGGTGATCGGAATCT-1,CACAGGCCAGCCTTGG-1
train_B_01057,B,train,ACATGGTTCGGATGTT-1,GCGCAGTAGAGGGCTT-1
train_B_01058,B,train,CACAGTACAAACTGCT-1,TTGTAGGGTGGGTCAA-1
train_B_01059,B,train,AAGTCTGAGAGTAAGG-1,TGAGGGAGTCTCCACT-1
train_B_01060,B,train,AGGGAGTCATCACCCT-1,ATCCACCAGGGTGTTG-1
train_B_01061,B,train,CGTAGGCAGGACACCA-1,ACGATGTGTGGCTCCA-1
train_B_01062,B,train,GACCTGGTCTTCGAGA-1,CTGTGCTGTCACTGGC-1
train_B_01063,B,train,TCTTCGGAGCAGCGTA-1,TGAGGGAGTCTCCACT-1
train_B_01064,B,train,AGCCTAACACTGTTAG-1,CTAGAGTCACCAGTTA-1
train_B_01065,B,train,TTCCCAGTCTTGCAAG-1,ATAACGCCAATGAATG-1
train_B_01066,B,train,AGAGTGGGTTGGACCC-1,ATAAGAGTCAGTTCGA-1
train_B_01067,B,train,GTCAAGTGTATCAGTC-1,AAGACCTCAGGGCATA-1
train_B_01068,B,train,TAGGCATCACGACTCG-1,ACGGGTCTCTTGTTTG-1
train_B_01069,B,train,AAGACCTTCGTTACAG-1,CCTACCAGTCGCCATG-1
train_B_01070,B,train,GACCTGGTCTTCGAGA-1,CTGTGCTGTCACTGGC-1
train_B_01071,B,train,ACTGATGCATCGGGTC-1,CTTACCGGTGTAATGA-1
train_B_01072,B,train,TCGTAGACACGAAAGC-1,GGTGTTATCTGAAAGA-1
train_B_01073,B,train,GAACGGATCTCTAGGA-1,GGGAATGCACGGTTTA-1
train_B_01074,B,train,TACTTACCAGCGTAAG-1,GGGACCTTCCTTTCGG-1
train_B_01075,B,train,CTGCTGTTCTTAGAGC-1,ATCTACTAGGAACTGC-1
train_B_01076,B,train,CCGTTCAAGCAATATG-1,TTGTAGGGTGGGTCAA-1
train_B_01077,B,train,TCGTAGACACGAAAGC-1,GCTTCCACAGGTGGAT-1
train_B_01078,B,train,CGGAGTCCAAGTAATG-1,ACGATGTGTGGCTCCA-1
train_B_01079,B,train,CGCTTCAAGAGTTGGC-1,AAGACCTCAGGGCATA-1
train_B_01080,B,train,AAGTCTGAGAGTAAGG-1,ATTACTCCAGGGCATA-1
train_B_01081,B,train,AGGGTGATCGGAATCT-1,TTGGAACCAGGGTACA-1
train_B_01082,B,train,ACATGGTTCGGATGTT-1,AGCATACTCGCATGGC-1
train_B_01083,B,train,ACGAGGACATCACGTA-1,TGTCCCATCCGCTGTT-1
train_B_01084,B,train,AAGTCTGAGAGTAAGG-1,CTTACCGGTGTAATGA-1
train_B_01085,B,train,GTCAAGTGTATCAGTC-1,CTCGAGGCAAGTTCTG-1
train_B_01086,B,train,AGAGTGGGTTGGACCC-1,TGCACCTGTGCAGGTA-1
train_B_01087,B,train,TCGTAGACACGAAAGC-1,CGGAGCTAGAAACCAT-1
train_B_01088,B,train,CAAGATCGTTACTGAC-1,GGATGTTCAAGCCATT-1
train_B_01089,B,train,GGCTGGTCATCCGCGA-1,CTTACCGGTGTAATGA-1
train_B_01090,B,train,AAGACCTTCGCCAAAT-1,CTCGGAGTCTCGGACG-1
train_B_01091,B,train,ACGGGCTCACCGAATT-1,TTCTTAGCAATGGATA-1
train_B_01092,B,train,GTCTCGTTCAGCACAT-1,TGCACCTGTGCAGGTA-1
train_B_01093,B,train,CTGGTCTCAAGCGCTC-1,GGGTTGCCATCACGTA-1
train_B_01094,B,train,CCGTTCAAGCAATATG-1,CTACATTTCTGCGGCA-1
train_B_01095,B,train,TCGTAGACACGAAAGC-1,TACACGACAAGTTGTC-1
train_B_01096,B,train,TAGCCGGAGTAATCCC-1,ATCCACCAGGGTGTTG-1
train_B_01097,B,train,CGCTTCAAGAGTTGGC-1,GGGTTGCCATCACGTA-1
train_B_01098,B,train,AGAGTGGGTTGGACCC-1,GGGTTGCCATCACGTA-1
train_B_01099,B,train,AACTTTCAGTGCCAGA-1,TTGTAGGTCTTAACCT-1
train_B_01100,B,train,TAGTTGGGTACGAAAT-1,GTCAAGTTCTCCAGGG-1
train_B_01101,B,train,AGGGTGATCGGAATCT-1,ACTGTCCGTCGCGAAA-1
train_B_01102,B,train,CAACTAGCACGGCTAC-1,TGAGGGAAGCCGGTAA-1
train_B_01103,B,train,GACCTGGTCTTCGAGA-1,TGGTTCCGTACCCAAT-1
train_B_01104,B,train,CCGGTAGGTTAAAGAC-1,TGTCCCATCCGCTGTT-1
train_B_01105,B,train,ACGAGGACATCACGTA-1,CGCGTTTAGATGTGTA-1
train_B_01106,B,train,CTTAGGATCACTCTTA-1,GTCACAATCGAGAGCA-1
train_B_01107,B,train,CAACTAGCACGGCTAC-1,ACGATGTGTGGCTCCA-1
train_B_01108,B,train,GGCTGGTGTATGAATG-1,CTCTAATGTGCAACGA-1
train_B_01109,B,train,TTAGGCACAGTTCATG-1,CCAATCCCAAAGCAAT-1
train_B_01110,B,train,GATCAGTGTACACCGC-1,GTGCAGCGTTTGGCGC-1
train_B_01111,B,train,ACGAGGACATCACGTA-1,ACGGGTCTCTTGTTTG-1
train_B_01112,B,train,GGCTGGTGTATGAATG-1,GACCAATCACGGATAG-1
train_B_01113,B,train,CCGTTCAAGCAATATG-1,TAAACCGAGCGTTGCC-1
train_B_01114,B,train,CTGGTCTCAAGCGCTC-1,CAGCGACAGAGTACAT-1
train_B_01115,B,train,GACCTGGTCTTCGAGA-1,GGGTTGCCATCACGTA-1
train_B_01116,B,train,GCTGCAGTCACTTACT-1,GACTGCGAGGTGATTA-1
train_B_01117,B,train,AGCCTAACACTGTTAG-1,CTTACCGGTGTAATGA-1
train_B_01118,B,train,ATCCACCCACAGACTT-1,GTCACAATCGAGAGCA-1
train_B_01119,B,train,GTTCGGGGTACCGAGA-1,TCTGAGAGTTATGCGT-1
train_B_01120,B,train,TTCCCAGTCTTGCAAG-1,ATAAGAGTCAGTTCGA-1
train_B_01121,B,train,ACTGATGCATCGGGTC-1,CGCGTTTAGATGTGTA-1
train_B_01122,B,train,AGGGTGATCGGAATCT-1,GTTAAGCTCCTTTACA-1
train_B_01123,B,train,CTGCTGTTCTTAGAGC-1,GACCAATCACGGATAG-1
train_B_01124,B,train,CTGGTCTCAAGCGCTC-1,GTAGTCAAGGTGGGTT-1
train_B_01125,B,train,AACTTTCAGTGCCAGA-1,GCATGATCACTTCTGC-1
train_B_01126,B,train,AACCATGCACCAGATT-1,TGCTGCTGTAGCGATG-1
train_B_01127,B,train,TTCCCAGTCTTGCAAG-1,CTGTGCTGTCACTGGC-1
train_B_01128,B,train,CACAGTACAAACTGCT-1,TTCTTAGCAATGGATA-1
train_B_01129,B,train,CGTAGGCAGGACACCA-1,ATCGAGTGTCCGAATT-1
train_B_01130,B,train,CACAAACTCTGTCTCG-1,ACGGGTCTCTTGTTTG-1
train_B_01131,B,train,AGGGAGTCATCACCCT-1,GTGCAGCGTTTGGCGC-1
train_B_01132,B,train,CAACCTCCAGTCGTGC-1,GACTGCGAGGTGATTA-1
train_B_01133,B,train,ACGATGTTCGTTTAGG-1,CACAGGCCAGCCTTGG-1
train_B_01134,B,train,AAGTCTGAGAGTAAGG-1,ACGATACGTCCAACTA-1
train_B_01135,B,train,AACTTTCAGTGCCAGA-1,ACGGGTCTCTTGTTTG-1
train_B_01136,B,train,ACTGATGCATCGGGTC-1,GGGTTGCCATCACGTA-1
train_B_01137,B,train,AGGGTGATCGGAATCT-1,CAGCATATCGCCGTGA-1
train_B_01138,B,train,TCGTAGACACGAAAGC-1,TTCTTAGCAATGGATA-1
train_B_01139,B,train,TAGCCGGAGTAATCCC-1,CTAGAGTCACCAGTTA-1
train_B_01140,B,train,GCACATACACTTAAGC-1,ATAACGCCAATGAATG-1
train_B_01141,B,train,AGGGAGTCATCACCCT-1,GTCACAATCGAGAGCA-1
train_B_01142,B,train,CGGTTAATCTGCGGCA-1,TACGGTAGTAGCTTGT-1
train_B_01143,B,train,TGACTAGAGGAACTGC-1,GATCGTAGTATTAGCC-1
train_B_01144,B,train,GTTCGGGGTACCGAGA-1,GCATGATCATAGGATA-1
train_B_01145,B,train,TTCCCAGTCTTGCAAG-1,TGTGTTTTCCGTAGGC-1
train_B_01146,B,train,CACAGTACAAACTGCT-1,CTGTGCTGTCACTGGC-1
train_B_01147,B,train,CTGCTGTAGTACGACG-1,GATCGTACATGCAACT-1
train_B_01148,B,train,TGACTAGAGGAACTGC-1,CTAAGACAGTCATGCT-1
train_B_01149,B,train,ACATGGTTCGGATGTT-1,CCACTACCAGGCGATA-1
train_B_01150,B,train,CAACTAGCACGGCTAC-1,TGGCTGGCACGTCTCT-1
train_B_01151,B,train,CAACTAGCACGGCTAC-1,TGGTTCCGTACCCAAT-1
train_B_01152,B,train,CGCGGTATCTTTAGGG-1,CAGCGACAGAGTACAT-1
train_B_01153,B,train,GCACATACACTTAAGC-1,AACTCTTTCAACACGT-1
train_B_01154,B,train,ACGAGGACATCACGTA-1,CACAGGCCAGCCTTGG-1
train_B_01155,B,train,CACAAACTCTGTCTCG-1,ATTACTCCAGGGCATA-1
train_B_01156,B,train,CACAGTACAAACTGCT-1,GATCGATAGGAGTCTG-1
train_B_01157,B,train,GACCTGGTCTTCGAGA-1,GTTCTCGTCTGTTTGT-1
train_B_01158,B,train,GAACGGATCTCTAGGA-1,GGAACTTGTATTCGTG-1
train_B_01159,B,train,GCAATCATCCCTTGCA-1,CCTACCAGTCGCCATG-1
train_B_01160,B,train,CAACTAGCACGGCTAC-1,GACAGAGCACCATCCT-1
train_B_01161,B,train,ACTGATGCATCGGGTC-1,TTCTACATCAGTCAGT-1
train_B_01162,B,train,GTCAAGTGTATCAGTC-1,CACAGGCCAGCCTTGG-1
train_B_01163,B,train,ATCCACCCACAGACTT-1,ACGGGTCTCTTGTTTG-1
train_B_01164,B,train,TAGCCGGAGTAATCCC-1,TTGGAACCAGGGTACA-1
train_B_01165,B,train,GACCTGGTCTTCGAGA-1,ACGGGTCTCTTGTTTG-1
train_B_01166,B,train,CTGAAACGTACCTACA-1,CAACCAATCCAGAAGG-1
train_B_01167,B,train,CGGTTAATCTGCGGCA-1,CCTACCAGTCGCCATG-1
train_B_01168,B,train,AGAGCTTAGCTGAACG-1,GTGCAGCGTTTGGCGC-1
train_B_01169,B,train,CGGTTAATCTGCGGCA-1,GTCAAGTTCTCCAGGG-1
train_B_01170,B,train,CTGCTGTAGTACGACG-1,CGATTGATCTCGTTTA-1
train_B_01171,B,train,ACGAGGACATCACGTA-1,TGCACCTGTGCAGGTA-1
train_B_01172,B,train,GTTCGGGGTACCGAGA-1,GTTAAGCTCCTTTACA-1
train_B_01173,B,train,TCGTAGACACGAAAGC-1,CAGCATATCGCCGTGA-1
train_B_01174,B,train,CTCGTACTCTAACGGT-1,CGTTGGGTCGTAGATC-1
train_B_01175,B,train,AACCGCGGTGGTCTCG-1,CGTTGGGTCGTAGATC-1
train_B_01176,B,train,ACACCCTCATTTCACT-1,CAACCAATCCAGAAGG-1
train_B_01177,B,train,GTCAAGTGTATCAGTC-1,GTTAAGCTCCTTTACA-1
train_B_01178,B,train,CCCAATCAGCGGATCA-1,GCGCAGTAGAGGGCTT-1
train_B_01179,B,train,ATCACGATCCACTGGG-1,GGAACTTGTATTCGTG-1
train_B_01180,B,train,CTTAGGATCACTCTTA-1,CAGCATATCGCCGTGA-1
train_B_01181,B,train,GTCGGGTGTTTGTTGG-1,GATCGTAGTATTAGCC-1
train_B_01182,B,train,AAGACCTTCGCCAAAT-1,TCGCGTTTCGCCTGAG-1
train_B_01183,B,train,ATCTACTGTCACCTAA-1,GGGTTGCCATCACGTA-1
train_B_01184,B,train,CCTACCAAGAGGTTAT-1,TTGTAGGGTGGGTCAA-1
train_B_01185,B,train,GTTCGGGCAAAGGAAG-1,GATCGTAGTATTAGCC-1
train_B_01186,B,train,GCTGCAGTCACTTACT-1,ATCCACCAGGGTGTTG-1
train_B_01187,B,train,CTTAGGATCACTCTTA-1,ACGTCAACATGGATGG-1
train_B_01188,B,train,CTAAGACCAAGCTGTT-1,GTCAAGTTCTCCAGGG-1
train_B_01189,B,train,TGTCCCACAGGAATCG-1,AGCATACTCGCATGGC-1
train_B_01190,B,train,CACAGTACAAACTGCT-1,GACCAATCACGGATAG-1
train_B_01191,B,train,GCTGCAGTCACTTACT-1,CTCGGGAAGGATGGTC-1
train_B_01192,B,train,TCTTCGGAGCAGCGTA-1,TGCTGCTGTAGCGATG-1
train_B_01193,B,train,TCGTAGACACGAAAGC-1,AACTCCCAGCAACGGT-1
train_B_01194,B,train,TCGTAGACACGAAAGC-1,TGAGGGAAGCCGGTAA-1
train_B_01195,B,train,CAACTAGCACGGCTAC-1,CGGAGCTAGAAACCAT-1
train_B_01196,B,train,CAACTAGCACGGCTAC-1,GTCACGGCACCGATAT-1
train_B_01197,B,train,GCACATACACTTAAGC-1,CTGTGCTGTCACTGGC-1
train_B_01198,B,train,AACCATGCACCAGATT-1,GATCGATAGGAGTCTG-1
train_B_01199,B,train,GCAATCATCCCTTGCA-1,TTGTAGGGTGGGTCAA-1
train_B_01200,B,train,AGCCTAACACTGTTAG-1,GTCACGGCACCGATAT-1
train_B_01201,B,train,AGCCTAACACTGTTAG-1,GCGCAGTAGAGGGCTT-1
train_B_01202,B,train,GTCAAGTGTATCAGTC-1,GGGAATGCACGGTTTA-1
train_B_01203,B,train,GTCGGGTGTTTGTTGG-1,ATCCACCAGGGTGTTG-1
train_B_01204,B,train,GTCTCGTTCAGCACAT-1,AGCATACTCGCATGGC-1
train_B_01205,B,train,CTAAGACCAAGCTGTT-1,GACAGAGCACCATCCT-1
train_B_01206,B,train,ATCTACTGTCACCTAA-1,GTCACGGCACCGATAT-1
train_B_01207,B,train,TCTTCGGAGCAGCGTA-1,CTTACCGGTGTAATGA-1
train_B_01208,B,train,TGACTAGAGGAACTGC-1,GGGAATGCACGGTTTA-1
train_B_01209,B,train,CGGTTAATCTGCGGCA-1,GTCACAATCGAGAGCA-1
train_B_01210,B,train,CCGTTCAAGCAATATG-1,TGCTGCTGTAGCGATG-1
train_B_01211,B,train,TAGTTGGGTACGAAAT-1,GTCACAATCGAGAGCA-1
train_B_01212,B,train,CGGAGTCCAAGTAATG-1,TGAGGGAAGCCGGTAA-1
train_B_01213,B,train,ATCTACTGTCACCTAA-1,CGATTGATCTCGTTTA-1
train_B_01214,B,train,ACGAGGACATCACGTA-1,GACTGCGAGGTGATTA-1
train_B_01215,B,train,CAACTAGCACGGCTAC-1,TCTGAGAGTTATGCGT-1
train_B_01216,B,train,ACGAGGACATCACGTA-1,GTGCAGCGTTTGGCGC-1
train_B_01217,B,train,CTCGTACTCTAACGGT-1,GACAGAGCACCATCCT-1
train_B_01218,B,train,CTGCTGTTCTTAGAGC-1,CACAGGCCAGCCTTGG-1
train_B_01219,B,train,AAGACCTTCGTTACAG-1,AAGACCTCAGGGCATA-1
train_B_01220,B,train,CCGTTCAAGCAATATG-1,TGCTGCTGTAGCGATG-1
train_B_01221,B,train,CCGTTCAAGCAATATG-1,CTGCTGTAGGGAAACA-1
train_B_01222,B,train,CACAAACTCTGTCTCG-1,TGAGGGAAGCCGGTAA-1
train_B_01223,B,train,TCGGTAACAGATCCAT-1,ATAAGAGTCAGTTCGA-1
train_B_01224,B,train,AGAGTGGGTTGGACCC-1,ATAACGCCAATGAATG-1
train_B_01225,B,train,GACCTGGTCTTCGAGA-1,GGGAATGCACGGTTTA-1
train_B_01226,B,train,AACCATGCACCAGATT-1,TTAGGACGTCCAGTTA-1
train_B_01227,B,train,TGACTAGAGGAACTGC-1,GTCACAATCGAGAGCA-1
train_B_01228,B,train,TAGGCATCACGACTCG-1,TGGCTGGCACGTCTCT-1
train_B_01229,B,train,TCTTCGGAGCAGCGTA-1,GGGAATGCACGGTTTA-1
train_B_01230,B,train,CTGAAACGTACCTACA-1,AAAGTAGAGTGTGGCA-1
train_B_01231,B,train,ACATGGTTCGGATGTT-1,CGCGTTTAGATGTGTA-1
train_B_01232,B,train,TACTTACCAGCGTAAG-1,CACAGGCCAGCCTTGG-1
train_B_01233,B,train,AGGGTGAGTACTCAAC-1,CACAGTAAGCGTCAAG-1
train_B_01234,B,train,ACGGGCTCACCGAATT-1,GATCGTACATGCAACT-1
train_B_01235,B,train,GGCTGGTGTATGAATG-1,ACGGGTCTCTTGTTTG-1
train_B_01236,B,train,ATCCACCCACAGACTT-1,TTGTAGGTCTTAACCT-1
train_B_01237,B,train,CCTACCAAGAGGTTAT-1,CGCGTTTAGATGTGTA-1
train_B_01238,B,train,TGACTAGAGGAACTGC-1,GGAACTTGTATTCGTG-1
train_B_01239,B,train,GTCTCGTTCAGCACAT-1,GATCGTACATGCAACT-1
train_B_01240,B,train,GACCTGGTCTTCGAGA-1,CAACCAATCCAGAAGG-1
train_B_01241,B,train,CGCTTCAAGAGTTGGC-1,ACGATGTGTGGCTCCA-1
train_B_01242,B,train,CTGGTCTCAAGCGCTC-1,TGGTTCCGTACCCAAT-1
train_B_01243,B,train,AGAGTGGGTTGGACCC-1,TCTGAGAGTTATGCGT-1
train_B_01244,B,train,CTCGTACTCTAACGGT-1,GCATGATCACTTCTGC-1
train_B_01245,B,train,ATCACGATCCACTGGG-1,CTAGAGTCACCAGTTA-1
train_B_01246,B,train,ACTGATGCATCGGGTC-1,CATCCACAGCAGATCG-1
train_B_01247,B,train,CTCGTACTCTAACGGT-1,ACGATGTGTGGCTCCA-1
train_B_01248,B,train,TCTTCGGAGCAGCGTA-1,CTAGAGTCACCAGTTA-1
train_B_01249,B,train,TCGGTAACAGATCCAT-1,CCAATCCCAAAGCAAT-1
train_B_01250,B,train,TCGTAGACACGAAAGC-1,ACGTCAACATGGATGG-1
train_B_01251,B,train,AACCGCGGTGGTCTCG-1,ATCGAGTGTCCGAATT-1
train_B_01252,B,train,AGCTTGACAGTAAGCG-1,TGCTGCTGTAGCGATG-1
train_B_01253,B,train,CGGTTAATCTGCGGCA-1,CAGCGACAGAGTACAT-1
train_B_01254,B,train,AACCATGCACCAGATT-1,TAAACCGAGCGTTGCC-1
train_B_01255,B,train,CTCGTACTCTAACGGT-1,CGTTGGGTCGTAGATC-1
train_B_01256,B,train,ACACCCTCATTTCACT-1,GGGACCTTCCTTTCGG-1
train_B_01257,B,train,TCTTCGGAGCAGCGTA-1,CACCTTGAGCGTGAGT-1
train_B_01258,B,train,ACGAGGACATCACGTA-1,TTCTACATCAGTCAGT-1
train_B_01259,B,train,AAGACCTTCGCCAAAT-1,ACGATACGTCCAACTA-1
train_B_01260,B,train,AGGGAGTCATCACCCT-1,CAGCATATCGCCGTGA-1
train_B_01261,B,train,CCCAATCAGCGGATCA-1,TGAGGGAGTCTCCACT-1
train_B_01262,B,train,CAACCTCCAGTCGTGC-1,TGCTGCTGTAGCGATG-1
train_B_01263,B,train,GCTGCAGTCACTTACT-1,GTAGTCAAGGTGGGTT-1
train_B_01264,B,train,AGCCTAACACTGTTAG-1,TTGTAGGGTGGGTCAA-1
train_B_01265,B,train,AGAGTGGGTTGGACCC-1,GCTGGGTCAACTGCTA-1
train_B_01266,B,train,TGACTAGAGGAACTGC-1,GTAGTCAAGGTGGGTT-1
train_B_01267,B,train,GATCAGTGTACACCGC-1,GTGCAGCGTTTGGCGC-1
train_B_01268,B,train,GCTGCAGTCACTTACT-1,GCTTCCACAGGTGGAT-1
train_B_01269,B,train,AGGGTGAGTACTCAAC-1,GGAACTTGTATTCGTG-1
train_B_01270,B,train,CGTAGGCAGGACACCA-1,CACAGTAAGCGTCAAG-1
train_B_01271,B,train,CTAAGACCAAGCTGTT-1,GATCGTAGTATTAGCC-1
train_B_01272,B,train,GCAATCATCCCTTGCA-1,GTCAAGTTCTCCAGGG-1
train_B_01273,B,train,CTCGTACTCTAACGGT-1,CACAGGCCAGCCTTGG-1
train_B_01274,B,train,CCTACCAAGAGGTTAT-1,CTACATTTCTGCGGCA-1
train_B_01275,B,train,ACATGGTTCGGATGTT-1,GCATGATCATAGGATA-1
train_B_01276,B,train,AAGTCTGAGAGTAAGG-1,GGTGTTATCTGAAAGA-1
train_B_01277,B,train,CTCGTACTCTAACGGT-1,GACAGAGCACCATCCT-1
train_B_01278,B,train,CTGAAACGTACCTACA-1,GTCACAATCGAGAGCA-1
train_B_01279,B,train,CGGAGTCCAAGTAATG-1,TACGGTAGTAGCTTGT-1
train_B_01280,B,train,CCCAATCAGCGGATCA-1,CTACATTTCTGCGGCA-1
train_B_01281,B,train,AGCCTAACACTGTTAG-1,TCGCGTTTCGCCTGAG-1
train_B_01282,B,train,TACTTACCAGCGTAAG-1,TCGCGTTTCGCCTGAG-1
train_B_01283,B,train,AACCATGCACCAGATT-1,GGTGTTATCTGAAAGA-1
train_B_01284,B,train,CGGAGTCCAAGTAATG-1,CGTTGGGTCGTAGATC-1
train_B_01285,B,train,GTCTCGTTCAGCACAT-1,CTTACCGGTGTAATGA-1
train_B_01286,B,train,TCTTCGGAGCAGCGTA-1,CTCGAGGCAAGTTCTG-1
train_B_01287,B,train,CCTACCAAGAGGTTAT-1,ACGGGTCTCTTGTTTG-1
train_B_01288,B,train,ACGAGGACATCACGTA-1,GGAACTTGTATTCGTG-1
train_B_01289,B,train,CGGAGTCCAAGTAATG-1,TGGTTCCGTACCCAAT-1
train_B_01290,B,train,AACCGCGGTGGTCTCG-1,CAGCATATCGCCGTGA-1
train_B_01291,B,train,CACAAACTCTGTCTCG-1,GACCAATCACGGATAG-1
train_B_01292,B,train,TTCCCAGTCTTGCAAG-1,AAAGTAGAGTGTGGCA-1
train_B_01293,B,train,CAAGATCGTTACTGAC-1,TTGGAACCAGGGTACA-1
train_B_01294,B,train,CTTAGGATCACTCTTA-1,GTCAAGTTCTCCAGGG-1
train_B_01295,B,train,CTGAAACGTACCTACA-1,ACGGGTCTCTTGTTTG-1
train_B_01296,B,train,TGTCCCACAGGAATCG-1,GTGCAGCGTTTGGCGC-1
train_B_01297,B,train,CTCGTACTCTAACGGT-1,ACGATACGTCCAACTA-1
train_B_01298,B,train,GTCAAGTGTATCAGTC-1,CCTACCAGTCGCCATG-1
train_B_01299,B,train,CAAGATCGTTACTGAC-1,GCTTCCACAGGTGGAT-1
train_B_01300,B,train,TTAGGCACAGTTCATG-1,AACTCCCAGCAACGGT-1
train_B_01301,B,train,CTGCTGTAGTACGACG-1,AACTCCCAGCAACGGT-1
train_B_01302,B,train,CGCTTCAAGAGTTGGC-1,TTGTAGGTCTTAACCT-1
train_B_01303,B,train,CAAGATCGTTACTGAC-1,TTCTTAGCAATGGATA-1
train_B_01304,B,train,CAAGATCGTTACTGAC-1,TGCACCTGTGCAGGTA-1
train_B_01305,B,train,CCTACCAAGAGGTTAT-1,AAAGTAGAGTGTGGCA-1
train_B_01306,B,train,AGCTTGACAGTAAGCG-1,CTGTGCTGTCACTGGC-1
train_B_01307,B,train,CAAGATCGTTACTGAC-1,TAAACCGAGCGTTGCC-1
train_B_01308,B,train,CTGAAACGTACCTACA-1,GACCAATCACGGATAG-1
train_B_01309,B,train,AACCGCGGTGGTCTCG-1,GTTACAGTCAACTCTT-1
train_B_01310,B,train,TAGGCATCACGACTCG-1,ACTGTCCGTCGCGAAA-1
train_B_01311,B,train,AAGACCTTCGTTACAG-1,GGATGTTCAAGCCATT-1
train_B_01312,B,train,GTCAAGTGTATCAGTC-1,GCATGATCATAGGATA-1
train_B_01313,B,train,TCGTAGACACGAAAGC-1,GCTGGGTCAACTGCTA-1
train_B_01314,B,train,AGGGTGATCGGAATCT-1,TGTGTTTAGTCCGTAT-1
train_B_01315,B,train,CGCTTCAAGAGTTGGC-1,GTCAAGTTCTCCAGGG-1
train_B_01316,B,train,GTTCGGGGTACCGAGA-1,TAAACCGAGCGTTGCC-1
train_B_01317,B,train,ACGATGTTCGTTTAGG-1,TGGTTCCGTACCCAAT-1
train_B_01318,B,train,TGACTAGAGGAACTGC-1,TACACGACAAGTTGTC-1
train_B_01319,B,train,GAACGGATCTCTAGGA-1,TGGCTGGCACGTCTCT-1
train_B_01320,B,train,CTGCTGTAGTACGACG-1,TACGGTAGTAGCTTGT-1
train_B_01321,B,train,TAGCCGGAGTAATCCC-1,CTCGGGAAGGATGGTC-1
train_B_01322,B,train,CTAAGACCAAGCTGTT-1,TTGGAACCAGGGTACA-1
train_B_01323,B,train,CAACTAGCACGGCTAC-1,ACGATGTGTGGCTCCA-1
train_B_01324,B,train,CTGGTCTCAAGCGCTC-1,CGATTGATCTCGTTTA-1
train_B_01325,B,train,CCGGTAGGTTAAAGAC-1,GTTACAGTCAACTCTT-1
train_B_01326,B,train,ACATGGTTCGGATGTT-1,CGGAGCTAGAAACCAT-1
train_B_01327,B,train,TCTTCGGAGCAGCGTA-1,CCAATCCCAAAGCAAT-1
train_B_01328,B,train,CTGCTGTTCTTAGAGC-1,ACGATGTGTGGCTCCA-1
train_B_01329,B,train,TGACTAGAGGAACTGC-1,CTTACCGGTGTAATGA-1
train_B_01330,B,train,AGCCTAACACTGTTAG-1,TGTCCCATCCGCTGTT-1
train_B_01331,B,train,TACTTACCAGCGTAAG-1,CATCCACAGCAGATCG-1
train_B_01332,B,train,GGCTGGTCATCCGCGA-1,TACGGTAGTAGCTTGT-1
train_B_01333,B,train,CGCGGTATCTTTAGGG-1,ATAAGAGTCAGTTCGA-1
train_B_01334,B,train,AGCTTGACAGTAAGCG-1,AACTCTTTCAACACGT-1
train_B_01335,B,train,CAACTAGCACGGCTAC-1,ATAAGAGTCAGTTCGA-1
train_B_01336,B,train,ACGGGCTCACCGAATT-1,CGATTGATCTCGTTTA-1
train_B_01337,B,train,AAGACCTTCGTTACAG-1,GGGTTGCCATCACGTA-1
train_B_01338,B,train,AAGACCTTCGCCAAAT-1,CCTACCAGTCGCCATG-1
train_B_01339,B,train,GCTGCAGTCACTTACT-1,GATCGTACATGCAACT-1
train_B_01340,B,train,GTCTCGTTCAGCACAT-1,GATCGTACATGCAACT-1
train_B_01341,B,train,AGAGTGGGTTGGACCC-1,ATTACTCCAGGGCATA-1
train_B_01342,B,train,TGCGGGTCATTGCGGC-1,CTTACCGGTGTAATGA-1
train_B_01343,B,train,GTCAAGTGTATCAGTC-1,GTTACAGTCAACTCTT-1
train_B_01344,B,train,AGGGTGATCGGAATCT-1,GGGAATGCACGGTTTA-1
train_B_01345,B,train,TAGGCATCACGACTCG-1,TCGCGTTTCGCCTGAG-1
train_B_01346,B,train,CCCAATCAGCGGATCA-1,AGCATACTCGCATGGC-1
train_B_01347,B,train,CGGAGTCCAAGTAATG-1,GTAGTCAAGGTGGGTT-1
train_B_01348,B,train,AGAGCTTAGCTGAACG-1,GGAACTTGTATTCGTG-1
train_B_01349,B,train,CTGGTCTCAAGCGCTC-1,GCATGATCATAGGATA-1
train_B_01350,B,train,GCAATCATCCCTTGCA-1,TTGGAACCAGGGTACA-1
train_B_01351,B,train,CTTAGGATCACTCTTA-1,TGGTTCCGTACCCAAT-1
train_B_01352,B,train,TAGTTGGGTACGAAAT-1,CTCTAATGTGCAACGA-1
train_B_01353,B,train,AGGGTGAGTACTCAAC-1,CCAATCCCAAAGCAAT-1
train_B_01354,B,train,TCGGTAACAGATCCAT-1,CCACTACCAGGCGATA-1
train_B_01355,B,train,ATCCACCCACAGACTT-1,GTAGTCAAGGTGGGTT-1
train_B_01356,B,train,CTCGTACTCTAACGGT-1,CTCTAATGTGCAACGA-1
train_B_01357,B,train,ATCTACTGTCACCTAA-1,GCTGGGTCAACTGCTA-1
train_B_01358,B,train,GTCAAGTGTATCAGTC-1,TGGTTCCGTACCCAAT-1
train_B_01359,B,train,GAACGGATCTCTAGGA-1,GCTGGGTCAACTGCTA-1
train_B_01360,B,train,TTAGGCACAGTTCATG-1,CTAAGACAGTCATGCT-1
train_B_01361,B,train,TAGGCATCACGACTCG-1,CGGAGCTAGAAACCAT-1
train_B_01362,B,train,AGGGTGATCGGAATCT-1,TCGCGTTTCGCCTGAG-1
train_B_01363,B,train,GGCTGGTGTATGAATG-1,CATCCACAGCAGATCG-1
train_B_01364,B,train,CGCGGTATCTTTAGGG-1,CGGAGCTAGAAACCAT-1
train_B_01365,B,train,CTGGTCTCAAGCGCTC-1,ACGATACGTCCAACTA-1
train_B_01366,B,train,GGCTGGTCATCCGCGA-1,GACCAATCACGGATAG-1
train_B_01367,B,train,ACACCCTCATTTCACT-1,CTCGGAGTCTCGGACG-1
train_B_01368,B,train,AGGGAGTCATCACCCT-1,TGGCTGGCACGTCTCT-1
train_B_01369,B,train,CACAAACTCTGTCTCG-1,GTGCAGCGTTTGGCGC-1
train_B_01370,B,train,CCGGTAGGTTAAAGAC-1,GACAGAGCACCATCCT-1
train_B_01371,B,train,CCTACCAAGAGGTTAT-1,GCGCAGTAGAGGGCTT-1
train_B_01372,B,train,TGTCCCACAGGAATCG-1,ATAAGAGTCAGTTCGA-1
train_B_01373,B,train,GCAATCATCCCTTGCA-1,TTCTTAGCAATGGATA-1
train_B_01374,B,train,CGTAGGCAGGACACCA-1,CTCGAGGCAAGTTCTG-1
train_B_01375,B,train,GTTCGGGGTACCGAGA-1,ACTGTCCGTCGCGAAA-1
train_B_01376,B,train,AAGACCTTCGCCAAAT-1,TTCTTAGCAATGGATA-1
train_B_01377,B,train,CGCTTCAAGAGTTGGC-1,GACAGAGCACCATCCT-1
train_B_01378,B,train,TACTTACCAGCGTAAG-1,CACAGTAAGCGTCAAG-1
train_B_01379,B,train,GTTCGGGCAAAGGAAG-1,ACGGGTCTCTTGTTTG-1
train_B_01380,B,train,GAACGGATCTCTAGGA-1,ATAAGAGTCAGTTCGA-1
train_B_01381,B,train,CGCGGTATCTTTAGGG-1,TGTGTTTTCCGTAGGC-1
train_B_01382,B,train,TCGGTAACAGATCCAT-1,ATCCACCAGGGTGTTG-1
train_B_01383,B,train,AGGGAGTCATCACCCT-1,CAGCGACAGAGTACAT-1
train_B_01384,B,train,GCTGCAGTCACTTACT-1,GTTACAGTCAACTCTT-1
train_B_01385,B,train,ACACCCTCATTTCACT-1,CGGAGCTAGAAACCAT-1
train_B_01386,B,train,AGCTTGACAGTAAGCG-1,GTTAAGCTCCTTTACA-1
train_B_01387,B,train,ATCCACCCACAGACTT-1,GTTCTCGTCTGTTTGT-1
train_B_01388,B,train,GATCAGTGTACACCGC-1,CGCGTTTAGATGTGTA-1
train_B_01389,B,train,CGCGGTATCTTTAGGG-1,TGCTGCTGTAGCGATG-1
train_B_01390,B,train,ACGAGGACATCACGTA-1,AAGACCTCAGGGCATA-1
train_B_01391,B,train,GGCTGGTGTATGAATG-1,TTGGAACCAGGGTACA-1
train_B_01392,B,train,GCTGCAGTCACTTACT-1,CTCGGGAAGGATGGTC-1
train_B_01393,B,train,TAGTTGGGTACGAAAT-1,CTCTAATGTGCAACGA-1
train_B_01394,B,train,ATCTACTGTCACCTAA-1,ACTGTCCGTCGCGAAA-1
train_B_01395,B,train,CCGGTAGGTTAAAGAC-1,CACAGTAAGCGTCAAG-1
train_B_01396,B,train,AAGTCTGAGAGTAAGG-1,CCTACCAGTCGCCATG-1
train_B_01397,B,train,ATCCACCCACAGACTT-1,TTAGGACGTCCAGTTA-1
train_B_01398,B,train,GGCTGGTCATCCGCGA-1,TACGGTAGTAGCTTGT-1
train_B_01399,B,train,CGTAGGCAGGACACCA-1,GCTGGGTCAACTGCTA-1
train_CD4 T_00000,CD4 T,train,ACGGGCTTCGGTTAAC-1,GATGAGGGTCTGATCA-1
train_CD4 T_00001,CD4 T,train,TCTGGAAGTGGGTCAA-1,CTCATTAAGGGTCGAT-1
train_CD4 T_00002,CD4 T,train,AGATCTGGTAGCGTCC-1,GCTGGGTAGTGTACGG-1
train_CD4 T_00003,CD4 T,train,AGCTCTCGTACCGTTA-1,TAAGCGTAGCCACTAT-1
train_CD4 T_00004,CD4 T,train,CTGGTCTGTACCAGTT-1,CCTCTGACACTGTGTA-1
train_CD4 T_00005,CD4 T,train,TACAGTGCAGTTTACG-1,AGCCTAATCGAGAGCA-1
train_CD4 T_00006,CD4 T,train,TGCGTGGGTACCAGTT-1,GTCTCGTCATGCCTAA-1
train_CD4 T_00007,CD4 T,train,TACGGTATCATCATTC-1,GGAGCAAGTGCGCTTG-1
train_CD4 T_00008,CD4 T,train,TGACTAGGTAGGGACT-1,GGGCATCTCATGCTCC-1
train_CD4 T_00009,CD4 T,train,TTCTCCTAGCAGCGTA-1,TCAATCTGTAGAGCTG-1
train_CD4 T_00010,CD4 T,train,CTAGTGAGTTGAGGTG-1,CACCTTGGTGAAATCA-1
train_CD4 T_00011,CD4 T,train,CCCAATCTCTGCGGCA-1,TGAGAGGCAGGCTGAA-1
train_CD4 T_00012,CD4 T,train,GACAGAGTCAAAGTAG-1,TATGCCCCAAGCCGCT-1
train_CD4 T_00013,CD4 T,train,CGAACATTCAGCTTAG-1,CCTTTCTGTTAAGTAG-1
train_CD4 T_00014,CD4 T,train,GTGCGGTAGTCATCCA-1,ATCTACTCATGTAGTC-1
train_CD4 T_00015,CD4 T,train,GGACGTCTCTCGAGTA-1,CTCTGGTGTGGTAACG-1
train_CD4 T_00016,CD4 T,train,AGGTCATAGAATGTGT-1,TACGGGCAGACAAAGG-1
train_CD4 T_00017,CD4 T,train,CACATTTAGGGAAACA-1,CTGGTCTAGGACGAAA-1
train_CD4 T_00018,CD4 T,train,CACACAATCCATGAGT-1,AGTGGGATCTTATCTG-1
train_CD4 T_00019,CD4 T,train,GTAACTGGTCGTCTTC-1,TGGCGCAAGCGATATA-1
train_CD4 T_00020,CD4 T,train,AGGGAGTTCAGGCCCA-1,GATGAGGGTCTGATCA-1
train_CD4 T_00021,CD4 T,train,TGGCCAGAGCGTAATA-1,GAACATCGTTCACCTC-1
train_CD4 T_00022,CD4 T,train,TTAGGCAGTGTCGCTG-1,AAAGTAGGTTAAGATG-1
train_CD4 T_00023,CD4 T,train,CTGGTCTAGACAATAC-1,CTGCTGTCACGTCTCT-1
train_CD4 T_00024,CD4 T,train,CATGGCGAGTTTAGGA-1,AGGGATGCAAACCTAC-1
train_CD4 T_00025,CD4 T,train,GACGTGCAGCTGATAA-1,TTGGCAAAGCGCTCCA-1
train_CD4 T_00026,CD4 T,train,GCACATATCATTATCC-1,AGTGGGATCTTATCTG-1
train_CD4 T_00027,CD4 T,train,ATTACTCTCATCGATG-1,CGCCAAGCAATAGCGG-1
train_CD4 T_00028,CD4 T,train,GACAGAGTCAAAGTAG-1,ATTGGTGGTTATCACG-1
train_CD4 T_00029,CD4 T,train,ATAAGAGAGGTGTGGT-1,GTACGTAGTAGGACAC-1
train_CD4 T_00030,CD4 T,train,CATGGCGTCACGCATA-1,CCACGGAGTCCGACGT-1
train_CD4 T_00031,CD4 T,train,ATGAGGGGTGAAGGCT-1,TGCTGCTAGAAGGTTT-1
train_CD4 T_00032,CD4 T,train,GGGATGACAGCTCCGA-1,CGGACGTCACTCAGGC-1
train_CD4 T_00033,CD4 T,train,CAGAATCGTAAAGTCA-1,TAGTGGTGTTAGGGTG-1
train_CD4 T_00034,CD4 T,train,CTCGAAATCAGCATGT-1,GACAGAGTCAGAGGTG-1
train_CD4 T_00035,CD4 T,train,GTCATTTTCACCGTAA-1,ACGGGTCCAATGTAAG-1
train_CD4 T_00036,CD4 T,train,TTGCGTCCATTGGGCC-1,GTAGGCCGTGGTCTCG-1
train_CD4 T_00037,CD4 T,train,GTCACGGGTACCGCTG-1,TTTGCGCGTGGACGAT-1
train_CD4 T_00038,CD4 T,train,TGCCCATAGTGCCAGA-1,GACGGCTCACTGAAGG-1
train_CD4 T_00039,CD4 T,train,ATGCGATGTCCTAGCG-1,AAATGCCAGCCACGCT-1
train_CD4 T_00040,CD4 T,train,TATCTCAGTACAAGTA-1,CAACCAACATATACCG-1
train_CD4 T_00041,CD4 T,train,CCTTACGTCTGCGGCA-1,GAACATCTCCTTTCTC-1
train_CD4 T_00042,CD4 T,train,GGGTCTGGTTCACCTC-1,TAGTGGTGTAATCGTC-1
train_CD4 T_00043,CD4 T,train,TTAGGCAGTGTCGCTG-1,TAAGTGCGTGGTACAG-1
train_CD4 T_00044,CD4 T,train,GAATAAGAGGTGTTAA-1,GACTACAAGGCTATCT-1
train_CD4 T_00045,CD4 T,train,CGAACATGTATTCGTG-1,AGGCCACGTGGAAAGA-1
train_CD4 T_00046,CD4 T,train,CGATGGCTCGAGCCCA-1,AAGTCTGAGACTAAGT-1
train_CD4 T_00047,CD4 T,train,CGAATGTTCCAGATCA-1,CACACCTGTTTAAGCC-1
train_CD4 T_00048,CD4 T,train,GGATGTTCAGGGTTAG-1,TAGTGGTTCCGAATGT-1
train_CD4 T_00049,CD4 T,train,TATCTCAGTACAAGTA-1,TTCTCCTCAAAGAATC-1
train_CD4 T_00050,CD4 T,train,TGGACGCTCATTATCC-1,GGGCATCTCATGCTCC-1
train_CD4 T_00051,CD4 T,train,GTCTTCGAGTTCGCAT-1,CTCGGAGTCGTACGGC-1
train_CD4 T_00052,CD4 T,train,ACGCCAGCAGTTAACC-1,GTGAAGGCACAGTCGC-1
train_CD4 T_00053,CD4 T,train,CGGCTAGGTTCTGAAC-1,GGTGAAGAGGCTCTTA-1
train_CD4 T_00054,CD4 T,train,TTTATGCAGAGCTATA-1,TCAGATGTCTCGCATC-1
train_CD4 T_00055,CD4 T,train,GTTCGGGCATCTCGCT-1,GTTCGGGCAGCTATTG-1
train_CD4 T_00056,CD4 T,train,TAGTGGTGTAGATTAG-1,GCATGATTCACATACG-1
train_CD4 T_00057,CD4 T,train,CATGGCGTCACGCATA-1,CTGCTGTCACGTCTCT-1
train_CD4 T_00058,CD4 T,train,ACATCAGGTTAGATGA-1,AACTCAGCACCAGTTA-1
train_CD4 T_00059,CD4 T,train,AACTCTTTCCTCAACC-1,TTTATGCGTATGAAAC-1
train_CD4 T_00060,CD4 T,train,AACTCTTGTTACTGAC-1,TAGTTGGGTTAAGATG-1
train_CD4 T_00061,CD4 T,train,CACATAGCACGACTCG-1,GTTTCTACAGGGTTAG-1
train_CD4 T_00062,CD4 T,train,ACCCACTCACCCAGTG-1,TTTCCTCTCCTGTAGA-1
train_CD4 T_00063,CD4 T,train,TCGGGACGTAGCAAAT-1,TACGGATAGGGAACGG-1
train_CD4 T_00064,CD4 T,train,AGTGGGATCCAGATCA-1,GACAGAGTCAGAGGTG-1
train_CD4 T_00065,CD4 T,train,ACATGGTTCATACGGT-1,GACGGCTCACTGAAGG-1
train_CD4 T_00066,CD4 T,train,CTACGTCCACGACTCG-1,CTAGTGAAGCGTAATA-1
train_CD4 T_00067,CD4 T,train,GTGCGGTAGGCGCTCT-1,AGGCCGTCACAAGCCC-1
train_CD4 T_00068,CD4 T,train,CCCAATCTCTGCGGCA-1,CTAATGGAGACTTTCG-1
train_CD4 T_00069,CD4 T,train,CTCACACTCGTGACAT-1,GTTTCTACAGGGTTAG-1
train_CD4 T_00070,CD4 T,train,CTAGTGAGTCATATCG-1,CTGCTGTCACGTCTCT-1
train_CD4 T_00071,CD4 T,train,ATGCGATGTCCTAGCG-1,AGGCCGTCAGCGTCCA-1
train_CD4 T_00072,CD4 T,train,CCTAAAGTCCAAATGC-1,CGGACGTCACTCAGGC-1
train_CD4 T_00073,CD4 T,train,CAGCATAAGCCTATGT-1,TATGCCCGTCATCGGC-1
train_CD4 T_00074,CD4 T,train,ACGGAGACACATTCGA-1,CTAATGGTCTGGTTCC-1
train_CD4 T_00075,CD4 T,train,TGACAACGTGACTACT-1,TAGTTGGGTTAAGATG-1
train_CD4 T_00076,CD4 T,train,CAACCAAAGCTAGCCC-1,CGCCAAGGTGAAAGAG-1
train_CD4 T_00077,CD4 T,train,TAAGAGAGTTGGTTTG-1,ACGGGTCAGCTCAACT-1
train_CD4 T_00078,CD4 T,train,CTCTACGAGTGTGGCA-1,AACCGCGAGGCCCTCA-1
train_CD4 T_00079,CD4 T,train,GATCGCGTCAATCACG-1,CGATTGAAGGCCCTCA-1
train_CD4 T_00080,CD4 T,train,CGAGCACTCACAAACC-1,GGACAAGGTCTAGAGG-1
train_CD4 T_00081,CD4 T,train,GTCACAAGTACCTACA-1,CCTTTCTGTTAAGTAG-1
train_CD4 T_00082,CD4 T,train,GTAACGTTCTTACCTA-1,CTCGGAGGTAGCGTAG-1
train_CD4 T_00083,CD4 T,train,TACTCATCAAGAAAGG-1,CCGTACTTCACCTTAT-1
train_CD4 T_00084,CD4 T,train,CTAGAGTTCTACTCAT-1,CGTAGGCCAGCGAACA-1
train_CD4 T_00085,CD4 T,train,CCTACACCAAACAACA-1,GCTTGAATCTGCCAGG-1
train_CD4 T_00086,CD4 T,train,ACGGAGATCCAGATCA-1,GACTACAGTGCACGAA-1
train_CD4 T_00087,CD4 T,train,CCATTCGTCGTCTGCT-1,TTTATGCGTATGAAAC-1
train_CD4 T_00088,CD4 T,train,CTCTACGAGCGATTCT-1,GCAAACTTCCTCTAGC-1
train_CD4 T_00089,CD4 T,train,ATCACGACACTCTGTC-1,ACTGAACCATGAACCT-1
train_CD4 T_00090,CD4 T,train,TCGAGGCCACGGTAGA-1,GTGTTAGAGACCTAGG-1
train_CD4 T_00091,CD4 T,train,AACTCTTGTTACTGAC-1,TCAGATGTCTCGCATC-1
train_CD4 T_00092,CD4 T,train,AAGCCGCCAGTATCTG-1,GCTGGGTTCATAGCAC-1
train_CD4 T_00093,CD4 T,train,GAAATGAGTTGGTAAA-1,AACTGGTAGTCGAGTG-1
train_CD4 T_00094,CD4 T,train,GGGAATGTCGTAGATC-1,GAACATCTCCTTTCTC-1
train_CD4 T_00095,CD4 T,train,AACTCCCAGCCGCCTA-1,TTTATGCCAAGGTTTC-1
train_CD4 T_00096,CD4 T,train,GTGCAGCCATCCCATC-1,GTTTCTAGTGAGGCTA-1
train_CD4 T_00097,CD4 T,train,GCATACAAGCTCTCGG-1,GCTCTGTGTAAATGAC-1
train_CD4 T_00098,CD4 T,train,TGGGCGTCAAAGTCAA-1,CCAATCCAGTACGCGA-1
train_CD4 T_00099,CD4 T,train,GACGTGCAGGCGCTCT-1,CTCTAATTCAAACGGG-1
train_CD4 T_00100,CD4 T,train,TACTCATCAAGAAAGG-1,TACCTATGTGTTTGGT-1
train_CD4 T_00101,CD4 T,train,TCACGAATCTCGTTTA-1,CACACCTGTTTAAGCC-1
train_CD4 T_00102,CD4 T,train,AACTCAGTCTCTAAGG-1,TTGGAACGTCTCGTTC-1
train_CD4 T_00103,CD4 T,train,CAGGTGCGTAGCGCTC-1,CCAATCCAGTTGCAGG-1
train_CD4 T_00104,CD4 T,train,GCACATATCATTATCC-1,ACGGGTCAGCTCAACT-1
train_CD4 T_00105,CD4 T,train,GTGCGGTAGGCGCTCT-1,TTCTCCTCAAAGAATC-1
train_CD4 T_00106,CD4 T,train,CGATGTACATAGAAAC-1,CCCTCCTAGGAGTAGA-1
train_CD4 T_00107,CD4 T,train,CTCGAAAAGCCAGGAT-1,CCCTCCTAGGAGTAGA-1
train_CD4 T_00108,CD4 T,train,GAACGGATCCCTAATT-1,AGTTGGTCAGGTCTCG-1
train_CD4 T_00109,CD4 T,train,AGGTCATAGCTGATAA-1,ACATACGTCACCATAG-1
train_CD4 T_00110,CD4 T,train,CGAGCACCATGGAATA-1,GTATTCTAGCCGATTT-1
train_CD4 T_00111,CD4 T,train,GCATACAAGCTCTCGG-1,CATCCACAGGGTGTGT-1
train_CD4 T_00112,CD4 T,train,CAGCAGCGTTCTGAAC-1,CTAACTTAGACAGAGA-1
train_CD4 T_00113,CD4 T,train,GACGTTAAGCGCCTCA-1,TTAGGCATCTTGGGTA-1
train_CD4 T_00114,CD4 T,train,CTACGTCCACGACTCG-1,TCAATCTGTAGAGCTG-1
train_CD4 T_00115,CD4 T,train,TTTCCTCGTCTAAACC-1,GGGCATCTCATGCTCC-1
train_CD4 T_00116,CD4 T,train,CAGTAACAGCGTCAAG-1,CAACCTCAGATATGGT-1
train_CD4 T_00117,CD4 T,train,GTATTCTAGTGAACAT-1,AGCAGCCCAGCTGGCT-1
train_CD4 T_00118,CD4 T,train,ACTGATGTCTACTATC-1,TCACAAGGTCACCCAG-1
train_CD4 T_00119,CD4 T,train,GGGTTGCTCTACTCAT-1,CTCTAATTCAAACGGG-1
train_CD4 T_00120,CD4 T,train,GGGTTGCCAAGCGAGT-1,GAACATCTCTGCAGTA-1
train_CD4 T_00121,CD4 T,train,CATGACAGTAGCTTGT-1,TTAGGCACATATACGC-1
train_CD4 T_00122,CD4 T,train,GATCGCGTCACGAAGG-1,GCATGATTCACATACG-1
train_CD4 T_00123,CD4 T,train,TGCGCAGCAATCAGAA-1,CGCGGTAGTCAAAGAT-1
train_CD4 T_00124,CD4 T,train,CAACTAGCATGCCCGA-1,GTAGTCAAGAGGTACC-1
train_CD4 T_00125,CD4 T,train,AACTCTTAGAAACCAT-1,GGGCATCTCATGCTCC-1
train_CD4 T_00126,CD4 T,train,TCAACGACACCCAGTG-1,TGGCTGGCAGCGAACA-1
train_CD4 T_00127,CD4 T,train,CGAGCCAGTTGATTCG-1,GCATGCGCAGTATCTG-1
train_CD4 T_00128,CD4 T,train,GTTCATTCACGGTGTC-1,AGTTGGTCAGGTCTCG-1
train_CD4 T_00129,CD4 T,train,TCTCATAAGGGCACTA-1,ACCCACTCACGTCTCT-1
train_CD4 T_00130,CD4 T,train,ATTACTCTCACTCCTG-1,ACATACGAGGCTAGAC-1
train_CD4 T_00131,CD4 T,train,ACACCGGGTAGGGACT-1,GCTGGGTTCATAGCAC-1
train_CD4 T_00132,CD4 T,train,CGTTGGGGTGCAACGA-1,TACTCATTCGACGGAA-1
train_CD4 T_00133,CD4 T,train,CTCACACTCGTGACAT-1,CTCTGGTGTGGTAACG-1
train_CD4 T_00134,CD4 T,train,ATGAGGGGTGAAGGCT-1,GGAATAAGTAGGAGTC-1
train_CD4 T_00135,CD4 T,train,GTCACAAGTCATCCCT-1,TGCGTGGCATTAGGCT-1
train_CD4 T_00136,CD4 T,train,CATTCGCGTAGTACCT-1,TACTTACAGGTAGCTG-1
train_CD4 T_00137,CD4 T,train,AAGCCGCCAGATCGGA-1,CCTCTGACACTGTGTA-1
train_CD4 T_00138,CD4 T,train,CTTCTCTCAGCCAGAA-1,CTGTTTAGTCATACTG-1
train_CD4 T_00139,CD4 T,train,CATGGCGAGTTTAGGA-1,GTCACAAAGCTGTCTA-1
train_CD4 T_00140,CD4 T,train,AGATCTGGTAGCGTCC-1,GTCATTTAGGCTCTTA-1
train_CD4 T_00141,CD4 T,train,GCGGGTTCACCATCCT-1,GAAATGACAGCTGTGC-1
train_CD4 T_00142,CD4 T,train,GACAGAGGTCTTGATG-1,AGGCCACGTGGAAAGA-1
train_CD4 T_00143,CD4 T,train,CATGGCGAGATGCCAG-1,CAAGAAATCGAATGCT-1
train_CD4 T_00144,CD4 T,train,TGGGCGTCAAAGTCAA-1,GCTCTGTGTAAATGAC-1
train_CD4 T_00145,CD4 T,train,GGTATTGCACCACGTG-1,CGGAGTCGTCTTGCGG-1
train_CD4 T_00146,CD4 T,train,CTCGAAAAGCCAGGAT-1,TACTTACAGGTAGCTG-1
train_CD4 T_00147,CD4 T,train,CCCAATCTCTGCGGCA-1,GCGCAGTGTCACCCAG-1
train_CD4 T_00148,CD4 T,train,CCATTCGTCGTCTGCT-1,GAACATCTCTGCAGTA-1
train_CD4 T_00149,CD4 T,train,GGAGCAACAGTCCTTC-1,TAGTGGTTCCGAATGT-1
train_CD4 T_00150,CD4 T,train,GTAGTCAAGTTCCACA-1,ACATACGTCTACTATC-1
train_CD4 T_00151,CD4 T,train,CTCTACGAGCGATTCT-1,TTAGGCACAGTAGAGC-1
train_CD4 T_00152,CD4 T,train,TCCCGATCATGCGCAC-1,CTCTAATTCAAACGGG-1
train_CD4 T_00153,CD4 T,train,ACGGCCAGTTTGTGTG-1,CTAATGGAGACTTTCG-1
train_CD4 T_00154,CD4 T,train,TGCCAAATCCCAACGG-1,GACTACAAGTGGGTTG-1
train_CD4 T_00155,CD4 T,train,GACAGAGGTCTTGATG-1,AACTGGTAGACCTTTG-1
train_CD4 T_00156,CD4 T,train,GGCCGATGTTCCAACA-1,GGGTTGCGTTAAGACA-1
train_CD4 T_00157,CD4 T,train,CTGGTCTGTACCAGTT-1,GACAGAGGTCATGCCG-1
train_CD4 T_00158,CD4 T,train,GACGTTACATGCCTTC-1,TGCGTGGCATTAGGCT-1
train_CD4 T_00159,CD4 T,train,CCTTACGTCTGCGGCA-1,CTCTGGTGTGGTAACG-1
train_CD4 T_00160,CD4 T,train,GCTGGGTAGTGAAGTT-1,GCTGGGTTCATAGCAC-1
train_CD4 T_00161,CD4 T,train,TCAACGACACCCAGTG-1,TAAGAGATCACTTATC-1
train_CD4 T_00162,CD4 T,train,AGGTCATAGCTGATAA-1,CCCTCCTAGAGTACAT-1
train_CD4 T_00163,CD4 T,train,GAGGTGATCTCGTATT-1,CAAGAAATCGAATGCT-1
train_CD4 T_00164,CD4 T,train,AACTCAGTCTCTAAGG-1,ATCTACTCATGTAGTC-1
train_CD4 T_00165,CD4 T,train,GGACGTCTCTCGAGTA-1,GGAACTTAGACATAAC-1
train_CD4 T_00166,CD4 T,train,TTGTAGGCAGCTGTAT-1,AGTTGGTCAGGTCTCG-1
train_CD4 T_00167,CD4 T,train,AGAGCTTAGGGTCTCC-1,TTTCCTCTCCTGTAGA-1
train_CD4 T_00168,CD4 T,train,CAGTCCTGTACCGTTA-1,GTACGTAGTAGGACAC-1
train_CD4 T_00169,CD4 T,train,CCTAGCTCAGGTCTCG-1,CTAATGGTCTGGTTCC-1
train_CD4 T_00170,CD4 T,train,ACACTGATCTGGTTCC-1,CATCCACAGGGTGTGT-1
train_CD4 T_00171,CD4 T,train,CAGCAGCGTTCTGAAC-1,TGCGTGGCATTAGGCT-1
train_CD4 T_00172,CD4 T,train,GTATTCTAGTGAACAT-1,TTGGAACGTCTCGTTC-1
train_CD4 T_00173,CD4 T,train,GTAACGTTCTTACCTA-1,CTCGGAGTCTGGAGCC-1
train_CD4 T_00174,CD4 T,train,GGGATGACAGCTCCGA-1,CATCCACAGGGTGTGT-1
train_CD4 T_00175,CD4 T,train,ACGGGCTGTACTTCTT-1,ATCACGACACTGCCAG-1
train_CD4 T_00176,CD4 T,train,CATATGGTCATGCATG-1,GACTACAAGGCTATCT-1
train_CD4 T_00177,CD4 T,train,CAGGTGCGTAGCGCTC-1,AAACGGGAGAGACTAT-1
train_CD4 T_00178,CD4 T,train,GAACCTACAAGGCTCC-1,TAGTTGGGTTAAGATG-1
train_CD4 T_00179,CD4 T,train,CGAACATCAAGCCGCT-1,ATCCGAACACTTGGAT-1
train_CD4 T_00180,CD4 T,train,CACACAATCCATGAGT-1,GAACATCGTTCACCTC-1
train_CD4 T_00181,CD4 T,train,CGACCTTCAATGGAAT-1,AGTTGGTCAGGTCTCG-1
train_CD4 T_00182,CD4 T,train,CATATGGTCATGCATG-1,CTCGTACTCAGTACGT-1
train_CD4 T_00183,CD4 T,train,GGTGAAGTCTGCCAGG-1,AAACGGGAGAGACTAT-1
train_CD4 T_00184,CD4 T,train,GACGTGCAGCTGATAA-1,ACTATCTTCACAGTAC-1
train_CD4 T_00185,CD4 T,train,ATGCGATGTCCTAGCG-1,ATTGGACCACATCCGG-1
train_CD4 T_00186,CD4 T,train,TTCTACATCCTTTCTC-1,TTGGCAAAGCGCTCCA-1
train_CD4 T_00187,CD4 T,train,CATTCGCAGATCGGGT-1,CTAACTTAGACAGAGA-1
train_CD4 T_00188,CD4 T,train,GTTAAGCTCGCATGGC-1,GGCTGGTGTCAGATAA-1
train_CD4 T_00189,CD4 T,train,ACGGAGACACATTCGA-1,GGGCATCTCATGCTCC-1
train_CD4 T_00190,CD4 T,train,CAGTAACAGCGTCAAG-1,CCTTTCTGTTAAGTAG-1
train_CD4 T_00191,CD4 T,train,GTATCTTAGTTTAGGA-1,TACGGATAGGGAACGG-1
train_CD4 T_00192,CD4 T,train,AAGGCAGTCGTTTAGG-1,TGGCTGGCACAGCCCA-1
train_CD4 T_00193,CD4 T,train,ATTTCTGTCATGTAGC-1,GATGAGGGTCTGATCA-1
train_CD4 T_00194,CD4 T,train,GTCATTTTCGTACCGG-1,GAACATCTCTGCAGTA-1
train_CD4 T_00195,CD4 T,train,CATCCACCATGTCGAT-1,GACAGAGTCAGAGGTG-1
train_CD4 T_00196,CD4 T,train,TGGGCGTCAAAGTCAA-1,ATTGGACCATTCTCAT-1
train_CD4 T_00197,CD4 T,train,CAGCTAAGTTGTCGCG-1,ATTGGACCATTCTCAT-1
train_CD4 T_00198,CD4 T,train,GAGGTGATCTCGTATT-1,TGGCGCAAGCGATATA-1
train_CD4 T_00199,CD4 T,train,CGTTGGGGTGCAACGA-1,CAACCAACATATACCG-1
train_CD4 T_00200,CD4 T,train,GCGGGTTTCTTGTTTG-1,CCTAGCTCACGAAACG-1
train_CD4 T_00201,CD4 T,train,GTTCATTCACGGTGTC-1,CCAATCCCAAGGGTCA-1
train_CD4 T_00202,CD4 T,train,AGCGGTCGTCAGAGGT-1,GGAGCAAGTGCGCTTG-1
train_CD4 T_00203,CD4 T,train,GCATGTAAGATGTAAC-1,GCTGGGTAGTGTACGG-1
train_CD4 T_00204,CD4 T,train,TGACAACGTGACTACT-1,CTAATGGAGACTTTCG-1
train_CD4 T_00205,CD4 T,train,CTCACACTCGTGACAT-1,GGTGAAGAGGCTCTTA-1
train_CD4 T_00206,CD4 T,train,CGGTTAATCTTTCCTC-1,AGGCCGTCAGCGTCCA-1
train_CD4 T_00207,CD4 T,train,TCTCATAAGGGCACTA-1,CAAGAAATCGAATGCT-1
train_CD4 T_00208,CD4 T,train,CTGTTTATCTACGAGT-1,TTGGCAAAGCGCTCCA-1
train_CD4 T_00209,CD4 T,train,GCAATCATCCTTTACA-1,AGGCCGTTCAGCTCGG-1
train_CD4 T_00210,CD4 T,train,TCGAGGCCACGGTAGA-1,CTAGTGAAGCGTAATA-1
train_CD4 T_00211,CD4 T,train,TTGCGTCCATTGGGCC-1,AAGCCGCGTGCGGTAA-1
train_CD4 T_00212,CD4 T,train,TGCCCATAGTGCCAGA-1,GGACATTTCGGAAACG-1
train_CD4 T_00213,CD4 T,train,GCGACCACAAAGGTGC-1,TTATGCTAGGACACCA-1
train_CD4 T_00214,CD4 T,train,CGGTTAATCTTTCCTC-1,GAAATGACAGCTGTGC-1
train_CD4 T_00215,CD4 T,train,AAGGCAGTCGTTTAGG-1,CCACGGAGTCCGACGT-1
train_CD4 T_00216,CD4 T,train,AGCGTCGGTCTTGCGG-1,CTGCTGTAGTGAACGC-1
train_CD4 T_00217,CD4 T,train,GGGTCTGGTTCACCTC-1,TAAGTGCGTGGTACAG-1
train_CD4 T_00218,CD4 T,train,GTTAAGCTCGCATGGC-1,TAGTTGGGTTAAGATG-1
train_CD4 T_00219,CD4 T,train,CGGCTAGTCAGCGACC-1,GCAAACTAGACGCTTT-1
train_CD4 T_00220,CD4 T,train,ACATCAGGTTAGATGA-1,TCAATCTGTAGAGCTG-1
train_CD4 T_00221,CD4 T,train,TACAGTGTCCTCATTA-1,CACCAGGCACCCATGG-1
train_CD4 T_00222,CD4 T,train,ATCCGAAGTGCCTGTG-1,GTACGTAAGGAATTAC-1
train_CD4 T_00223,CD4 T,train,TCAGGTATCAGTTTGG-1,TATTACCCAAGTAATG-1
train_CD4 T_00224,CD4 T,train,CGATGGCCAAAGGTGC-1,CATGACAAGCGATAGC-1
train_CD4 T_00225,CD4 T,train,CTGGTCTGTACCAGTT-1,ATGAGGGAGCTAAACA-1
train_CD4 T_00226,CD4 T,train,CGCTGGAGTCAGAAGC-1,TTCTCAACAGTATGCT-1
train_CD4 T_00227,CD4 T,train,GCTGCAGCAAGCTGGA-1,ACGAGCCCACCCATGG-1
train_CD4 T_00228,CD4 T,train,TGCGTGGGTGATGTGG-1,CATTCGCAGGAGCGAG-1
train_CD4 T_00229,CD4 T,train,GCACTCTGTTTCCACC-1,GAACCTATCGTAGGAG-1
train_CD4 T_00230,CD4 T,train,GATGCTAGTTCGCTAA-1,TGTCCCACAGCGATCC-1
train_CD4 T_00231,CD4 T,train,CCACTACCAGTGACAG-1,TACCTATGTGTTTGGT-1
train_CD4 T_00232,CD4 T,train,CGACCTTCAATGGAAT-1,AGCCTAATCGAGAGCA-1
train_CD4 T_00233,CD4 T,train,TGCTGCTGTCGACTAT-1,ACGCCGAGTGCGATAG-1
train_CD4 T_00234,CD4 T,train,CGAACATAGCTAGTTC-1,AGGGATGCAAACCTAC-1
train_CD4 T_00235,CD4 T,train,AACTGGTTCGGCGCAT-1,GACTACAAGGCTATCT-1
train_CD4 T_00236,CD4 T,train,CACATTTAGGGAAACA-1,ATCCGAACACTTGGAT-1
train_CD4 T_00237,CD4 T,train,AAGGTTCAGTGCCATT-1,CATTCGCAGGAGCGAG-1
train_CD4 T_00238,CD4 T,train,ATGAGGGAGGTGCTAG-1,GTCTTCGAGCGTCTAT-1
train_CD4 T_00239,CD4 T,train,GACTGCGAGCGTAATA-1,TGACTAGGTCATCCCT-1
train_CD4 T_00240,CD4 T,train,CTCTACGAGTGTGGCA-1,CTCATTAAGGGTCGAT-1
train_CD4 T_00241,CD4 T,train,CGTTAGATCATACGGT-1,AAGCCGCGTGCGGTAA-1
train_CD4 T_00242,CD4 T,train,GGGAGATAGATGTGTA-1,ATGAGGGAGCTAAACA-1
train_CD4 T_00243,CD4 T,train,CATCCACCATGTCGAT-1,AGTTGGTCAGGTCTCG-1
train_CD4 T_00244,CD4 T,train,CGATGTACATAGAAAC-1,ACTGAACCATGAACCT-1
train_CD4 T_00245,CD4 T,train,TCACGAATCTCGTTTA-1,CCGGTAGTCGTGGTCG-1
train_CD4 T_00246,CD4 T,train,CAGTCCTTCCTGCCAT-1,ATTGGTGGTTATCACG-1
train_CD4 T_00247,CD4 T,train,GGCCGATTCGGCTACG-1,GACAGAGTCAGAGGTG-1
train_CD4 T_00248,CD4 T,train,AATCCAGGTGTTCGAT-1,AGCAGCCCAGCTGGCT-1
train_CD4 T_00249,CD4 T,train,TGACGGCAGATCCCGC-1,GCATGATTCACATACG-1
train_CD4 T_00250,CD4 T,train,CAGATCAAGAGGTTAT-1,CTCACACGTGTGAATA-1
train_CD4 T_00251,CD4 T,train,TGAGGGAAGGACATTA-1,GTACTTTGTACCGCTG-1
train_CD4 T_00252,CD4 T,train,GCGACCACAAAGGTGC-1,AGGGATGCAAACCTAC-1
train_CD4 T_00253,CD4 T,train,GTCACAAGTCATCCCT-1,AAGCCGCGTGCGGTAA-1
train_CD4 T_00254,CD4 T,train,GCCTCTATCCTACAGA-1,AAAGTAGGTTAAGATG-1
train_CD4 T_00255,CD4 T,train,AGGTCATAGCTGATAA-1,CTCATTAAGGGTCGAT-1
train_CD4 T_00256,CD4 T,train,AAGCCGCCAGTATCTG-1,ATTGGACCACATCCGG-1
train_CD4 T_00257,CD4 T,train,CTCTACGAGCGATTCT-1,TGTGGTATCTACCTGC-1
train_CD4 T_00258,CD4 T,train,GATCTAGAGTATCTCG-1,GTCTCGTCATGCCTAA-1
train_CD4 T_00259,CD4 T,train,GCTGGGTAGTGAAGTT-1,CTTACCGTCGGTGTCG-1
train_CD4 T_00260,CD4 T,train,CACAGGCAGAAGAAGC-1,CATGACACAACTGCGC-1
train_CD4 T_00261,CD4 T,train,GTCTTCGAGTTCGCAT-1,ACTATCTGTTGTACAC-1
train_CD4 T_00262,CD4 T,train,TACAGTGTCCTCATTA-1,TATGCCCGTCATCGGC-1
train_CD4 T_00263,CD4 T,train,CGGTTAATCCAAATGC-1,GTACGTAGTAGGACAC-1
train_CD4 T_00264,CD4 T,train,TTGTAGGCAGCTGTAT-1,ATCATCTAGTGTGGCA-1
train_CD4 T_00265,CD4 T,train,ACGGAGACACATTCGA-1,CTCCTAGCACATGGGA-1
train_CD4 T_00266,CD4 T,train,CGGTTAATCTTTCCTC-1,AGTGGGATCTTATCTG-1
train_CD4 T_00267,CD4 T,train,ACGGCCAGTTTGTGTG-1,TAGGCATTCTCTGCTG-1
train_CD4 T_00268,CD4 T,train,GCGCCAACACGTGAGA-1,TAAGTGCGTGGTACAG-1
train_CD4 T_00269,CD4 T,train,CTACACCAGCCAGAAC-1,AGCCTAATCGAGAGCA-1
train_CD4 T_00270,CD4 T,train,CCTACACCAAACAACA-1,ATCATCTAGTGTGGCA-1
train_CD4 T_00271,CD4 T,train,TCATTTGCAGCTCGCA-1,TTCGAAGCATACGCTA-1
train_CD4 T_00272,CD4 T,train,GAACGGATCCCTAATT-1,GGAATAAGTAGGAGTC-1
train_CD4 T_00273,CD4 T,train,TGAAAGAAGCTTATCG-1,GCGCAGTGTCACCCAG-1
train_CD4 T_00274,CD4 T,train,TGTGTTTTCCGCATCT-1,GCTGGGTTCATAGCAC-1
train_CD4 T_00275,CD4 T,train,CTGATCCTCACTTATC-1,TGGCTGGCACAGCCCA-1
train_CD4 T_00276,CD4 T,train,CGTTAGATCATACGGT-1,CTAGTGAAGCGTAATA-1
train_CD4 T_00277,CD4 T,train,GACTAACAGACGACGT-1,CCCTCCTAGGAGTAGA-1
train_CD4 T_00278,CD4 T,train,GGGAATGTCGTAGATC-1,CGTTCTGAGAGGTAGA-1
train_CD4 T_00279,CD4 T,train,TCAGCAATCGTACCGG-1,CGGAGTCGTCTTGCGG-1
train_CD4 T_00280,CD4 T,train,CGAGCACCATGGAATA-1,CTCGTACTCAGTACGT-1
train_CD4 T_00281,CD4 T,train,GACACGCGTGCCTGTG-1,GCAAACTAGACGCTTT-1
train_CD4 T_00282,CD4 T,train,CCAGCGAGTTCGTGAT-1,CTAATGGTCTCCAGGG-1
train_CD4 T_00283,CD4 T,train,GACGTGCAGGCGCTCT-1,GACCTGGGTAATCGTC-1
train_CD4 T_00284,CD4 T,train,CAGCAGCGTTCTGAAC-1,GCTGGGTTCATAGCAC-1
train_CD4 T_00285,CD4 T,train,ACAGCTACAAAGTCAA-1,GCATGCGCAGTATCTG-1
train_CD4 T_00286,CD4 T,train,AGATCTGGTAGCGTCC-1,AAAGATGCAAACTGCT-1
train_CD4 T_00287,CD4 T,train,CTGATCCGTGCACTTA-1,ATTGGACCATTCTCAT-1
train_CD4 T_00288,CD4 T,train,ACACCAAAGGCTCAGA-1,AACTCAGCACCAGTTA-1
train_CD4 T_00289,CD4 T,train,TACTTACCAGCCAATT-1,TAGTGGTGTAATCGTC-1
train_CD4 T_00290,CD4 T,train,GGGTCTGGTTCACCTC-1,TGGCGCAAGCGATATA-1
train_CD4 T_00291,CD4 T,train,CTCTACGCATTAACCG-1,AGGCCGTCAGCGTCCA-1
train_CD4 T_00292,CD4 T,train,TACAGTGTCCTCATTA-1,AGGCCGTCAGCGTCCA-1
train_CD4 T_00293,CD4 T,train,ATCGAGTGTAGCTAAA-1,TGCGTGGCAATGGAAT-1
train_CD4 T_00294,CD4 T,train,AGGTCATAGAATGTGT-1,GTTTCTAGTGAGGCTA-1
train_CD4 T_00295,CD4 T,train,ACATCAGGTTAGATGA-1,CTAATGGTCTGGTTCC-1
train_CD4 T_00296,CD4 T,train,CCACGGATCTAAGCCA-1,CTAGTGAAGCGTAATA-1
train_CD4 T_00297,CD4 T,train,TATCAGGCACAGGCCT-1,TGGCCAGGTTCCTCCA-1
train_CD4 T_00298,CD4 T,train,GCCTCTATCCTACAGA-1,CGCGGTAGTCAAAGAT-1
train_CD4 T_00299,CD4 T,train,ATAAGAGTCGCAAGCC-1,GTAACTGTCCGAATGT-1
train_CD4 T_00300,CD4 T,train,ACACCGGGTAGGGACT-1,ATTGGACCATTCTCAT-1
train_CD4 T_00301,CD4 T,train,TGACTTTCACCGGAAA-1,TGCACCTAGGTGTGGT-1
train_CD4 T_00302,CD4 T,train,GATGCTAGTTCGCTAA-1,ACGGGTCAGCTCAACT-1
train_CD4 T_00303,CD4 T,train,ACCCACTCACCCAGTG-1,CTGGTCTAGGACGAAA-1
train_CD4 T_00304,CD4 T,train,CGACCTTTCCTTTACA-1,GAACATCGTTCACCTC-1
train_CD4 T_00305,CD4 T,train,CCAATCCCAGATAATG-1,TAAGAGATCACTTATC-1
train_CD4 T_00306,CD4 T,train,TTCTACATCCTTTCTC-1,AGGCCGTCACAAGCCC-1
train_CD4 T_00307,CD4 T,train,TCTCATAAGGGCACTA-1,CCGGTAGTCGTGGTCG-1
train_CD4 T_00308,CD4 T,train,GCAGTTAGTCCAGTAT-1,GATGCTATCTATGTGG-1
train_CD4 T_00309,CD4 T,train,GCATGATTCCTGTACC-1,ATCTACTCATGTAGTC-1
train_CD4 T_00310,CD4 T,train,CAAGGCCAGTACGCGA-1,GGTGAAGAGGCTCTTA-1
train_CD4 T_00311,CD4 T,train,AACTGGTAGATAGGAG-1,TTATGCTAGGACACCA-1
train_CD4 T_00312,CD4 T,train,AGAGCTTAGGGTCTCC-1,TTTATGCCAAGGTTTC-1
train_CD4 T_00313,CD4 T,train,AGCGTCGGTCTTGCGG-1,AGCAGCCCAGCTGGCT-1
train_CD4 T_00314,CD4 T,train,ATTTCTGTCATGTAGC-1,GGAATAAGTAGGAGTC-1
train_CD4 T_00315,CD4 T,train,GGGAGATAGGACACCA-1,CCTCTGACAGTAAGCG-1
train_CD4 T_00316,CD4 T,train,GACGGCTTCATAAAGG-1,CTAATGGAGACTTTCG-1
train_CD4 T_00317,CD4 T,train,TAGGCATTCATCTGCC-1,TAGTGGTGTAATCGTC-1
train_CD4 T_00318,CD4 T,train,TGCCCATAGTGCCAGA-1,TAAGCGTAGCCACTAT-1
train_CD4 T_00319,CD4 T,train,GACGGCTTCATAAAGG-1,GGCTCGATCGGCTTGG-1
train_CD4 T_00320,CD4 T,train,AACTCTTTCCTCAACC-1,GTCTCGTCATGCCTAA-1
train_CD4 T_00321,CD4 T,train,AGAGCTTTCATGGTCA-1,CCAATCCAGTTGCAGG-1
train_CD4 T_00322,CD4 T,train,GCCTCTATCCTACAGA-1,TGTGGTATCTACCTGC-1
train_CD4 T_00323,CD4 T,train,ACACCCTTCAGGCCCA-1,TGTCCCACAGCGATCC-1
train_CD4 T_00324,CD4 T,train,ACACCCTTCCGTCATC-1,TAGTGGTGTAATCGTC-1
train_CD4 T_00325,CD4 T,train,TTTCCTCGTCTAAACC-1,GTAGGCCGTGGTCTCG-1
train_CD4 T_00326,CD4 T,train,ACTTGTTAGTTGTAGA-1,ACGATACCAAATTGCC-1
train_CD4 T_00327,CD4 T,train,GTTAAGCTCGCATGGC-1,TTAGGCACAGTAGAGC-1
train_CD4 T_00328,CD4 T,train,GACACGCAGGAGTCTG-1,GTCTTCGAGCGTCTAT-1
train_CD4 T_00329,CD4 T,train,TACGGTACAAGGTTTC-1,TTCGAAGCATACGCTA-1
train_CD4 T_00330,CD4 T,train,AACTCTTGTTACTGAC-1,TATGCCCCAAGCCGCT-1
train_CD4 T_00331,CD4 T,train,GCTGGGTCAAGGACAC-1,CGGCTAGAGCCAGTAG-1
train_CD4 T_00332,CD4 T,train,TTATGCTGTGGCGAAT-1,GTCATTTAGGCTCTTA-1
train_CD4 T_00333,CD4 T,train,CACCAGGGTATGCTTG-1,TTAGGCATCTTGGGTA-1
train_CD4 T_00334,CD4 T,train,CGTTAGATCTTCATGT-1,GGACAAGGTCTAGAGG-1
train_CD4 T_00335,CD4 T,train,ACGAGGACAAATCCGT-1,TACCTATGTGTTTGGT-1
train_CD4 T_00336,CD4 T,train,TGACTAGGTAGGGACT-1,AACTGGTAGTCGAGTG-1
train_CD4 T_00337,CD4 T,train,GTTAAGCAGGACGAAA-1,CCAATCCCAAGGGTCA-1
train_CD4 T_00338,CD4 T,train,TCAGATGTCAAGGCTT-1,TTTGCGCGTGGACGAT-1
train_CD4 T_00339,CD4 T,train,GAAATGAGTTGGTAAA-1,GCTTGAATCTGCCAGG-1
train_CD4 T_00340,CD4 T,train,ATGAGGGAGGTGCTAG-1,CTTACCGTCGGTGTCG-1
train_CD4 T_00341,CD4 T,train,AAGACCTAGGCATGGT-1,GGTGAAGAGGCTCTTA-1
train_CD4 T_00342,CD4 T,train,CTAGAGTTCTACTCAT-1,ACTATCTTCACAGTAC-1
train_CD4 T_00343,CD4 T,train,GTGTGCGTCTGCGGCA-1,TGGCTGGCAGCGAACA-1
train_CD4 T_00344,CD4 T,train,GATCGCGCACTATCTT-1,AGCTCCTTCATGTCCC-1
train_CD4 T_00345,CD4 T,train,CTCTGGTTCCTCTAGC-1,GTACGTAGTAGGACAC-1
train_CD4 T_00346,CD4 T,train,TCAATCTAGCAAATCA-1,ATGAGGGAGCTAAACA-1
train_CD4 T_00347,CD4 T,train,GCGGGTTTCTTGTTTG-1,CTACCCACAGGGTACA-1
train_CD4 T_00348,CD4 T,train,GAAATGAGTTGGTAAA-1,TAGACCACACCGCTAG-1
train_CD4 T_00349,CD4 T,train,AAAGATGCATGCAACT-1,TACTTGTAGCGTAATA-1
train_CD4 T_00350,CD4 T,train,AGAGCTTAGGGTCTCC-1,CCTTTCTGTTAAGTAG-1
train_CD4 T_00351,CD4 T,train,GATGCTAGTTCGCTAA-1,CTGCTGTAGTGAACGC-1
train_CD4 T_00352,CD4 T,train,TCGAGGCCACGGTAGA-1,GCAAACTAGACGCTTT-1
train_CD4 T_00353,CD4 T,train,CCTAGCTAGATGGGTC-1,GTCTCGTCATGCCTAA-1
train_CD4 T_00354,CD4 T,train,GGGATGAAGGACTGGT-1,TCAATCTGTAGAGCTG-1
train_CD4 T_00355,CD4 T,train,CGTCTACCACTTGGAT-1,AGGCCGTCACAAGCCC-1
train_CD4 T_00356,CD4 T,train,GCATGATTCCTGTACC-1,TGCGTGGCATTAGGCT-1
train_CD4 T_00357,CD4 T,train,GACAGAGTCAAAGTAG-1,CCAATCCAGTTGCAGG-1
train_CD4 T_00358,CD4 T,train,CATTCGCGTAGTACCT-1,GCAAACTAGACGCTTT-1
train_CD4 T_00359,CD4 T,train,GATCGCGTCAATCACG-1,ATTGGACCACATCCGG-1
train_CD4 T_00360,CD4 T,train,ACCTTTAAGACACGAC-1,TATGCCCGTAATCACC-1
train_CD4 T_00361,CD4 T,train,GTTAAGCAGGACGAAA-1,TAGTGGTTCCGAATGT-1
train_CD4 T_00362,CD4 T,train,ACCAGTAGTCTAACGT-1,GCATGCGCAGTATCTG-1
train_CD4 T_00363,CD4 T,train,GTTCTCGTCGAGCCCA-1,TGGCTGGCACAGCCCA-1
train_CD4 T_00364,CD4 T,train,CCAATCCCAGATAATG-1,CGTCTACCATCACCCT-1
train_CD4 T_00365,CD4 T,train,AGGCCGTAGCTACCGC-1,ACCCACTCACGTCTCT-1
train_CD4 T_00366,CD4 T,train,GAGGTGAAGGACCACA-1,CATGACAAGCGATAGC-1
train_CD4 T_00367,CD4 T,train,TTCTCCTAGCAGCGTA-1,CGATTGACAGTACACT-1
train_CD4 T_00368,CD4 T,train,TGGCCAGAGCGTAATA-1,GAACATCTCTGCAGTA-1
train_CD4 T_00369,CD4 T,train,TGACGGCAGATCCCGC-1,TCACAAGGTCACCCAG-1
train_CD4 T_00370,CD4 T,train,ATAACGCTCTGGTGTA-1,TGGCTGGCACAGCCCA-1
train_CD4 T_00371,CD4 T,train,AGCTCCTCATGCTAGT-1,TACTTGTGTACTTGAC-1
train_CD4 T_00372,CD4 T,train,AGTGAGGAGGTAGCTG-1,TGCGTGGCAATGGAAT-1
train_CD4 T_00373,CD4 T,train,GGACGTCTCTCGAGTA-1,CAGTCCTGTAAATACG-1
train_CD4 T_00374,CD4 T,train,CGAATGTCATATGGTC-1,ACGCCGAGTGCGATAG-1
train_CD4 T_00375,CD4 T,train,CCTTTCTGTCATGCAT-1,GTACTTTGTACCGCTG-1
train_CD4 T_00376,CD4 T,train,CTCGAAATCAGCATGT-1,GACAGAGTCAGAGGTG-1
train_CD4 T_00377,CD4 T,train,TGACAACGTGACTACT-1,GACTACAAGGCTATCT-1
train_CD4 T_00378,CD4 T,train,GACGGCTTCATAAAGG-1,TGACTAGGTCATCCCT-1
train_CD4 T_00379,CD4 T,train,CTGCTGTCATATGCTG-1,TGCTGCTAGAAGGTTT-1
train_CD4 T_00380,CD4 T,train,CACAGGCAGAAGAAGC-1,TTAGGCACAGTAGAGC-1
train_CD4 T_00381,CD4 T,train,CTGTTTATCTACGAGT-1,TGCGTGGCATTAGGCT-1
train_CD4 T_00382,CD4 T,train,CAACTAGCATGCCCGA-1,TTTCCTCTCCTGTAGA-1
train_CD4 T_00383,CD4 T,train,GCGGGTTTCTTGTTTG-1,ATCACGACACTGCCAG-1
train_CD4 T_00384,CD4 T,train,TCGGGACGTAGCAAAT-1,GTGCATATCCGCATAA-1
train_CD4 T_00385,CD4 T,train,AAGCCGCCAGTATCTG-1,TAGTGGTGTTAGGGTG-1
train_CD4 T_00386,CD4 T,train,ACGAGCCGTAACGCGA-1,CCTAGCTCACGAAACG-1
train_CD4 T_00387,CD4 T,train,CCCAATCTCTGCGGCA-1,CCTCTGACAGTAAGCG-1
train_CD4 T_00388,CD4 T,train,GACAGAGTCAAAGTAG-1,GTATCTTCAGCCTTTC-1
train_CD4 T_00389,CD4 T,train,AGAGCTTAGGGTCTCC-1,ACGGGTCCAATGTAAG-1
train_CD4 T_00390,CD4 T,train,ATTCTACGTAACGACG-1,TACTCATTCGACGGAA-1
train_CD4 T_00391,CD4 T,train,ACGGCCAGTTTGTGTG-1,GTTTCTACAGGGTTAG-1
train_CD4 T_00392,CD4 T,train,CCAGCGAGTTCGTGAT-1,GGGTTGCGTTAAGACA-1
train_CD4 T_00393,CD4 T,train,AGCATACCAAGTTAAG-1,AGGCCGTCAGCGTCCA-1
train_CD4 T_00394,CD4 T,train,CGGCTAGGTTCTGAAC-1,TATGCCCCAAGCCGCT-1
train_CD4 T_00395,CD4 T,train,TTCTCAAGTATAGGTA-1,CAAGTTGGTAACGCGA-1
train_CD4 T_00396,CD4 T,train,AAAGATGCATGCAACT-1,TACGGATAGGGAACGG-1
train_CD4 T_00397,CD4 T,train,CTCTACGCATTAACCG-1,CCAATCCCAAGGGTCA-1
train_CD4 T_00398,CD4 T,train,TTGTAGGCAGCTGTAT-1,GATCGATGTGGTAACG-1
train_CD4 T_00399,CD4 T,train,GACAGAGTCAAAGTAG-1,TTTGCGCAGTACCGGA-1
train_CD4 T_00400,CD4 T,train,GAGGTGAAGCAGCCTC-1,GGCTCGATCGGCTTGG-1
train_CD4 T_00401,CD4 T,train,GGACAAGTCGGACAAG-1,TTTATGCGTATGAAAC-1
train_CD4 T_00402,CD4 T,train,TCATTACAGCTCCTTC-1,CATCCACAGGGTGTGT-1
train_CD4 T_00403,CD4 T,train,AACTCAGTCTCTAAGG-1,TTATGCTAGGACACCA-1
train_CD4 T_00404,CD4 T,train,AACTCAGTCTCTAAGG-1,CTGCTGTCACGTCTCT-1
train_CD4 T_00405,CD4 T,train,GTAGTCAAGTTCCACA-1,AGCAGCCCAGCTGGCT-1
train_CD4 T_00406,CD4 T,train,AATCCAGGTGTTCGAT-1,TGCTGCTAGAAGGTTT-1
train_CD4 T_00407,CD4 T,train,TATCAGGCACAGGCCT-1,TATGCCCGTCATCGGC-1
train_CD4 T_00408,CD4 T,train,AACACGTCAGGCTCAC-1,CGGCTAGAGCCAGTAG-1
train_CD4 T_00409,CD4 T,train,CCTAGCTAGATGGGTC-1,TAAGAGATCACTTATC-1
train_CD4 T_00410,CD4 T,train,AGTGGGATCCAGATCA-1,CTGCTGTCACGTCTCT-1
train_CD4 T_00411,CD4 T,train,GTCACAAGTACCTACA-1,CTAACTTAGACAGAGA-1
train_CD4 T_00412,CD4 T,train,GTCTTCGAGTTCGCAT-1,CTCACACGTGTGAATA-1
train_CD4 T_00413,CD4 T,train,CAGAGAGAGAACTGTA-1,AGTAGTCAGGATTCGG-1
train_CD4 T_00414,CD4 T,train,CGGTTAATCTTTCCTC-1,AGCCTAATCTAACCGA-1
train_CD4 T_00415,CD4 T,train,CAGCTGGAGCCACCTG-1,GAGGTGAAGTGACATA-1
train_CD4 T_00416,CD4 T,train,GACGTTAAGCGCCTCA-1,AGAGCGACACAGAGGT-1
train_CD4 T_00417,CD4 T,train,CAGGTGCGTAGCGCTC-1,ACGAGCCCACCCATGG-1
train_CD4 T_00418,CD4 T,train,TTATGCTGTCTGCGGT-1,ATGCGATGTCGCGTGT-1
train_CD4 T_00419,CD4 T,train,CATTCGCGTAGTACCT-1,CTGTTTAGTCATACTG-1
train_CD4 T_00420,CD4 T,train,AAGGTTCAGTGCCATT-1,CTGTTTAGTCATACTG-1
train_CD4 T_00421,CD4 T,train,GTCTTCGAGTTCGCAT-1,TGGCTGGCACAGCCCA-1
train_CD4 T_00422,CD4 T,train,CTAGTGAGTCATATCG-1,TTTATGCCAAGGTTTC-1
train_CD4 T_00423,CD4 T,train,TAGGCATTCATCTGCC-1,TTGTAGGCATATACCG-1
train_CD4 T_00424,CD4 T,train,GTCATTTTCGTACCGG-1,GTCTTCGAGCGTCTAT-1
train_CD4 T_00425,CD4 T,train,GCGGGTTTCTTGTTTG-1,CTAATGGTCTGGTTCC-1
train_CD4 T_00426,CD4 T,train,AGGCCGTTCTTGAGAC-1,TTCTCAACAGTATGCT-1
train_CD4 T_00427,CD4 T,train,CCAATCCGTACCGGCT-1,GACAGAGTCAGAGGTG-1
train_CD4 T_00428,CD4 T,train,GTTAAGCTCGCATGGC-1,GTCACAAAGCTGTCTA-1
train_CD4 T_00429,CD4 T,train,TTAGGACCATCCTTGC-1,TACAGTGAGGCTCATT-1
train_CD4 T_00430,CD4 T,train,AGTGTCAGTCTTGTCC-1,AGTGGGATCTTATCTG-1
train_CD4 T_00431,CD4 T,train,AGGTCCGGTCGAAAGC-1,AATCCAGCAGATGGCA-1
train_CD4 T_00432,CD4 T,train,CGAACATTCAGCTTAG-1,CTCTAATTCAAACGGG-1
train_CD4 T_00433,CD4 T,train,TCATTTGCAGCTCGCA-1,CCTAGCTCACGAAACG-1
train_CD4 T_00434,CD4 T,train,AGGTCCGGTCGAAAGC-1,TGCTGCTAGAAGGTTT-1
train_CD4 T_00435,CD4 T,train,TAGTGGTGTAGATTAG-1,CTCACACGTGTGAATA-1
train_CD4 T_00436,CD4 T,train,CAGATCAAGAGGTTAT-1,CTCATTAAGGGTCGAT-1
train_CD4 T_00437,CD4 T,train,GTACTTTTCAGTACGT-1,TAGTGGTGTAATCGTC-1
train_CD4 T_00438,CD4 T,train,GCGCCAACACGTGAGA-1,CAGTCCTGTAAATACG-1
train_CD4 T_00439,CD4 T,train,TGTCCCAAGACTTTCG-1,GGAACTTAGACATAAC-1
train_CD4 T_00440,CD4 T,train,GTCGGGTTCAACACAC-1,ACTATCTTCACAGTAC-1
train_CD4 T_00441,CD4 T,train,AACTCTTGTTACTGAC-1,GTTTCTACAGGGTTAG-1
train_CD4 T_00442,CD4 T,train,TGCCCTAGTGGTCCGT-1,CGTCTACCATCACCCT-1
train_CD4 T_00443,CD4 T,train,TCATTTGCAGCTCGCA-1,CATTCGCAGGAGCGAG-1
train_CD4 T_00444,CD4 T,train,CGAATGTCATATGGTC-1,GCTGGGTAGTGTACGG-1
train_CD4 T_00445,CD4 T,train,CTTCTCTGTGTGAATA-1,TTTATGCGTATGAAAC-1
train_CD4 T_00446,CD4 T,train,GGGAGATAGATGTGTA-1,GAACATCTCTGCAGTA-1
train_CD4 T_00447,CD4 T,train,TATTACCCAAAGGAAG-1,TAGACCACACCGCTAG-1
train_CD4 T_00448,CD4 T,train,GCTGGGTAGTGAAGTT-1,CGGAGTCGTCTTGCGG-1
train_CD4 T_00449,CD4 T,train,AGAGTGGGTCTAAAGA-1,GGACATTTCGGAAACG-1
train_CD4 T_00450,CD4 T,train,TCATTACAGACACGAC-1,TTCTACATCATGTAGC-1
train_CD4 T_00451,CD4 T,train,TAAACCGCAGGGTATG-1,TATGCCCCAAGCCGCT-1
train_CD4 T_00452,CD4 T,train,GTAGGCCCAAATACAG-1,CTAATGGTCTCCAGGG-1
train_CD4 T_00453,CD4 T,train,TCAGATGTCAAGGCTT-1,AGTTGGTCATGGTCTA-1
train_CD4 T_00454,CD4 T,train,CGAATGTCATATGGTC-1,CTGCTGTCACGTCTCT-1
train_CD4 T_00455,CD4 T,train,CACATTTAGCTGTTCA-1,TCACAAGGTCACCCAG-1
train_CD4 T_00456,CD4 T,train,CGAATGTCATATGGTC-1,CTAATGGTCTGGTTCC-1
train_CD4 T_00457,CD4 T,train,AGTGTCAGTCTTGTCC-1,CATGCCTTCTTACCGC-1
train_CD4 T_00458,CD4 T,train,ATCCGAAGTGCCTGTG-1,TTAGGCACAGTAGAGC-1
train_CD4 T_00459,CD4 T,train,GTCATTTAGTCTCCTC-1,GTAACTGTCCGAATGT-1
train_CD4 T_00460,CD4 T,train,ACGAGCCGTAACGCGA-1,CCTAGCTCACGAAACG-1
train_CD4 T_00461,CD4 T,train,GGTATTGCACCACGTG-1,TTGGAACGTCTCGTTC-1
train_CD4 T_00462,CD4 T,train,GCGGGTTCACCATCCT-1,TTGGCAAAGCGCTCCA-1
train_CD4 T_00463,CD4 T,train,AACTCTTTCCTCAACC-1,GGCGACTAGAGTGACC-1
train_CD4 T_00464,CD4 T,train,CCGTACTGTAAATGTG-1,GTTCGGGCAGCTATTG-1
train_CD4 T_00465,CD4 T,train,GCATGTATCAAGAAGT-1,AGGCCGTCACAAGCCC-1
train_CD4 T_00466,CD4 T,train,TGGCTGGGTCAGGACA-1,GACAGAGGTCATGCCG-1
train_CD4 T_00467,CD4 T,train,CGATGGCGTTAAGACA-1,TACTTGTAGCGTAATA-1
train_CD4 T_00468,CD4 T,train,GACTGCGAGCGTAATA-1,GTACGTAAGGAATTAC-1
train_CD4 T_00469,CD4 T,train,ATCCGAAGTGCCTGTG-1,GATGAGGGTCTGATCA-1
train_CD4 T_00470,CD4 T,train,CGACCTTTCCTTTACA-1,TTAGGCACATATACGC-1
train_CD4 T_00471,CD4 T,train,CATGGCGGTTGTACAC-1,CTCGGAGTCGTACGGC-1
train_CD4 T_00472,CD4 T,train,GACACGCGTGCCTGTG-1,CAACCTCAGATATGGT-1
train_CD4 T_00473,CD4 T,train,GTTCGGGCATCTCGCT-1,CATCCACAGGGTGTGT-1
train_CD4 T_00474,CD4 T,train,TCATTACCACAGATTC-1,AGGCCGTCACAAGCCC-1
train_CD4 T_00475,CD4 T,train,ACCCACTCACCCAGTG-1,GGGTTGCGTTAAGACA-1
train_CD4 T_00476,CD4 T,train,GATGCTAGTTCGCTAA-1,GCGCAGTGTCACCCAG-1
train_CD4 T_00477,CD4 T,train,CTGTTTAAGCACGCCT-1,TGCACCTAGGTGTGGT-1
train_CD4 T_00478,CD4 T,train,TGGACGCTCATTATCC-1,ATTGGACCACATCCGG-1
train_CD4 T_00479,CD4 T,train,CGCTGGAGTCAGAAGC-1,ATCACGACACTGCCAG-1
train_CD4 T_00480,CD4 T,train,ACTTGTTAGTTGTAGA-1,CTTTGCGAGGCAAAGA-1
train_CD4 T_00481,CD4 T,train,CGGACTGGTTAAGACA-1,CTTACCGTCGGTGTCG-1
train_CD4 T_00482,CD4 T,train,GTCACAAGTCATCCCT-1,GACCTGGGTAATCGTC-1
train_CD4 T_00483,CD4 T,train,AACTCTTAGAAACCAT-1,TTGTAGGCATATACCG-1
train_CD4 T_00484,CD4 T,train,AACTCCCAGCCGCCTA-1,GTAGGCCAGTACACCT-1
train_CD4 T_00485,CD4 T,train,AACTCTTAGAAACCAT-1,CGGCTAGAGCCAGTAG-1
train_CD4 T_00486,CD4 T,train,CAGCATAAGCCTATGT-1,CCCTCCTAGGAGTAGA-1
train_CD4 T_00487,CD4 T,train,ACTGATGTCTACTATC-1,GGTATTGAGGGAGTAA-1
train_CD4 T_00488,CD4 T,train,ACTGATGTCTACTATC-1,CATGACAAGCGATAGC-1
train_CD4 T_00489,CD4 T,train,TGTGGTAAGGGAACGG-1,TTAGGCATCTTGGGTA-1
train_CD4 T_00490,CD4 T,train,ACACTGATCTGGTTCC-1,GACCTGGGTAATCGTC-1
train_CD4 T_00491,CD4 T,train,GTCACAAGTCATCCCT-1,TTTATGCGTATGAAAC-1
train_CD4 T_00492,CD4 T,train,GGGATGAAGTTCCACA-1,CAACCTCTCAGAGACG-1
train_CD4 T_00493,CD4 T,train,CACATTTAGGGAAACA-1,TATGCCCGTAATCACC-1
train_CD4 T_00494,CD4 T,train,CTCGAAAAGCCAGGAT-1,TGTCCCACAGCGATCC-1
train_CD4 T_00495,CD4 T,train,CAGAATCCAACACCCG-1,CGTCTACCATCACCCT-1
train_CD4 T_00496,CD4 T,train,ACGGAGATCCAGATCA-1,ATTGGTGGTTATCACG-1
train_CD4 T_00497,CD4 T,train,CTGCTGTCATATGCTG-1,GTCACGGAGGTACTCT-1
train_CD4 T_00498,CD4 T,train,GTCACAAGTCATCCCT-1,CTCGGAGTCTGGAGCC-1
train_CD4 T_00499,CD4 T,train,TACGGTACAAGGTTTC-1,TAGTGGTTCCGAATGT-1
train_CD4 T_00500,CD4 T,train,GTTCATTAGAACAATC-1,CTCGGAGTCGTACGGC-1
train_CD4 T_00501,CD4 T,train,CTAGAGTTCTACTCAT-1,TTCTCCTCAAAGAATC-1
train_CD4 T_00502,CD4 T,train,GTGCGGTAGGCGCTCT-1,AAGCCGCGTGCGGTAA-1
train_CD4 T_00503,CD4 T,train,AGAGCTTTCATGGTCA-1,AAAGTAGGTTAAGATG-1
train_CD4 T_00504,CD4 T,train,GGGATGACAGCTCCGA-1,TTGTAGGCATATACCG-1
train_CD4 T_00505,CD4 T,train,TCTGAGAAGGAATTAC-1,CGCGGTAGTCAAAGAT-1
train_CD4 T_00506,CD4 T,train,CCTTTCTGTCATGCAT-1,TGCACCTAGGTGTGGT-1
train_CD4 T_00507,CD4 T,train,CAAGGCCAGTACGCGA-1,GGAATAAAGGGTGTGT-1
train_CD4 T_00508,CD4 T,train,ATTGGACGTGTCTGAT-1,TACGGGCAGACAAAGG-1
train_CD4 T_00509,CD4 T,train,GTTAAGCAGGACGAAA-1,TTAGGCATCTTGGGTA-1
train_CD4 T_00510,CD4 T,train,TACTTACCAGCCAATT-1,TAGTGGTGTTAGGGTG-1
train_CD4 T_00511,CD4 T,train,TTAGGACCATCCTTGC-1,TGTCCCACAGCGATCC-1
train_CD4 T_00512,CD4 T,train,GAGGTGATCTCGTATT-1,GACAGAGGTCATGCCG-1
train_CD4 T_00513,CD4 T,train,GTATTCTAGTGAACAT-1,TTTCCTCTCCTGTAGA-1
train_CD4 T_00514,CD4 T,train,TGTCCCAAGACTTTCG-1,TTAGGCACAGTAGAGC-1
train_CD4 T_00515,CD4 T,train,GTAGTCAAGTTCCACA-1,AACCATGCAAGTCTAC-1
train_CD4 T_00516,CD4 T,train,AACTGGTAGATAGGAG-1,TATGCCCCAAGCCGCT-1
train_CD4 T_00517,CD4 T,train,CTGATCCGTGCACTTA-1,CAAGTTGGTAACGCGA-1
train_CD4 T_00518,CD4 T,train,TACAGTGTCCTCATTA-1,AGCAGCCCAGCTGGCT-1
train_CD4 T_00519,CD4 T,train,GACCTGGTCATATCGG-1,TCAATCTGTAGAGCTG-1
train_CD4 T_00520,CD4 T,train,TACGGTATCATCATTC-1,GTCATTTAGGCTCTTA-1
train_CD4 T_00521,CD4 T,train,CTCGAAATCAGCATGT-1,GAACATCTCTGCAGTA-1
train_CD4 T_00522,CD4 T,train,TGACGGCAGATCCCGC-1,AGTTGGTCAGGTCTCG-1
train_CD4 T_00523,CD4 T,train,AACTGGTAGATAGGAG-1,ACCCACTCACGTCTCT-1
train_CD4 T_00524,CD4 T,train,CAGAATCGTAAAGTCA-1,CTCTGGTGTGGTAACG-1
train_CD4 T_00525,CD4 T,train,ACACTGAGTGACGCCT-1,CGAGCCATCGGGAGTA-1
train_CD4 T_00526,CD4 T,train,GCTGCAGCAAGCTGGA-1,CGCCAAGGTGAAAGAG-1
train_CD4 T_00527,CD4 T,train,GCCTCTATCCTACAGA-1,AACTCAGCACCAGTTA-1
train_CD4 T_00528,CD4 T,train,TGAGGGAAGGACATTA-1,AGGTCATAGACAAAGG-1
train_CD4 T_00529,CD4 T,train,AGCGGTCGTCAGAGGT-1,AGCAGCCTCCACGCAG-1
train_CD4 T_00530,CD4 T,train,GGACAGACACCCAGTG-1,GAACATCTCCTTTCTC-1
train_CD4 T_00531,CD4 T,train,CGTTAGATCATACGGT-1,GGGCATCTCATGCTCC-1
train_CD4 T_00532,CD4 T,train,AGTGAGGAGGTAGCTG-1,TTGGAACGTCTCGTTC-1
train_CD4 T_00533,CD4 T,train,TTAGGCAGTGTCGCTG-1,TGCTGCTAGAAGGTTT-1
train_CD4 T_00534,CD4 T,train,AGGGAGTTCAGGCCCA-1,ATTGGTGCAGACGCAA-1
train_CD4 T_00535,CD4 T,train,TGGCTGGGTCAGGACA-1,CCTCTGACACTGTGTA-1
train_CD4 T_00536,CD4 T,train,GAGGTGAAGGACCACA-1,AGGCCGTCAGCGTCCA-1
train_CD4 T_00537,CD4 T,train,TGCGTGGGTGATGTGG-1,CCGTACTTCACCTTAT-1
train_CD4 T_00538,CD4 T,train,AGATCTGGTAGCGTCC-1,TGCGTGGCATTAGGCT-1
train_CD4 T_00539,CD4 T,train,GACTGCGAGCGTAATA-1,GTGTTAGAGACCTAGG-1
train_CD4 T_00540,CD4 T,train,GAATAAGAGGTGTTAA-1,GTAGGCCAGTACACCT-1
train_CD4 T_00541,CD4 T,train,CCACGGATCTAAGCCA-1,TTCTACATCATGTAGC-1
train_CD4 T_00542,CD4 T,train,CACCACTTCATGCATG-1,CCAATCCCAAGGGTCA-1
train_CD4 T_00543,CD4 T,train,CTCTACGGTTACAGAA-1,CCATGTCCAGTAAGAT-1
train_CD4 T_00544,CD4 T,train,TTTGCGCAGTAGCGGT-1,ATCCGAACACTTGGAT-1
train_CD4 T_00545,CD4 T,train,GACTAACCAGATTGCT-1,TACGGTAAGAGTACAT-1
train_CD4 T_00546,CD4 T,train,AGCGGTCGTCAGAGGT-1,GAACCTATCGTAGGAG-1
train_CD4 T_00547,CD4 T,train,CGAACATGTGCGATAG-1,CAACCTCAGATATGGT-1
train_CD4 T_00548,CD4 T,train,AACGTTGCACCGGAAA-1,GTACTTTGTACCGCTG-1
train_CD4 T_00549,CD4 T,train,ACTTTCATCCCTTGCA-1,GCGAGAACATGGTCTA-1
train_CD4 T_00550,CD4 T,train,CCACTACCAGTGACAG-1,GACAGAGTCACGATGT-1
train_CD4 T_00551,CD4 T,train,ACACTGAGTGACGCCT-1,TGGCTGGCACAGCCCA-1
train_CD4 T_00552,CD4 T,train,TTGGCAACAGCTTAAC-1,ACATGGTAGTACTTGC-1
train_CD4 T_00553,CD4 T,train,ACGCCAGTCTTCATGT-1,AGCCTAATCGAGAGCA-1
train_CD4 T_00554,CD4 T,train,CATGGCGAGATGCCAG-1,TGCTGCTAGAAGGTTT-1
train_CD4 T_00555,CD4 T,train,GGACAAGTCGGACAAG-1,CGAGCCATCGGGAGTA-1
train_CD4 T_00556,CD4 T,train,CTCCTAGCAAATACAG-1,CTAATGGTCTGGTTCC-1
train_CD4 T_00557,CD4 T,train,GTAACTGGTCGTCTTC-1,CTCGGAGGTAGCGTAG-1
train_CD4 T_00558,CD4 T,train,CTACGTCCACGACTCG-1,GTTCGGGCAGCTATTG-1
train_CD4 T_00559,CD4 T,train,AAGGCAGTCGTTTAGG-1,GACTACAAGGCTATCT-1
train_CD4 T_00560,CD4 T,train,CCTTTCTGTCATGCAT-1,TGCGTGGCATTAGGCT-1
train_CD4 T_00561,CD4 T,train,CTAGTGAGTCATATCG-1,ACATACGTCACCCGAG-1
train_CD4 T_00562,CD4 T,train,CGAGCACTCACAAACC-1,GTCTTCGAGCGTCTAT-1
train_CD4 T_00563,CD4 T,train,CACAGGCAGAAGAAGC-1,CAACCAACATATACCG-1
train_CD4 T_00564,CD4 T,train,GCACATATCATTATCC-1,TTAGGCACAGTAGAGC-1
train_CD4 T_00565,CD4 T,train,GTATTCTGTTGGAGGT-1,AGGTCATAGACAAAGG-1
train_CD4 T_00566,CD4 T,train,ATAACGCTCTGGTGTA-1,GCGACCAAGTTCGATC-1
train_CD4 T_00567,CD4 T,train,CATTCGCGTAGTACCT-1,GGCTGGTGTCAGATAA-1
train_CD4 T_00568,CD4 T,train,CGTCTACCACTTGGAT-1,CAAGTTGGTAACGCGA-1
train_CD4 T_00569,CD4 T,train,TCAGGTATCGGTCTAA-1,GTACTTTGTACCGCTG-1
train_CD4 T_00570,CD4 T,train,GATCAGTGTCTGCCAG-1,CCTTTCTGTTAAGTAG-1
train_CD4 T_00571,CD4 T,train,ATCACGACACTCTGTC-1,TGCACCTGTCATATGC-1
train_CD4 T_00572,CD4 T,train,GACACGCAGGAGTCTG-1,GGAACTTAGACATAAC-1
train_CD4 T_00573,CD4 T,train,AGCATACTCCATGAAC-1,GACGGCTCACTGAAGG-1
train_CD4 T_00574,CD4 T,train,TTAGGCAGTGTCGCTG-1,CGGACGTCACTCAGGC-1
train_CD4 T_00575,CD4 T,train,TACAGTGTCCTCATTA-1,AGTTGGTCAGGTCTCG-1
train_CD4 T_00576,CD4 T,train,CGTCTACCACTTGGAT-1,TACGGGCAGACAAAGG-1
train_CD4 T_00577,CD4 T,train,CGATGGCGTTAAGACA-1,TTTGGTTGTAATAGCA-1
train_CD4 T_00578,CD4 T,train,GGCTCGAAGTGAATTG-1,CGAGCCATCGGGAGTA-1
train_CD4 T_00579,CD4 T,train,GGGATGAAGTTCCACA-1,ATGCGATGTCGCGTGT-1
train_CD4 T_00580,CD4 T,train,CACCAGGGTATGCTTG-1,GTGCATATCCGCATAA-1
train_CD4 T_00581,CD4 T,train,GGATGTTCAGGGTTAG-1,CAAGAAATCGAATGCT-1
train_CD4 T_00582,CD4 T,train,CCTAGCTAGATGGGTC-1,TGCACCTGTCATATGC-1
train_CD4 T_00583,CD4 T,train,GTCTTCGAGTTCGCAT-1,GTCACAAGTCGGCATC-1
train_CD4 T_00584,CD4 T,train,ACAGCTACAAAGTCAA-1,GACAGAGGTCATGCCG-1
train_CD4 T_00585,CD4 T,train,GCGGGTTTCTTGTTTG-1,AGTTGGTCAGGTCTCG-1
train_CD4 T_00586,CD4 T,train,CTCTACGCATTAACCG-1,GTATCTTCAGCCTTTC-1
train_CD4 T_00587,CD4 T,train,TGACAACGTGACTACT-1,AGTTGGTCAGGTCTCG-1
train_CD4 T_00588,CD4 T,train,GTTCGGGCATCTCGCT-1,CGATGGCCACTTGGAT-1
train_CD4 T_00589,CD4 T,train,ACTGATGTCTACTATC-1,ACATACGTCACCATAG-1
train_CD4 T_00590,CD4 T,train,TCAGATGTCAAGGCTT-1,CGATCGGGTAGAAGGA-1
train_CD4 T_00591,CD4 T,train,CGAACATGTGCGATAG-1,TTGGCAAAGCGCTCCA-1
train_CD4 T_00592,CD4 T,train,CGACCTTTCCTTTACA-1,GTAACTGTCCGAATGT-1
train_CD4 T_00593,CD4 T,train,AATCCAGGTGTTCGAT-1,AACCATGCAAGTCTAC-1
train_CD4 T_00594,CD4 T,train,CTGGTCTAGACAATAC-1,AGGCCGTCACAAGCCC-1
train_CD4 T_00595,CD4 T,train,AGAGCTTAGGGTCTCC-1,TACGGGCAGACAAAGG-1
train_CD4 T_00596,CD4 T,train,TGCGCAGCAATCAGAA-1,GTGAAGGCACAGTCGC-1
train_CD4 T_00597,CD4 T,train,AGCTTGAGTATATCCG-1,TAGGCATTCTCTGCTG-1
train_CD4 T_00598,CD4 T,train,GCACATATCATTATCC-1,TGGCTGGCATGTAAGA-1
train_CD4 T_00599,CD4 T,train,AGCAGCCTCGGTCTAA-1,TGCACCTGTCATATGC-1
train_CD4 T_00600,CD4 T,train,TTCTCCTAGGGCACTA-1,GTTCGGGCAGCTATTG-1
train_CD4 T_00601,CD4 T,train,ATTGGACGTGTCTGAT-1,CGATTGAAGGCCCTCA-1
train_CD4 T_00602,CD4 T,train,CTAGAGTTCTACTCAT-1,TTGTAGGCATATACCG-1
train_CD4 T_00603,CD4 T,train,TCGCGAGAGTAGGCCA-1,CATTCGCCAAGCCATT-1
train_CD4 T_00604,CD4 T,train,CATGGCGGTTGTACAC-1,TTATGCTAGGACACCA-1
train_CD4 T_00605,CD4 T,train,GTTCTCGTCGAGCCCA-1,GGAATAAAGGGTGTGT-1
train_CD4 T_00606,CD4 T,train,AGAATAGAGCTAGCCC-1,CGAGCCATCGGGAGTA-1
train_CD4 T_00607,CD4 T,train,CGTTGGGGTGCAACGA-1,TTCGAAGCATACGCTA-1
train_CD4 T_00608,CD4 T,train,CCGTGGAGTACCGTTA-1,GATCGATGTGGTAACG-1
train_CD4 T_00609,CD4 T,train,TCAGGTATCAGTTTGG-1,AGGCCACGTGGAAAGA-1
train_CD4 T_00610,CD4 T,train,GCACATATCATTATCC-1,CGGAGTCGTCTTGCGG-1
train_CD4 T_00611,CD4 T,train,TACAGTGCAGTTTACG-1,TACCTATGTGTTTGGT-1
train_CD4 T_00612,CD4 T,train,GCGCCAACACGTGAGA-1,CGTTCTGAGAGGTAGA-1
train_CD4 T_00613,CD4 T,train,ATGCGATGTCCTAGCG-1,GTAACTGTCCGAATGT-1
train_CD4 T_00614,CD4 T,train,TGGCTGGGTCAGGACA-1,CAAGAAATCGAATGCT-1
train_CD4 T_00615,CD4 T,train,CGAATGTTCCAGATCA-1,GTGCATATCCGCATAA-1
train_CD4 T_00616,CD4 T,train,AAGACCTAGGCATGGT-1,GTGTTAGAGACCTAGG-1
train_CD4 T_00617,CD4 T,train,GACAGAGGTCTTGATG-1,TTATGCTAGGACACCA-1
train_CD4 T_00618,CD4 T,train,GTAACGTTCTTACCTA-1,GACGGCTAGGCGTACA-1
train_CD4 T_00619,CD4 T,train,GTGTGCGTCTGCGGCA-1,GATGAGGGTCTGATCA-1
train_CD4 T_00620,CD4 T,train,AGTGAGGAGGTAGCTG-1,GAACCTAAGTGGTCCC-1
train_CD4 T_00621,CD4 T,train,ATTGGTGAGTATTGGA-1,TGGCTGGCATGTAAGA-1
train_CD4 T_00622,CD4 T,train,GATCTAGAGTTCGATC-1,CCAATCCAGTACGCGA-1
train_CD4 T_00623,CD4 T,train,AGAGCTTTCATGGTCA-1,ATCATCTCAGGCGATA-1
train_CD4 T_00624,CD4 T,train,ACGATGTAGAATGTTG-1,AGCCTAATCTAACCGA-1
train_CD4 T_00625,CD4 T,train,ATCACGACACTCTGTC-1,CAAGAAATCGAATGCT-1
train_CD4 T_00626,CD4 T,train,ACACCGGGTAGGGACT-1,AAGTCTGAGACTAAGT-1
train_CD4 T_00627,CD4 T,train,TTCTCAAGTATAGGTA-1,GTAACTGCAGTAGAGC-1
train_CD4 T_00628,CD4 T,train,CACACCTTCACCGGGT-1,CTAGTGAAGCGTAATA-1
train_CD4 T_00629,CD4 T,train,CATGACAGTAGCTTGT-1,GTACTTTGTACCGCTG-1
train_CD4 T_00630,CD4 T,train,AAAGATGCATGCAACT-1,GGAATAAGTAGGAGTC-1
train_CD4 T_00631,CD4 T,train,AAACCTGCATTATCTC-1,AGTTGGTCATGGTCTA-1
train_CD4 T_00632,CD4 T,train,TGAGGGAAGGACATTA-1,GTCTTCGAGCGTCTAT-1
train_CD4 T_00633,CD4 T,train,GCAGTTAGTCCAGTAT-1,TGCGTGGCATTAGGCT-1
train_CD4 T_00634,CD4 T,train,GTCACAAGTCATCCCT-1,TGTCCCACAGCGATCC-1
train_CD4 T_00635,CD4 T,train,CATCCACCATGTCGAT-1,CATTCGCCAAGCCATT-1
train_CD4 T_00636,CD4 T,train,GCAGTTAGTCCAGTAT-1,CATTCGCCAAGCCATT-1
train_CD4 T_00637,CD4 T,train,GTAACGTTCTTACCTA-1,TACGGGCAGACAAAGG-1
train_CD4 T_00638,CD4 T,train,CGAATGTCATATGGTC-1,AGAGCGACACAGAGGT-1
train_CD4 T_00639,CD4 T,train,GATTCAGCAGTAGAGC-1,TGCGGGTAGTTAAGTG-1
train_CD4 T_00640,CD4 T,train,AACTCTTTCCTCAACC-1,CAACCAACATATACCG-1
train_CD4 T_00641,CD4 T,train,AGCATACCAAGTTAAG-1,AGTGGGATCTTATCTG-1
train_CD4 T_00642,CD4 T,train,GATCTAGAGTATCTCG-1,GCGCAGTGTCACCCAG-1
train_CD4 T_00643,CD4 T,train,ACACCGGGTAGGGACT-1,CGAGCCATCGGGAGTA-1
train_CD4 T_00644,CD4 T,train,CCTACACCAAACAACA-1,CGTCTACCATCACCCT-1
train_CD4 T_00645,CD4 T,train,AAACCTGCATTATCTC-1,TACTTGTGTACTTGAC-1
train_CD4 T_00646,CD4 T,train,AGGTCCGGTCGAAAGC-1,TTTATGCCAAGGTTTC-1
train_CD4 T_00647,CD4 T,train,AGCGTCGGTCTTGCGG-1,TCAATCTGTAGAGCTG-1
train_CD4 T_00648,CD4 T,train,TACTTACCAGCCAATT-1,TTGTAGGCATATACCG-1
train_CD4 T_00649,CD4 T,train,AGTGTCAGTCTTGTCC-1,AGCTCCTTCATGTCCC-1
train_CD4 T_00650,CD4 T,train,AGCAGCCTCGGTCTAA-1,TACTCATTCGACGGAA-1
train_CD4 T_00651,CD4 T,train,ACAGCTACAAAGTCAA-1,AAAGATGCAAACTGCT-1
train_CD4 T_00652,CD4 T,train,GGATTACCAGACACTT-1,GGAACTTAGACATAAC-1
train_CD4 T_00653,CD4 T,train,GACGTGCAGGCGCTCT-1,TTCTACATCATGTAGC-1
train_CD4 T_00654,CD4 T,train,GGAACTTTCGAGAGCA-1,AGGGATGCAAACCTAC-1
train_CD4 T_00655,CD4 T,train,AGGTCATAGCTGATAA-1,GACAGAGTCAGAGGTG-1
train_CD4 T_00656,CD4 T,train,CAGCATAAGCCTATGT-1,AACTGGTAGTCGAGTG-1
train_CD4 T_00657,CD4 T,train,CAAGATCAGGGTATCG-1,TAAGCGTAGCCACTAT-1
train_CD4 T_00658,CD4 T,train,GACTAACAGACGACGT-1,GCAAACTAGACGCTTT-1
train_CD4 T_00659,CD4 T,train,CTCCTAGCAAATACAG-1,GTCTTCGAGCGTCTAT-1
train_CD4 T_00660,CD4 T,train,AAATGCCCATGACATC-1,GACAGAGGTCATGCCG-1
train_CD4 T_00661,CD4 T,train,CAAGGCCAGTACGCGA-1,TTCTCCTCAAAGAATC-1
train_CD4 T_00662,CD4 T,train,ACACCGGGTCCAAGTT-1,TGCACCTGTCATATGC-1
train_CD4 T_00663,CD4 T,train,GTCATTTAGTCTCCTC-1,AAATGCCAGCCACGCT-1
train_CD4 T_00664,CD4 T,train,ATTACTCTCACTCCTG-1,ACATACGTCACCATAG-1
train_CD4 T_00665,CD4 T,train,AGAGTGGGTCTAAAGA-1,GACAGAGGTCATGCCG-1
train_CD4 T_00666,CD4 T,train,GAGGTGAAGCAGCCTC-1,TCTATTGTCAAACCAC-1
train_CD4 T_00667,CD4 T,train,TTCTCAAGTATAGGTA-1,TGTCCCACAGCGATCC-1
train_CD4 T_00668,CD4 T,train,TTCTACATCCTTTCTC-1,ATAGACCAGCTGGAAC-1
train_CD4 T_00669,CD4 T,train,TCGCGAGAGTAGGCCA-1,ATTGGACCACATCCGG-1
train_CD4 T_00670,CD4 T,train,GTCACGGGTACCGCTG-1,GTAGTCAAGAGGTACC-1
train_CD4 T_00671,CD4 T,train,CCTACACTCCTGTAGA-1,AGGCCGTCACAAGCCC-1
train_CD4 T_00672,CD4 T,train,CAACCAAAGCTAGCCC-1,GTTTCTACAGGGTTAG-1
train_CD4 T_00673,CD4 T,train,ATCATGGCAATTGCTG-1,CTTTGCGAGGCAAAGA-1
train_CD4 T_00674,CD4 T,train,CACATTTAGGGAAACA-1,TCTATTGTCAAACCAC-1
train_CD4 T_00675,CD4 T,train,AACTCTTTCCTCAACC-1,CCTAGCTCACGAAACG-1
train_CD4 T_00676,CD4 T,train,CAGATCAAGAGGTTAT-1,ATTATCCGTCCAAGTT-1
train_CD4 T_00677,CD4 T,train,CGAATGTCATATGGTC-1,TTTCCTCTCCTGTAGA-1
train_CD4 T_00678,CD4 T,train,AAGACCTAGGCATGGT-1,ACATACGAGGCTAGAC-1
train_CD4 T_00679,CD4 T,train,ACGCCAGCAGTTAACC-1,GGCTGGTGTCAGATAA-1
train_CD4 T_00680,CD4 T,train,GTAACTGGTCGTCTTC-1,TTTGCGCGTGGACGAT-1
train_CD4 T_00681,CD4 T,train,GACGTGCAGCTGATAA-1,CGGAGTCGTCTTGCGG-1
train_CD4 T_00682,CD4 T,train,ATTACTCTCACTCCTG-1,CTCTGGTGTGGTAACG-1
train_CD4 T_00683,CD4 T,train,ATTGGTGAGTATTGGA-1,ATTATCCGTCCAAGTT-1
train_CD4 T_00684,CD4 T,train,ACACCCTTCCGTCATC-1,CCATGTCTCACGACTA-1
train_CD4 T_00685,CD4 T,train,GTTCATTAGAACAATC-1,CTTTGCGAGGCAAAGA-1
train_CD4 T_00686,CD4 T,train,AGTGTCAGTCTTGTCC-1,ACTGAACCATGAACCT-1
train_CD4 T_00687,CD4 T,train,CACCACTTCATGCATG-1,GTACGTAGTAGGACAC-1
train_CD4 T_00688,CD4 T,train,AACTCCCAGCCGCCTA-1,TACCTATGTGTTTGGT-1
train_CD4 T_00689,CD4 T,train,GTACGTAAGTGGGTTG-1,ACATACGTCTACTATC-1
train_CD4 T_00690,CD4 T,train,TCAGGTATCAGTTTGG-1,ACATACGAGGCTAGAC-1
train_CD4 T_00691,CD4 T,train,GGATGTTCAGGGTTAG-1,GCGACCAAGTTCGATC-1
train_CD4 T_00692,CD4 T,train,AGCTCCTTCCTGCAGG-1,ATTGGACCACATCCGG-1
train_CD4 T_00693,CD4 T,train,ACTTTCATCACCACCT-1,ACATACGTCACCATAG-1
train_CD4 T_00694,CD4 T,train,TACTCATCAAGAAAGG-1,GTATCTTCAGCCTTTC-1
train_CD4 T_00695,CD4 T,train,AAAGCAATCCGCGTTT-1,AGGCCGTTCAGCTCGG-1
train_CD4 T_00696,CD4 T,train,AAATGCCCATGACATC-1,TAGACCACACCGCTAG-1
train_CD4 T_00697,CD4 T,train,AGAGTGGGTCTAAAGA-1,AAACCTGGTTCGGCAC-1
train_CD4 T_00698,CD4 T,train,TCATTACAGCTCCTTC-1,TCTATTGTCAAACCAC-1
train_CD4 T_00699,CD4 T,train,CTGGTCTGTACCAGTT-1,GCAAACTTCCTCTAGC-1
train_CD4 T_00700,CD4 T,train,TACAGTGCAGTTTACG-1,CGTAGGCCAGCGAACA-1
train_CD4 T_00701,CD4 T,train,TACAGTGTCCTCATTA-1,GTAACTGCAGTAGAGC-1
train_CD4 T_00702,CD4 T,train,CTTCTCTCAGCCAGAA-1,AGCCTAATCTAACCGA-1
train_CD4 T_00703,CD4 T,train,GGAACTTTCGAGAGCA-1,CACCTTGGTGAAATCA-1
train_CD4 T_00704,CD4 T,train,AGCATACTCAGCAACT-1,AGAATAGCACATGGGA-1
train_CD4 T_00705,CD4 T,train,AACTCTTAGAAACCAT-1,GCGACCAAGTTCGATC-1
train_CD4 T_00706,CD4 T,train,AAAGATGGTGGCAAAC-1,GTCTTCGAGCGTCTAT-1
train_CD4 T_00707,CD4 T,train,GACGGCTTCATAAAGG-1,CCATGTCCAGTAAGAT-1
train_CD4 T_00708,CD4 T,train,GCGGGTTTCTTGTTTG-1,CTAACTTAGACAGAGA-1
train_CD4 T_00709,CD4 T,train,CAGATCAAGAGGTTAT-1,GATGAGGGTCTGATCA-1
train_CD4 T_00710,CD4 T,train,GGCCGATTCGGCTACG-1,ACGAGCCCACCCATGG-1
train_CD4 T_00711,CD4 T,train,GCATGATTCCTGTACC-1,GTCACAAAGCTGTCTA-1
train_CD4 T_00712,CD4 T,train,ACACCAAAGGCTCAGA-1,TTCGAAGCATACGCTA-1
train_CD4 T_00713,CD4 T,train,TTCTACATCCTTTCTC-1,GGCGACTAGAGTGACC-1
train_CD4 T_00714,CD4 T,train,CAGCATAAGCCTATGT-1,GACAGAGTCACGATGT-1
train_CD4 T_00715,CD4 T,train,TCAGGTATCGGTCTAA-1,TGCGGGTAGTTAAGTG-1
train_CD4 T_00716,CD4 T,train,AACTGGTTCGGCGCAT-1,ACGGGTCCAATGTAAG-1
train_CD4 T_00717,CD4 T,train,GTAGTCACATCTGGTA-1,CGATCGGGTAGAAGGA-1
train_CD4 T_00718,CD4 T,train,AAGGTTCAGTGCCATT-1,CGATCGGGTAGAAGGA-1
train_CD4 T_00719,CD4 T,train,GACTAACCAGATTGCT-1,ACTGAACCATGAACCT-1
train_CD4 T_00720,CD4 T,train,GATTCAGCAGTAGAGC-1,ATGAGGGAGCTAAACA-1
train_CD4 T_00721,CD4 T,train,CGAATGTCATATGGTC-1,TGCACCTAGGTGTGGT-1
train_CD4 T_00722,CD4 T,train,AGCGGTCGTATGCTTG-1,GTAGGCCAGTACACCT-1
train_CD4 T_00723,CD4 T,train,TCTGGAAGTGGGTCAA-1,AACCGCGAGGCCCTCA-1
train_CD4 T_00724,CD4 T,train,TTATGCTGTGGCGAAT-1,AGGCCGTCACAAGCCC-1
train_CD4 T_00725,CD4 T,train,AGGTCATAGCTGATAA-1,TTCTCCTCAAAGAATC-1
train_CD4 T_00726,CD4 T,train,CGAACATGTGCGATAG-1,TACTCATTCGACGGAA-1
train_CD4 T_00727,CD4 T,train,ATTTCTGTCATGTAGC-1,CAACCTCTCAGAGACG-1
train_CD4 T_00728,CD4 T,train,TGACAACGTGACTACT-1,TGGCCAGCAATCTGCA-1
train_CD4 T_00729,CD4 T,train,GCCTCTATCCTACAGA-1,AAATGCCAGCCACGCT-1
train_CD4 T_00730,CD4 T,train,CATGGCGGTTGTACAC-1,GTCTCGTCATGCCTAA-1
train_CD4 T_00731,CD4 T,train,ACCTTTAAGCAGCGTA-1,AACTGGTAGTCGAGTG-1
train_CD4 T_00732,CD4 T,train,CACACCTTCACCGGGT-1,AACCGCGAGGCCCTCA-1
train_CD4 T_00733,CD4 T,train,CAGCATAAGCCTATGT-1,GGAACTTAGACATAAC-1
train_CD4 T_00734,CD4 T,train,TACTTACCAGCCAATT-1,AGGCCGTCACAAGCCC-1
train_CD4 T_00735,CD4 T,train,ACGGGCTTCGGTTAAC-1,TACGGATAGGGAACGG-1
train_CD4 T_00736,CD4 T,train,CATATGGTCATGCATG-1,CGGACGTCACTCAGGC-1
train_CD4 T_00737,CD4 T,train,AACGTTGCATGTAGTC-1,TAGTGGTTCCGAATGT-1
train_CD4 T_00738,CD4 T,train,GCTGGGTAGTGAAGTT-1,CCGTACTTCACCTTAT-1
train_CD4 T_00739,CD4 T,train,GTAGGCCCAAATACAG-1,CTCCTAGCACATGGGA-1
train_CD4 T_00740,CD4 T,train,GGGAATGTCGTAGATC-1,GAACATCTCTGCAGTA-1
train_CD4 T_00741,CD4 T,train,GTCACAAGTACCTACA-1,TAAGAGATCACTTATC-1
train_CD4 T_00742,CD4 T,train,CTGTTTATCTACGAGT-1,TAAGTGCGTGGTACAG-1
train_CD4 T_00743,CD4 T,train,TCAGCAATCGTACCGG-1,GTAGTCAAGAGGTACC-1
train_CD4 T_00744,CD4 T,train,AGCTCCTTCCTGCAGG-1,GTATTCTAGCCGATTT-1
train_CD4 T_00745,CD4 T,train,TCCCGATCATGCGCAC-1,CGATCGGGTAGAAGGA-1
train_CD4 T_00746,CD4 T,train,CCTTACGTCTGCGGCA-1,CTCGGAGTCGTACGGC-1
train_CD4 T_00747,CD4 T,train,ACGATGTAGAATGTTG-1,GACAGAGGTCATGCCG-1
train_CD4 T_00748,CD4 T,train,GATGAAAAGTAGCGGT-1,AGGGATGCAAACCTAC-1
train_CD4 T_00749,CD4 T,train,GACACGCGTGCCTGTG-1,TACGGTAAGAGTACAT-1
train_CD4 T_00750,CD4 T,train,AAAGATGGTGGCAAAC-1,TCATTACAGTAGGTGC-1
train_CD4 T_00751,CD4 T,train,GGATGTTCAGGGTTAG-1,TTTCCTCCAAGGTTCT-1
train_CD4 T_00752,CD4 T,train,AGCATACCAAGTTAAG-1,GTTCGGGCAGCTATTG-1
train_CD4 T_00753,CD4 T,train,CGAGCACTCACAAACC-1,ACATGGTAGTACTTGC-1
train_CD4 T_00754,CD4 T,train,AAAGATGGTGGCAAAC-1,GCTCTGTGTAAATGAC-1
train_CD4 T_00755,CD4 T,train,GGGATGACAGCTCCGA-1,GTACTTTGTACCGCTG-1
train_CD4 T_00756,CD4 T,train,GTGCAGCCAGGAACGT-1,CCGTACTTCACCTTAT-1
train_CD4 T_00757,CD4 T,train,TCTGGAAGTGGGTCAA-1,TACTTGTGTACTTGAC-1
train_CD4 T_00758,CD4 T,train,ACACCAAAGGCTCAGA-1,TAGTTGGGTTAAGATG-1
train_CD4 T_00759,CD4 T,train,ACACCCTTCAGGCCCA-1,AATCCAGCAGATGGCA-1
train_CD4 T_00760,CD4 T,train,CCTACACTCCTGTAGA-1,ATCATCTCAGGCGATA-1
train_CD4 T_00761,CD4 T,train,AGAGCTTAGGGTCTCC-1,CTAATGGTCTCCAGGG-1
train_CD4 T_00762,CD4 T,train,GGAACTTTCGAGAGCA-1,GGTATTGAGGGAGTAA-1
train_CD4 T_00763,CD4 T,train,CACCAGGGTATGCTTG-1,TAAGTGCGTGGTACAG-1
train_CD4 T_00764,CD4 T,train,CCAATCCGTACCGGCT-1,ACATACGAGGCTAGAC-1
train_CD4 T_00765,CD4 T,train,AGAGCTTAGGGTCTCC-1,GGCTGGTGTCAGATAA-1
train_CD4 T_00766,CD4 T,train,CATCCACCATGTCGAT-1,ACTATCTGTTGTACAC-1
train_CD4 T_00767,CD4 T,train,ACGCCAGTCTTCATGT-1,GAACATCTCTGCAGTA-1
train_CD4 T_00768,CD4 T,train,GAAATGAGTTGGTAAA-1,TTGCCGTTCAGTTAGC-1
train_CD4 T_00769,CD4 T,train,ACGCCAGCAGTTAACC-1,TTTGCGCAGTACCGGA-1
train_CD4 T_00770,CD4 T,train,ACGCCAGTCTTCATGT-1,AACCATGCAAGTCTAC-1
train_CD4 T_00771,CD4 T,train,TACTTACCAGCCAATT-1,TATGCCCGTCATCGGC-1
train_CD4 T_00772,CD4 T,train,CTGTTTATCTACGAGT-1,CGGACACAGGTGACCA-1
train_CD4 T_00773,CD4 T,train,GCACATATCATTATCC-1,GAACATCTCAGTCAGT-1
train_CD4 T_00774,CD4 T,train,GATCAGTGTCTGCCAG-1,TACGGTAAGAGTACAT-1
train_CD4 T_00775,CD4 T,train,CTGATCCTCACTTATC-1,GAACCTATCGTAGGAG-1
train_CD4 T_00776,CD4 T,train,ACACCGGGTAGGGACT-1,GGACAAGGTCTAGAGG-1
train_CD4 T_00777,CD4 T,train,GAGGTGATCTCGTATT-1,CCAATCCCAAGGGTCA-1
train_CD4 T_00778,CD4 T,train,AAATGCCCATGACATC-1,AGCAGCCCAGCTGGCT-1
train_CD4 T_00779,CD4 T,train,TTATGCTGTCTGCGGT-1,TAGACCACACCGCTAG-1
train_CD4 T_00780,CD4 T,train,CATCCACCATGTCGAT-1,CTCACACGTGTGAATA-1
train_CD4 T_00781,CD4 T,train,TACTCATCAAGAAAGG-1,GTTCGGGCAGCTATTG-1
train_CD4 T_00782,CD4 T,train,ATTACTCTCATCGATG-1,TGGCCAGGTTCCTCCA-1
train_CD4 T_00783,CD4 T,train,CGATGTACATAGAAAC-1,TTGGAACGTCTCGTTC-1
train_CD4 T_00784,CD4 T,train,CGAACATCAAGCCGCT-1,AGGCCGTTCAGCTCGG-1
train_CD4 T_00785,CD4 T,train,GATCAGTGTCTGCCAG-1,TTTGCGCGTGGACGAT-1
train_CD4 T_00786,CD4 T,train,TCGCGAGAGTAGGCCA-1,TGCGTGGCATTAGGCT-1
train_CD4 T_00787,CD4 T,train,CGTTAGATCTTCATGT-1,GTCACGGAGGTACTCT-1
train_CD4 T_00788,CD4 T,train,GGGAGATAGGACACCA-1,CGCCAAGGTGAAAGAG-1
train_CD4 T_00789,CD4 T,train,AGCGGTCGTATGCTTG-1,CCGGTAGTCGTGGTCG-1
train_CD4 T_00790,CD4 T,train,ACACTGATCTGGTTCC-1,CCTCTGACAGTAAGCG-1
train_CD4 T_00791,CD4 T,train,TAGTGGTGTAGATTAG-1,GGGCATCTCATGCTCC-1
train_CD4 T_00792,CD4 T,train,TCAGGTATCGGTCTAA-1,GCGAGAACATGGTCTA-1
train_CD4 T_00793,CD4 T,train,CAGAATCGTAAAGTCA-1,CCTAGCTCACGAAACG-1
train_CD4 T_00794,CD4 T,train,GCTGGGTAGTGAAGTT-1,GTGAAGGCACAGTCGC-1
train_CD4 T_00795,CD4 T,train,ATAGACCGTCTCACCT-1,GTAGGCCGTGGTCTCG-1
train_CD4 T_00796,CD4 T,train,GGAACTTTCGAGAGCA-1,AGCTCCTTCATGTCCC-1
train_CD4 T_00797,CD4 T,train,GAATAAGAGGTGTTAA-1,GACTACAAGGCTATCT-1
train_CD4 T_00798,CD4 T,train,CTCTACGCATTAACCG-1,AAACCTGGTTCGGCAC-1
train_CD4 T_00799,CD4 T,train,TTCTCCTAGCAGCGTA-1,GTAGGCCAGTACACCT-1
train_CD4 T_00800,CD4 T,train,GGTGAAGTCTGCCAGG-1,GGAACTTAGACATAAC-1
train_CD4 T_00801,CD4 T,train,AGCATACTCCATGAAC-1,TGGCCAGGTTCCTCCA-1
train_CD4 T_00802,CD4 T,train,CCTAGCTCAGGTCTCG-1,AGAGCGACACAGAGGT-1
train_CD4 T_00803,CD4 T,train,TCCCGATCATGCGCAC-1,CTAGTGAAGCGTAATA-1
train_CD4 T_00804,CD4 T,train,GTATTCTGTTGGAGGT-1,AAACGGGAGAGACTAT-1
train_CD4 T_00805,CD4 T,train,CGGTTAAAGCAGACTG-1,TGGCTGGCAGCGAACA-1
train_CD4 T_00806,CD4 T,train,CAGAGAGAGAACTGTA-1,CTGGTCTAGGACGAAA-1
train_CD4 T_00807,CD4 T,train,AGCTCCTTCCTGCAGG-1,CGGCTAGAGCCAGTAG-1
train_CD4 T_00808,CD4 T,train,AACGTTGCATGTAGTC-1,ACGGGTCCAATGTAAG-1
train_CD4 T_00809,CD4 T,train,CAAGGCCAGTACGCGA-1,CTCTGGTGTGGTAACG-1
train_CD4 T_00810,CD4 T,train,TTCTCCTAGCAGCGTA-1,GATGCTATCTATGTGG-1
train_CD4 T_00811,CD4 T,train,GGGTTGCCAAGCGAGT-1,CCCTCCTAGGAGTAGA-1
train_CD4 T_00812,CD4 T,train,CACCAGGGTATGCTTG-1,TTAGGCACAGTAGAGC-1
train_CD4 T_00813,CD4 T,train,TTCTCCTAGGGCACTA-1,CATGACACAACTGCGC-1
train_CD4 T_00814,CD4 T,train,CTCTACGCATTAACCG-1,GTTTCTAGTGAGGCTA-1
train_CD4 T_00815,CD4 T,train,TACTTACCAGCCAATT-1,TGTGGTATCTACCTGC-1
train_CD4 T_00816,CD4 T,train,GTTAAGCAGGACGAAA-1,TCTATTGTCAAACCAC-1
train_CD4 T_00817,CD4 T,train,TGCTGCTCATGCCACG-1,GGAATAAAGGGTGTGT-1
train_CD4 T_00818,CD4 T,train,AAGGAGCTCAGCATGT-1,GAACCTAAGTGGTCCC-1
train_CD4 T_00819,CD4 T,train,TGACAACGTGACTACT-1,AAGCCGCGTGCGGTAA-1
train_CD4 T_00820,CD4 T,train,GGTGAAGTCTGCCAGG-1,CCACGGAGTCCGACGT-1
train_CD4 T_00821,CD4 T,train,ACACTGAGTGACGCCT-1,TTAGGCACAGTAGAGC-1
train_CD4 T_00822,CD4 T,train,ATTCTACGTAACGACG-1,AGGGATGCAAACCTAC-1
train_CD4 T_00823,CD4 T,train,AACGTTGCATGTAGTC-1,CGCCAAGGTGAAAGAG-1
train_CD4 T_00824,CD4 T,train,AGAGCTTAGGACAGCT-1,CGATTGACAGTACACT-1
train_CD4 T_00825,CD4 T,train,AGCTCTCGTACCGTTA-1,CTAACTTAGACAGAGA-1
train_CD4 T_00826,CD4 T,train,GAGGTGATCTCGTATT-1,ATCACGACACTGCCAG-1
train_CD4 T_00827,CD4 T,train,CAGCTGGAGCCACCTG-1,CATCCACAGGGTGTGT-1
train_CD4 T_00828,CD4 T,train,ATGAGGGAGGTGCTAG-1,AACTGGTAGACCTTTG-1
train_CD4 T_00829,CD4 T,train,GTCATTTAGTCTCCTC-1,ACACCAACATGGTAGG-1
train_CD4 T_00830,CD4 T,train,CGGTTAAAGCAGACTG-1,ATCCGAACACTTGGAT-1
train_CD4 T_00831,CD4 T,train,ATTACTCTCACTCCTG-1,ATGCGATGTCGCGTGT-1
train_CD4 T_00832,CD4 T,train,TCAGCAATCGTACCGG-1,TATGCCCCAAGCCGCT-1
train_CD4 T_00833,CD4 T,train,CGATGGCCAAAGGTGC-1,CACCTTGGTGAAATCA-1
train_CD4 T_00834,CD4 T,train,AGGCCGTTCTTGAGAC-1,TGCGTGGCAATGGAAT-1
train_CD4 T_00835,CD4 T,train,ACTTGTTAGTTGTAGA-1,CCTCTGACACTGTGTA-1
train_CD4 T_00836,CD4 T,train,GTTCATTCACGGTGTC-1,CGGACGTCACTCAGGC-1
train_CD4 T_00837,CD4 T,train,CTTCTCTTCAGCTGGC-1,AAGTCTGAGACTAAGT-1
train_CD4 T_00838,CD4 T,train,GTAACGTTCTTACCTA-1,CCCTCCTAGGAGTAGA-1
train_CD4 T_00839,CD4 T,train,GGTGAAGTCTGCCAGG-1,CCGGTAGTCGTGGTCG-1
train_CD4 T_00840,CD4 T,train,GATCAGTGTCTGCCAG-1,GAACATCTCCTTTCTC-1
train_CD4 T_00841,CD4 T,train,CATGGCGTCACGCATA-1,CGCCAAGCAATAGCGG-1
train_CD4 T_00842,CD4 T,train,CAGTCCTTCCTGCCAT-1,TTTCCTCCAAGGTTCT-1
train_CD4 T_00843,CD4 T,train,GGGAATGTCGTAGATC-1,ATTGGACCATTCTCAT-1
train_CD4 T_00844,CD4 T,train,AGGTCATAGCTGATAA-1,ACGAGCCCACCCATGG-1
train_CD4 T_00845,CD4 T,train,GCGGGTTCACCATCCT-1,CATGCCTTCTTACCGC-1
train_CD4 T_00846,CD4 T,train,ACATCAGGTTAGATGA-1,CATCCACAGGGTGTGT-1
train_CD4 T_00847,CD4 T,train,GCTGCAGCAAGCTGGA-1,TTCTACATCATGTAGC-1
train_CD4 T_00848,CD4 T,train,CATGGCGTCACGCATA-1,GCTTGAATCTGCCAGG-1
train_CD4 T_00849,CD4 T,train,GGGTTGCTCTACTCAT-1,ACATGGTAGTACTTGC-1
train_CD4 T_00850,CD4 T,train,GTGCGGTAGGCGCTCT-1,CCCTCCTAGAGTACAT-1
train_CD4 T_00851,CD4 T,train,CACATAGCACGACTCG-1,CCACGGAGTCCGACGT-1
train_CD4 T_00852,CD4 T,train,ATGCGATGTCTGCGGT-1,CAAGAAATCGAATGCT-1
train_CD4 T_00853,CD4 T,train,GTATCTTAGTCCAGGA-1,CCCTCCTAGAGTACAT-1
train_CD4 T_00854,CD4 T,train,GCATGATTCCTGTACC-1,GACTACAAGTGGGTTG-1
train_CD4 T_00855,CD4 T,train,TGACTTTCACCGGAAA-1,TCTATTGTCAAACCAC-1
train_CD4 T_00856,CD4 T,train,ACATCAGGTTAGATGA-1,GGGTTGCGTTAAGACA-1
train_CD4 T_00857,CD4 T,train,CACATTTAGGGAAACA-1,CTGTTTAGTCATACTG-1
train_CD4 T_00858,CD4 T,train,TAAACCGGTTTGTTTC-1,CAACCAACATATACCG-1
train_CD4 T_00859,CD4 T,train,ACACCAAAGGCTCAGA-1,AAGGCAGCAAGAAAGG-1
train_CD4 T_00860,CD4 T,train,CACAGGCAGAAGAAGC-1,GTAGGCCGTGGTCTCG-1
train_CD4 T_00861,CD4 T,train,GGAACTTTCGAGAGCA-1,GTAGTCAAGAGGTACC-1
train_CD4 T_00862,CD4 T,train,ACACCCTTCAGGCCCA-1,TGAGAGGCAGGCTGAA-1
train_CD4 T_00863,CD4 T,train,TAAGAGAGTTGGTTTG-1,AAACCTGGTTCGGCAC-1
train_CD4 T_00864,CD4 T,train,AACGTTGCATGTAGTC-1,GTCTCGTCATGCCTAA-1
train_CD4 T_00865,CD4 T,train,AACTCAGTCTCTAAGG-1,AGGGATGCAAACCTAC-1
train_CD4 T_00866,CD4 T,train,TGGCTGGGTCAGGACA-1,AACCGCGAGGCCCTCA-1
train_CD4 T_00867,CD4 T,train,GCATGTAAGATGTAAC-1,GTACTTTGTACCGCTG-1
train_CD4 T_00868,CD4 T,train,CATGACAGTAGCTTGT-1,GTATTCTAGCCGATTT-1
train_CD4 T_00869,CD4 T,train,ACACCCTTCAGGCCCA-1,GTGCATAAGGGTTTCT-1
train_CD4 T_00870,CD4 T,train,GTACTTTTCTGGGCCA-1,CCAATCCCAAGGGTCA-1
train_CD4 T_00871,CD4 T,train,ATTACTCTCATCGATG-1,TGCGGGTAGTTAAGTG-1
train_CD4 T_00872,CD4 T,train,ACGGCCAGTTTGTGTG-1,CGTCTACCATCACCCT-1
train_CD4 T_00873,CD4 T,train,GACACGCGTGCCTGTG-1,TTTGCGCAGTACCGGA-1
train_CD4 T_00874,CD4 T,train,ATCATGGCAATTGCTG-1,GTAACTGTCCGAATGT-1
train_CD4 T_00875,CD4 T,train,ACGGCCAGTTTGTGTG-1,TGGCTGGCAGCGAACA-1
train_CD4 T_00876,CD4 T,train,TGTGTTTTCCGCATCT-1,AAAGTAGGTTAAGATG-1
train_CD4 T_00877,CD4 T,train,GGATTACCAGACACTT-1,AGGGATGCAAACCTAC-1
train_CD4 T_00878,CD4 T,train,CACCAGGGTATGCTTG-1,AAAGATGCAAACTGCT-1
train_CD4 T_00879,CD4 T,train,GTCGGGTTCAACACAC-1,GTACGTAGTAGGACAC-1
train_CD4 T_00880,CD4 T,train,CTTTGCGGTGGTACAG-1,CGTTCTGAGAGGTAGA-1
train_CD4 T_00881,CD4 T,train,ATAGACCGTCTCACCT-1,AGTTGGTCATGGTCTA-1
train_CD4 T_00882,CD4 T,train,TTCTCCTAGGGCACTA-1,AATCCAGCAGATGGCA-1
train_CD4 T_00883,CD4 T,train,GAGCAGAAGGATCGCA-1,TTTCCTCCAAGGTTCT-1
train_CD4 T_00884,CD4 T,train,TTATGCTTCACTTACT-1,CATGCCTTCTTACCGC-1
train_CD4 T_00885,CD4 T,train,GGGAATGTCGTAGATC-1,GTTTCTACAGGGTTAG-1
train_CD4 T_00886,CD4 T,train,ACACCCTTCCGTCATC-1,GGACAAGGTCTAGAGG-1
train_CD4 T_00887,CD4 T,train,CAACCAAAGCTAGCCC-1,TTGTAGGCATATACCG-1
train_CD4 T_00888,CD4 T,train,GACAGAGTCAAAGTAG-1,GACAGAGTCACGATGT-1
train_CD4 T_00889,CD4 T,train,GCTGCAGCAAGCTGGA-1,GGCTGGTGTCAGATAA-1
train_CD4 T_00890,CD4 T,train,GTAGTCACATCTGGTA-1,AGCCTAATCTAACCGA-1
train_CD4 T_00891,CD4 T,train,TCATTTGCAGCTCGCA-1,AGTTGGTCAGGTCTCG-1
train_CD4 T_00892,CD4 T,train,CTAGAGTTCTACTCAT-1,ATTGGACCACATCCGG-1
train_CD4 T_00893,CD4 T,train,GTACGTAAGTGGGTTG-1,GGAATAAAGGGTGTGT-1
train_CD4 T_00894,CD4 T,train,TCGGGACGTAGCAAAT-1,GGAGCAAGTGCGCTTG-1
train_CD4 T_00895,CD4 T,train,AGCTCCTTCCTGCAGG-1,GCGACCAAGTTCGATC-1
train_CD4 T_00896,CD4 T,train,ACCAGTAGTCTAACGT-1,TTGTAGGCATATACCG-1
train_CD4 T_00897,CD4 T,train,TACTTACCAGCCAATT-1,CTCATTAAGGGTCGAT-1
train_CD4 T_00898,CD4 T,train,CAGAGAGAGAACTGTA-1,ATCACGACACTGCCAG-1
train_CD4 T_00899,CD4 T,train,GCCTCTATCCTACAGA-1,AACTGGTTCCTTGACC-1
train_CD4 T_00900,CD4 T,train,GTATTCTAGTGAACAT-1,TTCTACATCATGTAGC-1
train_CD4 T_00901,CD4 T,train,ATAAGAGTCGCAAGCC-1,CCACGGAGTCCGACGT-1
train_CD4 T_00902,CD4 T,train,GACAGAGTCAAAGTAG-1,TCTATTGTCAAACCAC-1
train_CD4 T_00903,CD4 T,train,AGATCTGGTAGCGTCC-1,AAATGCCAGCCACGCT-1
train_CD4 T_00904,CD4 T,train,CAGAATCCAACACCCG-1,GACGGCTAGGCGTACA-1
train_CD4 T_00905,CD4 T,train,AACTCTTGTTACTGAC-1,CATGACACAACTGCGC-1
train_CD4 T_00906,CD4 T,train,GCATGATTCCTGTACC-1,AGAGCGACACAGAGGT-1
train_CD4 T_00907,CD4 T,train,TATCTCAGTACAAGTA-1,TATGCCCCAAGCCGCT-1
train_CD4 T_00908,CD4 T,train,ATCGAGTGTAGCTAAA-1,AGGCCACGTGGAAAGA-1
train_CD4 T_00909,CD4 T,train,TGCGCAGCAATCAGAA-1,ACACCAACATGGTAGG-1
train_CD4 T_00910,CD4 T,train,GGCCGATGTTCCAACA-1,CGGCTAGAGCCAGTAG-1
train_CD4 T_00911,CD4 T,train,GTCACGGGTACCGCTG-1,CCACGGAGTCCGACGT-1
train_CD4 T_00912,CD4 T,train,CACAGGCCACCGAAAG-1,ACGGGTCAGCTCAACT-1
train_CD4 T_00913,CD4 T,train,CCGTGGAGTACCGTTA-1,GTAGTCAAGAGGTACC-1
train_CD4 T_00914,CD4 T,train,CACCAGGGTATGCTTG-1,GTGCATATCCGCATAA-1
train_CD4 T_00915,CD4 T,train,GCGGGTTTCTTGTTTG-1,ACGGGTCAGCTCAACT-1
train_CD4 T_00916,CD4 T,train,GACTGCGAGCGTAATA-1,CTAGTGAAGCGTAATA-1
train_CD4 T_00917,CD4 T,train,ATCATGGCAATTGCTG-1,AGTTGGTCATGGTCTA-1
train_CD4 T_00918,CD4 T,train,TTTGCGCAGTAGCGGT-1,ACTGAACCATGAACCT-1
train_CD4 T_00919,CD4 T,train,GACTGCGAGCGTAATA-1,GGGTTGCGTTAAGACA-1
train_CD4 T_00920,CD4 T,train,TCCCGATCATGCGCAC-1,AAGGCAGCAAGAAAGG-1
train_CD4 T_00921,CD4 T,train,ACATGGTTCATACGGT-1,AACCGCGAGGCCCTCA-1
train_CD4 T_00922,CD4 T,train,CCACTACCAGTGACAG-1,CGATTGAAGGCCCTCA-1
train_CD4 T_00923,CD4 T,train,ATTACTCTCATCGATG-1,AACCGCGAGGCCCTCA-1
train_CD4 T_00924,CD4 T,train,CATGACAGTAGCTTGT-1,TGGCTGGCACAGCCCA-1
train_CD4 T_00925,CD4 T,train,CTGTGCTAGTGATCGG-1,CAACCTCAGATATGGT-1
train_CD4 T_00926,CD4 T,train,ACGATGTAGAATGTTG-1,TAGTGGTGTAATCGTC-1
train_CD4 T_00927,CD4 T,train,GAGCAGAAGGATCGCA-1,TGAGAGGCAGGCTGAA-1
train_CD4 T_00928,CD4 T,train,GGACAGACACCCAGTG-1,CGTAGGCCAGCGAACA-1
train_CD4 T_00929,CD4 T,train,TGCTGCTCATGCCACG-1,GAACCTAAGTGGTCCC-1
train_CD4 T_00930,CD4 T,train,CCATTCGTCGTCTGCT-1,CGGACGTCACTCAGGC-1
train_CD4 T_00931,CD4 T,train,ACCAGTAGTCTAACGT-1,TAGTGGTTCCGAATGT-1
train_CD4 T_00932,CD4 T,train,CTACACCAGCCAGAAC-1,GACTACAAGTGGGTTG-1
train_CD4 T_00933,CD4 T,train,GTTCGGGCACCTCGGA-1,TTCTACATCATGTAGC-1
train_CD4 T_00934,CD4 T,train,ATAACGCTCTGGTGTA-1,CTGCTGTCACGTCTCT-1
train_CD4 T_00935,CD4 T,train,GATCTAGAGTATCTCG-1,TCACGAACATGGTTGT-1
train_CD4 T_00936,CD4 T,train,ATGAGGGGTGAAGGCT-1,GCGAGAACATGGTCTA-1
train_CD4 T_00937,CD4 T,train,CGCTGGAGTCAGAAGC-1,CTCATTAAGGGTCGAT-1
train_CD4 T_00938,CD4 T,train,ACGGAGACACATTCGA-1,GACTACAAGTGGGTTG-1
train_CD4 T_00939,CD4 T,train,AGGGAGTTCAGGCCCA-1,GCTTGAATCTGCCAGG-1
train_CD4 T_00940,CD4 T,train,CACAGGCAGAAGAAGC-1,GCTCTGTGTAAATGAC-1
train_CD4 T_00941,CD4 T,train,ACTGCTCGTGCAGGTA-1,CATTCGCAGGAGCGAG-1
train_CD4 T_00942,CD4 T,train,ATCCGAAGTGCCTGTG-1,TACTTACAGGTAGCTG-1
train_CD4 T_00943,CD4 T,train,GCGGGTTCACCATCCT-1,CAAGTTGGTAACGCGA-1
train_CD4 T_00944,CD4 T,train,TCATTACAGCTCCTTC-1,AGGTCATAGACAAAGG-1
train_CD4 T_00945,CD4 T,train,CATGGCGTCACGCATA-1,TAGTGGTGTTAGGGTG-1
train_CD4 T_00946,CD4 T,train,CAACCAAAGCTAGCCC-1,CCGTACTTCACCTTAT-1
train_CD4 T_00947,CD4 T,train,CCATTCGTCGTCTGCT-1,CTCTAATTCAAACGGG-1
train_CD4 T_00948,CD4 T,train,TGAAAGAAGCTTATCG-1,AGGCCGTTCAGCTCGG-1
train_CD4 T_00949,CD4 T,train,GACGTTACATGCCTTC-1,CCGTACTTCACCTTAT-1
train_CD4 T_00950,CD4 T,train,TGTGTTTTCCGCATCT-1,GAACATCGTTCACCTC-1
train_CD4 T_00951,CD4 T,train,AGCGGTCGTATGCTTG-1,TTTCCTCCAAGGTTCT-1
train_CD4 T_00952,CD4 T,train,CCTACACTCCTGTAGA-1,GTTTCTAGTGAGGCTA-1
train_CD4 T_00953,CD4 T,train,GATCTAGAGTTCGATC-1,ACATGGTAGTACTTGC-1
train_CD4 T_00954,CD4 T,train,AAGGTTCAGTGCCATT-1,TTAGGCATCTTGGGTA-1
train_CD4 T_00955,CD4 T,train,CATATGGTCATGCATG-1,GTACGTAGTAGGACAC-1
train_CD4 T_00956,CD4 T,train,TTAGGACCATCCTTGC-1,CATGCCTTCTTACCGC-1
train_CD4 T_00957,CD4 T,train,CGTTAGATCATACGGT-1,CGATGGCCACTTGGAT-1
train_CD4 T_00958,CD4 T,train,TATCTCAGTACAAGTA-1,CTACCCATCAGGTTCA-1
train_CD4 T_00959,CD4 T,train,CCTTACGTCTGCGGCA-1,CATGCCTTCTTACCGC-1
train_CD4 T_00960,CD4 T,train,ATTCTACGTAACGACG-1,AATCCAGCAGATGGCA-1
train_CD4 T_00961,CD4 T,train,CCTTACGTCTGCGGCA-1,GAACATCTCCTTTCTC-1
train_CD4 T_00962,CD4 T,train,GACAGAGTCAAAGTAG-1,ATTGGACCACATCCGG-1
train_CD4 T_00963,CD4 T,train,CAGTAACAGCGTCAAG-1,GGCTCGATCGGCTTGG-1
train_CD4 T_00964,CD4 T,train,CGGTTAAAGCAGACTG-1,CGGACGTCACTCAGGC-1
train_CD4 T_00965,CD4 T,train,CGAGCCAGTTGATTCG-1,AGCAGCCTCCACGCAG-1
train_CD4 T_00966,CD4 T,train,CTGATCCTCACTTATC-1,GTCTCGTCATGCCTAA-1
train_CD4 T_00967,CD4 T,train,CTAGTGAGTCATATCG-1,AAGGCAGCAAGAAAGG-1
train_CD4 T_00968,CD4 T,train,CAGCATAAGCCTATGT-1,TACGGGCAGACAAAGG-1
train_CD4 T_00969,CD4 T,train,GAGGTGATCTCGTATT-1,CTCGGAGTCTGGAGCC-1
train_CD4 T_00970,CD4 T,train,AACACGTCAGGCTCAC-1,CGTTCTGAGAGGTAGA-1
train_CD4 T_00971,CD4 T,train,CCACTACCAGTGACAG-1,GAACCTAAGTGGTCCC-1
train_CD4 T_00972,CD4 T,train,TGACTTTCACCGGAAA-1,TTCTCCTCAAAGAATC-1
train_CD4 T_00973,CD4 T,train,TACTCATCAAGAAAGG-1,CTACCCATCAGGTTCA-1
train_CD4 T_00974,CD4 T,train,GAATAAGAGGTGTTAA-1,CCATGTCCAGTAAGAT-1
train_CD4 T_00975,CD4 T,train,TGAGGGAAGGACATTA-1,TACGGGCAGACAAAGG-1
train_CD4 T_00976,CD4 T,train,AACGTTGCACCGGAAA-1,AGCTCCTTCATGTCCC-1
train_CD4 T_00977,CD4 T,train,CATGGCGTCACGCATA-1,TGGCTGGCATGTAAGA-1
train_CD4 T_00978,CD4 T,train,ACACTGAGTGACGCCT-1,CATCCACAGGGTGTGT-1
train_CD4 T_00979,CD4 T,train,AAAGATGGTGGCAAAC-1,CGTCTACCATCACCCT-1
train_CD4 T_00980,CD4 T,train,TCATTACAGCTCCTTC-1,CCTCTGACACTGTGTA-1
train_CD4 T_00981,CD4 T,train,TCAGGTATCGGTCTAA-1,CTTTGCGAGGCAAAGA-1
train_CD4 T_00982,CD4 T,train,TACGGGCAGTGTCTCA-1,TTAGGCACAGTAGAGC-1
train_CD4 T_00983,CD4 T,train,AACTTTCCACGTCAGC-1,CTAATGGTCTCCAGGG-1
train_CD4 T_00984,CD4 T,train,GCATGATTCCTGTACC-1,ATTGGACCATTCTCAT-1
train_CD4 T_00985,CD4 T,train,GACAGAGGTCTTGATG-1,GTACGTAAGGAATTAC-1
train_CD4 T_00986,CD4 T,train,CGGTTAATCTTTCCTC-1,GACAGAGGTCATGCCG-1
train_CD4 T_00987,CD4 T,train,CACATTTAGGGAAACA-1,CTAATGGTCTCCAGGG-1
train_CD4 T_00988,CD4 T,train,GTTCGGGCACCTCGGA-1,TAAGTGCGTGGTACAG-1
train_CD4 T_00989,CD4 T,train,CAGAATCGTAAAGTCA-1,TAGTTGGGTTAAGATG-1
train_CD4 T_00990,CD4 T,train,GATGAAAAGTAGCGGT-1,CTCGGAGTCGTACGGC-1
train_CD4 T_00991,CD4 T,train,TGACTTTCACCGGAAA-1,GGACATTTCGGAAACG-1
train_CD4 T_00992,CD4 T,train,ACCCACTCACCCAGTG-1,CACCAGGCACCCATGG-1
train_CD4 T_00993,CD4 T,train,CATGGCGAGATGCCAG-1,CGCCAAGGTGAAAGAG-1
train_CD4 T_00994,CD4 T,train,CATTCGCAGATCGGGT-1,AGCTCCTTCATGTCCC-1
train_CD4 T_00995,CD4 T,train,ATGAGGGAGGTGCTAG-1,ATCACGACACTGCCAG-1
train_CD4 T_00996,CD4 T,train,GACGTGCAGCTGATAA-1,GTTACAGTCTCTAGGA-1
train_CD4 T_00997,CD4 T,train,CTTTGCGGTGGTACAG-1,TGGCTGGCACAGCCCA-1
train_CD4 T_00998,CD4 T,train,CGGGTCAGTCTAGGTT-1,CTGCTGTCACGTCTCT-1
train_CD4 T_00999,CD4 T,train,TATCTCAGTACAAGTA-1,GTCACAAAGCTGTCTA-1
train_CD4 T_01000,CD4 T,train,AGTGAGGAGGTAGCTG-1,GGACATTTCCACTCCA-1
train_CD4 T_01001,CD4 T,train,GCAGTTAGTCCAGTAT-1,TGCGGGTGTGACTCAT-1
train_CD4 T_01002,CD4 T,train,AAAGATGCAGCTTAAC-1,AGCCTAATCGAGAGCA-1
train_CD4 T_01003,CD4 T,train,CGAACATGTGCGATAG-1,GGAGCAAGTGCGCTTG-1
train_CD4 T_01004,CD4 T,train,ATTCTACGTAACGACG-1,GCTGGGTTCATAGCAC-1
train_CD4 T_01005,CD4 T,train,CACCAGGGTATGCTTG-1,TACTTACAGGTAGCTG-1
train_CD4 T_01006,CD4 T,train,GCTGGGTCAAGGACAC-1,GTAACTGTCCGAATGT-1
train_CD4 T_01007,CD4 T,train,GATGAAAAGTAGCGGT-1,AGCTCCTTCATGTCCC-1
train_CD4 T_01008,CD4 T,train,GTATCTTAGTTTAGGA-1,ACGAGCCCACCCATGG-1
train_CD4 T_01009,CD4 T,train,CCGTACTCAACGCACC-1,CTAGTGAAGCGTAATA-1
train_CD4 T_01010,CD4 T,train,GGGATGACAGCTCCGA-1,TAGTTGGGTTAAGATG-1
train_CD4 T_01011,CD4 T,train,GGGATGAAGTTCCACA-1,ATCTACTCATGTAGTC-1
train_CD4 T_01012,CD4 T,train,CTCCTAGCAAATACAG-1,GAACCTAAGTGGTCCC-1
train_CD4 T_01013,CD4 T,train,GATGCTACAAGCGTAG-1,TGCACCTGTCATATGC-1
train_CD4 T_01014,CD4 T,train,GCAGTTAGTCCAGTAT-1,ACATGGTAGTACTTGC-1
train_CD4 T_01015,CD4 T,train,GTGCGGTAGTCATCCA-1,AGCTCCTTCATGTCCC-1
train_CD4 T_01016,CD4 T,train,GACTAACCAGATTGCT-1,TTGTAGGCATATACCG-1
train_CD4 T_01017,CD4 T,train,CCAGCGAGTTCGTGAT-1,ACGATACCAAATTGCC-1
train_CD4 T_01018,CD4 T,train,AGCTCCTTCCTGCAGG-1,AACTCAGCACCAGTTA-1
train_CD4 T_01019,CD4 T,train,CACACAATCCATGAGT-1,CCAATCCAGTTGCAGG-1
train_CD4 T_01020,CD4 T,train,CCGTACTCAACGCACC-1,CAACCTCAGATATGGT-1
train_CD4 T_01021,CD4 T,train,GTACGTAAGTGGGTTG-1,AAGTCTGAGACTAAGT-1
train_CD4 T_01022,CD4 T,train,AGGCCGTAGCTACCGC-1,GTTTCTACAGGGTTAG-1
train_CD4 T_01023,CD4 T,train,GACCTGGAGATCGGGT-1,TGCTGCTAGAAGGTTT-1
train_CD4 T_01024,CD4 T,train,AACGTTGCACCGGAAA-1,AGGCCGTCAGCGTCCA-1
train_CD4 T_01025,CD4 T,train,GTACTTTTCTGGGCCA-1,TGGCTGGCATGTAAGA-1
train_CD4 T_01026,CD4 T,train,ATTACTCTCATCGATG-1,GATGCTATCTATGTGG-1
train_CD4 T_01027,CD4 T,train,ACGATGTAGAATGTTG-1,TGTCCCACAGCGATCC-1
train_CD4 T_01028,CD4 T,train,GACTAACAGACGACGT-1,TGAGAGGCAGGCTGAA-1
train_CD4 T_01029,CD4 T,train,CGGTTAATCCAAATGC-1,TGCACCTGTCATATGC-1
train_CD4 T_01030,CD4 T,train,GAGGTGAAGCAGCCTC-1,TTTATGCGTATGAAAC-1
train_CD4 T_01031,CD4 T,train,GATCGCGCACTATCTT-1,TTGTAGGCATATACCG-1
train_CD4 T_01032,CD4 T,train,GTAGGCCCAAATACAG-1,CATGCCTTCTTACCGC-1
train_CD4 T_01033,CD4 T,train,GCTGGGTAGTGAAGTT-1,TTGGAACGTCTCGTTC-1
train_CD4 T_01034,CD4 T,train,TACTCATCAAGAAAGG-1,CCCTCCTAGGAGTAGA-1
train_CD4 T_01035,CD4 T,train,ACCCACTCACCCAGTG-1,ACTATCTTCACAGTAC-1
train_CD4 T_01036,CD4 T,train,CACCACTTCATGCATG-1,AGGTCATAGACAAAGG-1
train_CD4 T_01037,CD4 T,train,GAACCTACAAGGCTCC-1,TACAGTGAGGCTCATT-1
train_CD4 T_01038,CD4 T,train,TGGCCAGAGCGTAATA-1,AGGTCATAGACAAAGG-1
train_CD4 T_01039,CD4 T,train,CATATGGTCATGCATG-1,GAACATCTCAGTCAGT-1
train_CD4 T_01040,CD4 T,train,TCATTACAGACACGAC-1,ACATACGTCTACTATC-1
train_CD4 T_01041,CD4 T,train,CTGGTCTGTACCAGTT-1,ACATACGTCACCATAG-1
train_CD4 T_01042,CD4 T,train,CTGGTCTGTACCAGTT-1,GTGAAGGCACAGTCGC-1
train_CD4 T_01043,CD4 T,train,CTGATCCTCACTTATC-1,TCAATCTGTAGAGCTG-1
train_CD4 T_01044,CD4 T,train,ATAGACCGTCTCACCT-1,CGGACACAGGTGACCA-1
train_CD4 T_01045,CD4 T,train,CTTTGCGGTGGTACAG-1,GTACTTTGTACCGCTG-1
train_CD4 T_01046,CD4 T,train,ACATGGTTCATACGGT-1,GTTCGGGCAGCTATTG-1
train_CD4 T_01047,CD4 T,train,GAGCAGAAGGATCGCA-1,GACCTGGGTAATCGTC-1
train_CD4 T_01048,CD4 T,train,TGAGGGAAGGACATTA-1,TGGCCAGGTTCCTCCA-1
train_CD4 T_01049,CD4 T,train,CTACGTCCACGACTCG-1,ACTGAACCATGAACCT-1
train_CD4 T_01050,CD4 T,train,ATTACTCTCATCGATG-1,GTGCATATCCGCATAA-1
train_CD4 T_01051,CD4 T,train,GCGGGTTTCTTGTTTG-1,CATTCGCCAAGCCATT-1
train_CD4 T_01052,CD4 T,train,GTGCGGTAGGCGCTCT-1,AGGCCACGTGGAAAGA-1
train_CD4 T_01053,CD4 T,train,AGTGAGGAGGTAGCTG-1,TGCACCTAGGTGTGGT-1
train_CD4 T_01054,CD4 T,train,CCACTACCAGTGACAG-1,TGGCTGGCACAGCCCA-1
train_CD4 T_01055,CD4 T,train,CAAGGCCAGTACGCGA-1,CTGTTTAGTCATACTG-1
train_CD4 T_01056,CD4 T,train,CGAGCACTCACAAACC-1,CATGACAAGCGATAGC-1
train_CD4 T_01057,CD4 T,train,CGACCTTCAATGGAAT-1,AGCCTAATCTAACCGA-1
train_CD4 T_01058,CD4 T,train,AGGTCCGAGGCTCATT-1,ATCATCTAGTGTGGCA-1
train_CD4 T_01059,CD4 T,train,CGAATGTTCCAGATCA-1,AGCAGCCCAGCTGGCT-1
train_CD4 T_01060,CD4 T,train,CTCTGGTTCCTCTAGC-1,TACTTGTGTACTTGAC-1
train_CD4 T_01061,CD4 T,train,TGCGCAGCAATCAGAA-1,CTCGGAGTCGTACGGC-1
train_CD4 T_01062,CD4 T,train,GCATGATTCCTGTACC-1,GGAGCAAGTGCGCTTG-1
train_CD4 T_01063,CD4 T,train,CATTCGCAGATCGGGT-1,GTTTCTAGTGAGGCTA-1
train_CD4 T_01064,CD4 T,train,ACCTTTAAGCAGCGTA-1,AGGCCGTCACAAGCCC-1
train_CD4 T_01065,CD4 T,train,TGACGGCTCTCCGGTT-1,AACTCAGCACCAGTTA-1
train_CD4 T_01066,CD4 T,train,CAGTCCTTCCTGCCAT-1,GCGACCAAGTTCGATC-1
train_CD4 T_01067,CD4 T,train,GTGCAGCCAGGAACGT-1,TGGCTGGCACAGCCCA-1
train_CD4 T_01068,CD4 T,train,CTTCTCTTCAGCTGGC-1,CGCTATCCAGATAATG-1
train_CD4 T_01069,CD4 T,train,CTTTGCGGTGGTACAG-1,CCATGTCTCACGACTA-1
train_CD4 T_01070,CD4 T,train,GTGCGGTAGGCGCTCT-1,TGTCCCACAGCGATCC-1
train_CD4 T_01071,CD4 T,train,TACTCATCAAGAAAGG-1,TGCGGGTGTGACTCAT-1
train_CD4 T_01072,CD4 T,train,ATAAGAGTCGCAAGCC-1,GGCGACTAGAGTGACC-1
train_CD4 T_01073,CD4 T,train,CAGTCCTTCCTGCCAT-1,GTAGGCCGTGGTCTCG-1
train_CD4 T_01074,CD4 T,train,ACTGCTCGTGCAGGTA-1,GACAGAGTCAGAGGTG-1
train_CD4 T_01075,CD4 T,train,ACACCAAGTTTCGCTC-1,GTAGTCAAGAGGTACC-1
train_CD4 T_01076,CD4 T,train,CATGGCGGTTGTACAC-1,TGGCTGGCATGTAAGA-1
train_CD4 T_01077,CD4 T,train,CAAGTTGGTTCCCGAG-1,CAACCTCTCAGAGACG-1
train_CD4 T_01078,CD4 T,train,GCAGTTAGTCCAGTAT-1,CGCCAAGGTGAAAGAG-1
train_CD4 T_01079,CD4 T,train,AAGGTTCAGTGCCATT-1,TTTATGCGTATGAAAC-1
train_CD4 T_01080,CD4 T,train,CTACACCAGCCAGAAC-1,AGTGGGATCTTATCTG-1
train_CD4 T_01081,CD4 T,train,CAAGATCAGGGTATCG-1,AGCCTAATCGAGAGCA-1
train_CD4 T_01082,CD4 T,train,AGCAGCCTCGGTCTAA-1,CTCTAATTCAAACGGG-1
train_CD4 T_01083,CD4 T,train,CTGTTTAAGCACGCCT-1,GATGCTATCTATGTGG-1
train_CD4 T_01084,CD4 T,train,CTCTGGTTCCTCTAGC-1,CGGACGTCACTCAGGC-1
train_CD4 T_01085,CD4 T,train,ATAAGAGTCGCAAGCC-1,CGGCTAGAGCCAGTAG-1
train_CD4 T_01086,CD4 T,train,AGTGGGATCCAGATCA-1,GCGACCAAGTTCGATC-1
train_CD4 T_01087,CD4 T,train,AGCTCTCGTACCGTTA-1,ACACCAACATGGTAGG-1
train_CD4 T_01088,CD4 T,train,ACACCAAAGGCTCAGA-1,GATGCTATCTATGTGG-1
train_CD4 T_01089,CD4 T,train,GGGAATGTCGTAGATC-1,CATCCACAGGGTGTGT-1
train_CD4 T_01090,CD4 T,train,GGATGTTCAGGGTTAG-1,CTCACACGTGTGAATA-1
train_CD4 T_01091,CD4 T,train,AACTCTTGTTACTGAC-1,GTTTCTAGTGAGGCTA-1
train_CD4 T_01092,CD4 T,train,TGCCAAATCCCAACGG-1,CGATTGACAGTACACT-1
train_CD4 T_01093,CD4 T,train,ATGAGGGGTGAAGGCT-1,TGGCTGGCACAGCCCA-1
train_CD4 T_01094,CD4 T,train,TCATTACAGACACGAC-1,CATGACAAGCGATAGC-1
train_CD4 T_01095,CD4 T,train,AACTTTCCACGTCAGC-1,TTCTCAACAGTATGCT-1
train_CD4 T_01096,CD4 T,train,TGACGGCTCTCCGGTT-1,GTCTCGTCATGCCTAA-1
train_CD4 T_01097,CD4 T,train,CCTACACTCCTGTAGA-1,CGGACGTCACTCAGGC-1
train_CD4 T_01098,CD4 T,train,TCAGGTATCAGTTTGG-1,GATCGATGTGGTAACG-1
train_CD4 T_01099,CD4 T,train,TTGTAGGCAGCTGTAT-1,ATTGGACCACATCCGG-1
train_CD4 T_01100,CD4 T,train,GCAATCATCCTTTACA-1,GGAATAAGTAGGAGTC-1
train_CD4 T_01101,CD4 T,train,ATAACGCTCTGGTGTA-1,GAACCTATCGTAGGAG-1
train_CD4 T_01102,CD4 T,train,CGAACATGTATTCGTG-1,ACTATCTGTTGTACAC-1
train_CD4 T_01103,CD4 T,train,CAGGTGCGTAGCGCTC-1,ACGCCGAGTGCGATAG-1
train_CD4 T_01104,CD4 T,train,TAAACCGCAGGGTATG-1,CATTCGCAGGAGCGAG-1
train_CD4 T_01105,CD4 T,train,AGAGCTTAGGGTCTCC-1,AGCAGCCCAGCTGGCT-1
train_CD4 T_01106,CD4 T,train,CGATGTACATAGAAAC-1,AGCAGCCCAGCTGGCT-1
train_CD4 T_01107,CD4 T,train,TGCCCATAGTGCCAGA-1,GCATACAGTGTGGTTT-1
train_CD4 T_01108,CD4 T,train,ACGCCAGCAGTTAACC-1,GGACATTTCGGAAACG-1
train_CD4 T_01109,CD4 T,train,AAGGTTCAGTGCCATT-1,CCTAGCTCACGAAACG-1
train_CD4 T_01110,CD4 T,train,CTTAACTAGGGAGTAA-1,GGTGAAGAGGCTCTTA-1
train_CD4 T_01111,CD4 T,train,CTGATCCTCACTTATC-1,GAACCTAAGTGGTCCC-1
train_CD4 T_01112,CD4 T,train,GCGGGTTTCCTTTCGG-1,TGCGGGTGTGACTCAT-1
train_CD4 T_01113,CD4 T,train,GTTAAGCTCGCATGGC-1,ACATACGTCACCATAG-1
train_CD4 T_01114,CD4 T,train,GGACAGACACCCAGTG-1,TTATGCTAGGACACCA-1
train_CD4 T_01115,CD4 T,train,TCGAGGCCACGGTAGA-1,TATTACCCAAGTAATG-1
train_CD4 T_01116,CD4 T,train,CGTTAGATCATACGGT-1,CGGACACAGGTGACCA-1
train_CD4 T_01117,CD4 T,train,AGCATACCAAGTTAAG-1,CTCGGAGGTAGCGTAG-1
train_CD4 T_01118,CD4 T,train,AGGTCATAGAATGTGT-1,CTCTGGTGTGGTAACG-1
train_CD4 T_01119,CD4 T,train,TTGCGTCCATTGGGCC-1,TACTTGTGTACTTGAC-1
train_CD4 T_01120,CD4 T,train,CAGCAGCGTTCTGAAC-1,GCGCAGTGTCACCCAG-1
train_CD4 T_01121,CD4 T,train,GCTGCAGCAAGCTGGA-1,GATGCTATCTATGTGG-1
train_CD4 T_01122,CD4 T,train,GATCGCGCACTATCTT-1,TTCTCAACAGTATGCT-1
train_CD4 T_01123,CD4 T,train,AAGACCTAGGCATGGT-1,GTGTTAGAGACCTAGG-1
train_CD4 T_01124,CD4 T,train,AGTGTCAGTCTTGTCC-1,AGCCTAATCGAGAGCA-1
train_CD4 T_01125,CD4 T,train,TGACTTTCACCGGAAA-1,TTTCCTCTCCTGTAGA-1
train_CD4 T_01126,CD4 T,train,GACTGCGAGCGTAATA-1,CTTTGCGAGGCAAAGA-1
train_CD4 T_01127,CD4 T,train,GTAGGCCCAAATACAG-1,TGTCCCACAGCGATCC-1
train_CD4 T_01128,CD4 T,train,AAGGAGCTCAGCATGT-1,CCTTTCTGTTAAGTAG-1
train_CD4 T_01129,CD4 T,train,CGGCTAGGTTCTGAAC-1,GTAACTGTCCGAATGT-1
train_CD4 T_01130,CD4 T,train,GTTAAGCAGGACGAAA-1,GGTGAAGAGGCTCTTA-1
train_CD4 T_01131,CD4 T,train,GCTGGGTAGTGAAGTT-1,TTTGCGCGTGGACGAT-1
train_CD4 T_01132,CD4 T,train,GCATGATTCCTGTACC-1,GGAATAAAGGGTGTGT-1
train_CD4 T_01133,CD4 T,train,CCTAGCTCAGGTCTCG-1,ACGAGCCCACCCATGG-1
train_CD4 T_01134,CD4 T,train,CTCGAGGGTTTACTCT-1,GAACCTAAGTGGTCCC-1
train_CD4 T_01135,CD4 T,train,TCAACGACACCCAGTG-1,ATCATCTAGTGTGGCA-1
train_CD4 T_01136,CD4 T,train,CGATCGGGTTCAGACT-1,ACACCAACATGGTAGG-1
train_CD4 T_01137,CD4 T,train,AGCATACTCAGCAACT-1,TCAGATGTCTCGCATC-1
train_CD4 T_01138,CD4 T,train,AAGCCGCCAGATCGGA-1,TAGACCACACCGCTAG-1
train_CD4 T_01139,CD4 T,train,CCTACACCAAACAACA-1,TCACAAGGTCACCCAG-1
train_CD4 T_01140,CD4 T,train,AGCATACTCCATGAAC-1,CTCGGAGTCTGGAGCC-1
train_CD4 T_01141,CD4 T,train,GAGGTGAAGGACCACA-1,CTTTGCGAGGCAAAGA-1
train_CD4 T_01142,CD4 T,train,GGAACTTTCGAGAGCA-1,ATCTACTCATGTAGTC-1
train_CD4 T_01143,CD4 T,train,GGTGAAGTCTGCCAGG-1,AGAATAGCACATGGGA-1
train_CD4 T_01144,CD4 T,train,GCGCCAACACGTGAGA-1,CGTCTACCATCACCCT-1
train_CD4 T_01145,CD4 T,train,AGAGCTTAGGACAGCT-1,ACCCACTCACGTCTCT-1
train_CD4 T_01146,CD4 T,train,AACTGGTAGATAGGAG-1,TTCTACATCATGTAGC-1
train_CD4 T_01147,CD4 T,train,CGATGTACATAGAAAC-1,CGATTGACAGTACACT-1
train_CD4 T_01148,CD4 T,train,TCAATCTAGCAAATCA-1,AGGGATGCAAACCTAC-1
train_CD4 T_01149,CD4 T,train,CTAGTGAGTCATATCG-1,AATCCAGCAGATGGCA-1
train_CD4 T_01150,CD4 T,train,GGTGAAGTCTGCCAGG-1,CGATGGCCACTTGGAT-1
train_CD4 T_01151,CD4 T,train,GTGCGGTAGTCATCCA-1,TTAGGCATCTTGGGTA-1
train_CD4 T_01152,CD4 T,train,AGCTCCTTCCTGCAGG-1,CTCTGGTGTGGTAACG-1
train_CD4 T_01153,CD4 T,train,AGCTCTCGTACCGTTA-1,GGCTCGATCGGCTTGG-1
train_CD4 T_01154,CD4 T,train,TTAGGCAGTGTCGCTG-1,ATTGGACCACATCCGG-1
train_CD4 T_01155,CD4 T,train,TAGGCATTCATCTGCC-1,TGCGGGTGTGACTCAT-1
train_CD4 T_01156,CD4 T,train,CCAATCCGTACCGGCT-1,TTAGGCATCTTGGGTA-1
train_CD4 T_01157,CD4 T,train,CTGTGCTAGTGATCGG-1,CTGCTGTCACGTCTCT-1
train_CD4 T_01158,CD4 T,train,TTATGCTGTCTGCGGT-1,CGGCTAGAGCCAGTAG-1
train_CD4 T_01159,CD4 T,train,GATCGCGCACTATCTT-1,GTACTTTGTACCGCTG-1
train_CD4 T_01160,CD4 T,train,AAGGAGCTCAGCATGT-1,ATCATCTCAGGCGATA-1
train_CD4 T_01161,CD4 T,train,ACCCACTCACCCAGTG-1,ATCTACTCATGTAGTC-1
train_CD4 T_01162,CD4 T,train,GTATCTTAGTTTAGGA-1,CTTTGCGAGGCAAAGA-1
train_CD4 T_01163,CD4 T,train,TGACGGCAGATCCCGC-1,TTGCCGTTCAGTTAGC-1
train_CD4 T_01164,CD4 T,train,CATTCGCCAGGCGATA-1,GGACATTTCGGAAACG-1
train_CD4 T_01165,CD4 T,train,CCAGCGAGTTCGTGAT-1,AACTGGTTCCTTGACC-1
train_CD4 T_01166,CD4 T,train,GACCTGGTCATATCGG-1,GAAATGACAGCTGTGC-1
train_CD4 T_01167,CD4 T,train,CGATGGCGTTAAGACA-1,TTATGCTAGGACACCA-1
train_CD4 T_01168,CD4 T,train,CATTCGCGTAGTACCT-1,GACTACAAGGCTATCT-1
train_CD4 T_01169,CD4 T,train,TGGGCGTCAAAGTCAA-1,GGCTGGTGTCAGATAA-1
train_CD4 T_01170,CD4 T,train,GCATGTAAGATGTAAC-1,CTCGGAGTCTGGAGCC-1
train_CD4 T_01171,CD4 T,train,CTGCTGTCATATGCTG-1,CCGTACTTCACCTTAT-1
train_CD4 T_01172,CD4 T,train,CACCACTTCATGCATG-1,TACGGGCAGACAAAGG-1
train_CD4 T_01173,CD4 T,train,CGAACATTCAGCTTAG-1,ACATACGAGGCTAGAC-1
train_CD4 T_01174,CD4 T,train,TCATTACAGACACGAC-1,TGGCTGGCAGCGAACA-1
train_CD4 T_01175,CD4 T,train,AACTCTTGTTACTGAC-1,TCACGAACATGGTTGT-1
train_CD4 T_01176,CD4 T,train,CGGGTCAGTCTAGGTT-1,GCAAACTTCCTCTAGC-1
train_CD4 T_01177,CD4 T,train,GGTGCGTCAGCGAACA-1,GACAGAGGTCATGCCG-1
train_CD4 T_01178,CD4 T,train,CGACCTTTCCTTTACA-1,TTTGGTTGTAATAGCA-1
train_CD4 T_01179,CD4 T,train,CTCAGAAAGTTATCGC-1,GTAGGCCGTGGTCTCG-1
train_CD4 T_01180,CD4 T,train,AAGGCAGTCGTTTAGG-1,AACCGCGAGGCCCTCA-1
train_CD4 T_01181,CD4 T,train,CATTCGCCAGGCGATA-1,CTAATGGTCTCCAGGG-1
train_CD4 T_01182,CD4 T,train,GTCACGGGTACCGCTG-1,CTTTGCGAGGCAAAGA-1
train_CD4 T_01183,CD4 T,train,CACACAATCCATGAGT-1,AGGCCGTTCAGCTCGG-1
train_CD4 T_01184,CD4 T,train,CACCAGGGTATGCTTG-1,CTGCTGTCACGTCTCT-1
train_CD4 T_01185,CD4 T,train,ACGGAGACACATTCGA-1,GACAGAGTCACGATGT-1
train_CD4 T_01186,CD4 T,train,TTCTACATCCTTTCTC-1,GTTACAGTCTCTAGGA-1
train_CD4 T_01187,CD4 T,train,ACGCCAGCAGTTAACC-1,TAAGAGATCACTTATC-1
train_CD4 T_01188,CD4 T,train,TGAGGGAAGGACATTA-1,CTGCTGTCACGTCTCT-1
train_CD4 T_01189,CD4 T,train,GGACAAGTCGGACAAG-1,GACGGCTCACTGAAGG-1
train_CD4 T_01190,CD4 T,train,GGCCGATCAAGCCGTC-1,TCTATTGTCAAACCAC-1
train_CD4 T_01191,CD4 T,train,TTGCGTCCATTGGGCC-1,CGATGGCCACTTGGAT-1
train_CD4 T_01192,CD4 T,train,GGAGCAACAGTCCTTC-1,TGCGGGTAGTTAAGTG-1
train_CD4 T_01193,CD4 T,train,AGAGCTTAGGACAGCT-1,GGTATTGAGGGAGTAA-1
train_CD4 T_01194,CD4 T,train,CAGTAACAGCGTCAAG-1,TTTGCGCAGTACCGGA-1
train_CD4 T_01195,CD4 T,train,AACTTTCCACGTCAGC-1,GTAGGCCAGTACACCT-1
train_CD4 T_01196,CD4 T,train,TATCAGGCACAGGCCT-1,GAACATCGTTCACCTC-1
train_CD4 T_01197,CD4 T,train,AACTGGTTCGGCGCAT-1,AATCCAGCAGATGGCA-1
train_CD4 T_01198,CD4 T,train,CCGTACTCAACGCACC-1,AGAATAGCACATGGGA-1
train_CD4 T_01199,CD4 T,train,CGAATGTCATATGGTC-1,GTAGGCCAGTACACCT-1
train_CD4 T_01200,CD4 T,train,CGGCTAGTCAGCGACC-1,CTAGTGAAGCGTAATA-1
train_CD4 T_01201,CD4 T,train,ACGATGTAGAATGTTG-1,AGCTCCTTCATGTCCC-1
train_CD4 T_01202,CD4 T,train,CGGTTAAAGCAGACTG-1,CGGACACAGGTGACCA-1
train_CD4 T_01203,CD4 T,train,AGGTCATAGCTGATAA-1,ACATACGTCACCATAG-1
train_CD4 T_01204,CD4 T,train,CGATGGCCAAAGGTGC-1,CATCCACAGGGTGTGT-1
train_CD4 T_01205,CD4 T,train,CGAACATGTATTCGTG-1,GACAGAGTCACGATGT-1
train_CD4 T_01206,CD4 T,train,AAGACCTAGGCATGGT-1,GAACCTAAGTGGTCCC-1
train_CD4 T_01207,CD4 T,train,CGGCTAGGTTCTGAAC-1,ACGGGTCCAATGTAAG-1
train_CD4 T_01208,CD4 T,train,ATTACTCTCATCGATG-1,TAAGCGTAGCCACTAT-1
train_CD4 T_01209,CD4 T,train,GACTAACAGACGACGT-1,AGCTCCTTCATGTCCC-1
train_CD4 T_01210,CD4 T,train,GCATGTATCAAGAAGT-1,GAACATCTCCTTTCTC-1
train_CD4 T_01211,CD4 T,train,GTCTTCGAGTTCGCAT-1,GACAGAGTCACGATGT-1
train_CD4 T_01212,CD4 T,train,AGCTCCTTCCTGCAGG-1,TTGGAACGTCTCGTTC-1
train_CD4 T_01213,CD4 T,train,CGAGCACTCACAAACC-1,GTATTCTAGCCGATTT-1
train_CD4 T_01214,CD4 T,train,GGGTTGCCAAGCGAGT-1,GTCTCGTCATGCCTAA-1
train_CD4 T_01215,CD4 T,train,TACGGTATCATCATTC-1,GCATGCGCAGTATCTG-1
train_CD4 T_01216,CD4 T,train,CGAATGTTCCAGATCA-1,TTTCCTCTCCTGTAGA-1
train_CD4 T_01217,CD4 T,train,CATGGCGAGATGCCAG-1,ACACCAACATGGTAGG-1
train_CD4 T_01218,CD4 T,train,TCCACACGTTCCACAA-1,GGCTCGATCGGCTTGG-1
train_CD4 T_01219,CD4 T,train,GAGGTGATCTCGTATT-1,TGCACCTGTCATATGC-1
train_CD4 T_01220,CD4 T,train,GTGCGGTAGGCGCTCT-1,CTCGGAGTCGTACGGC-1
train_CD4 T_01221,CD4 T,train,AGAGTGGGTCTAAAGA-1,TTGCCGTTCAGTTAGC-1
train_CD4 T_01222,CD4 T,train,AGCATACCAAGTTAAG-1,CTAATGGAGACTTTCG-1
train_CD4 T_01223,CD4 T,train,CTCGAGGGTTTACTCT-1,ATTGGACCACATCCGG-1
train_CD4 T_01224,CD4 T,train,GACCTGGTCATATCGG-1,AGTGGGATCTTATCTG-1
train_CD4 T_01225,CD4 T,train,GGTGAAGTCTGCCAGG-1,AGTTGGTCAGGTCTCG-1
train_CD4 T_01226,CD4 T,train,GGAGCAACAGTCCTTC-1,AGGGATGCAAACCTAC-1
train_CD4 T_01227,CD4 T,train,CATGACAGTAGCTTGT-1,CTGCTGTCACGTCTCT-1
train_CD4 T_01228,CD4 T,train,ATCCGAAGTGCCTGTG-1,TAAGAGATCACTTATC-1
train_CD4 T_01229,CD4 T,train,CAGAGAGAGAACTGTA-1,ATTATCCGTCCAAGTT-1
train_CD4 T_01230,CD4 T,train,ATGCGATGTCCTAGCG-1,GTCTCGTCATGCCTAA-1
train_CD4 T_01231,CD4 T,train,AACTCTTGTTACTGAC-1,CCCTCCTAGAGTACAT-1
train_CD4 T_01232,CD4 T,train,GATCTAGAGTTCGATC-1,GACCTGGGTAATCGTC-1
train_CD4 T_01233,CD4 T,train,CGAACATCAAGCCGCT-1,CTCGGAGTCTGGAGCC-1
train_CD4 T_01234,CD4 T,train,CTAGAGTTCTACTCAT-1,AAATGCCAGCCACGCT-1
train_CD4 T_01235,CD4 T,train,GTAACGTCATAGAAAC-1,TACTCATTCGACGGAA-1
train_CD4 T_01236,CD4 T,train,AAAGATGCAGCTTAAC-1,ACATACGAGGCTAGAC-1
train_CD4 T_01237,CD4 T,train,GATTCAGCAGTAGAGC-1,TAAGTGCGTGGTACAG-1
train_CD4 T_01238,CD4 T,train,GTTAAGCAGGACGAAA-1,CTCTAATTCAAACGGG-1
train_CD4 T_01239,CD4 T,train,GGTGCGTCAGCGAACA-1,GCTTGAATCTGCCAGG-1
train_CD4 T_01240,CD4 T,train,GGACAGACACCCAGTG-1,CGCGGTAGTCAAAGAT-1
train_CD4 T_01241,CD4 T,train,CTGGTCTGTACCAGTT-1,TGGCCAGGTTCCTCCA-1
train_CD4 T_01242,CD4 T,train,GTATCTTAGTTTAGGA-1,GCATGCGCAGTATCTG-1
train_CD4 T_01243,CD4 T,train,TGGGCGTCAAAGTCAA-1,CTGTTTAGTCATACTG-1
train_CD4 T_01244,CD4 T,train,GTCATTTAGTCTCCTC-1,GATGCTATCTATGTGG-1
train_CD4 T_01245,CD4 T,train,CCATTCGTCGTCTGCT-1,TAGTTGGGTTAAGATG-1
train_CD4 T_01246,CD4 T,train,AGTGAGGAGGTAGCTG-1,GTATCTTCAGCCTTTC-1
train_CD4 T_01247,CD4 T,train,CAGTAACAGCGTCAAG-1,ACGATACCAAATTGCC-1
train_CD4 T_01248,CD4 T,train,CCACGGATCTAAGCCA-1,ACATACGTCTACTATC-1
train_CD4 T_01249,CD4 T,train,TCATTTGCAGCTCGCA-1,TGTCCCACAGCGATCC-1
train_CD4 T_01250,CD4 T,train,AACTCTTGTTACTGAC-1,GACTACAAGTGGGTTG-1
train_CD4 T_01251,CD4 T,train,AGCATACTCCATGAAC-1,AGCAGCCCAGCTGGCT-1
train_CD4 T_01252,CD4 T,train,TGCGCAGCAATCAGAA-1,GACGGCTAGGCGTACA-1
train_CD4 T_01253,CD4 T,train,CCGTACTGTAAATGTG-1,ACATACGTCTACTATC-1
train_CD4 T_01254,CD4 T,train,CCGTGGAGTACCGTTA-1,CAAGTTGGTAACGCGA-1
train_CD4 T_01255,CD4 T,train,TTGAACGAGGCTCTTA-1,TTTCCTCCAAGGTTCT-1
train_CD4 T_01256,CD4 T,train,CGTCTACCACTTGGAT-1,ACGGGTCAGCTCAACT-1
train_CD4 T_01257,CD4 T,train,TGCGTGGGTACCAGTT-1,TTCTACATCATGTAGC-1
train_CD4 T_01258,CD4 T,train,GACAGAGGTCTTGATG-1,GTATTCTAGCCGATTT-1
train_CD4 T_01259,CD4 T,train,CGATGGCTCGAGCCCA-1,GAACATCTCAGTCAGT-1
train_CD4 T_01260,CD4 T,train,ACATGGTTCATACGGT-1,GGCGACTAGAGTGACC-1
train_CD4 T_01261,CD4 T,train,CGGACTGGTTAAGACA-1,CATCCACAGGGTGTGT-1
train_CD4 T_01262,CD4 T,train,GGCCGATGTTCCAACA-1,AGGCCGTCAGCGTCCA-1
train_CD4 T_01263,CD4 T,train,TACAGTGTCCTCATTA-1,GGCTGGTGTCAGATAA-1
train_CD4 T_01264,CD4 T,train,CTAGTGAGTCATATCG-1,TATGCCCCAAGCCGCT-1
train_CD4 T_01265,CD4 T,train,CCTAGCTAGATGGGTC-1,ACATGGTAGTACTTGC-1
train_CD4 T_01266,CD4 T,train,AGGTCATAGAATGTGT-1,CTCATTAAGGGTCGAT-1
train_CD4 T_01267,CD4 T,train,AACGTTGCACCGGAAA-1,ATCCGAACACTTGGAT-1
train_CD4 T_01268,CD4 T,train,AGCGGTCGTATGCTTG-1,TGGCTGGCAGCGAACA-1
train_CD4 T_01269,CD4 T,train,AGGTCATAGCTGATAA-1,CTGGTCTAGGACGAAA-1
train_CD4 T_01270,CD4 T,train,CAGTCCTTCCTGCCAT-1,ACGATACCAAATTGCC-1
train_CD4 T_01271,CD4 T,train,TTAGGACCATCCTTGC-1,CCGGTAGTCGTGGTCG-1
train_CD4 T_01272,CD4 T,train,AACTGGTAGATAGGAG-1,TGCGTGGCAATGGAAT-1
train_CD4 T_01273,CD4 T,train,TATTACCCAAAGGAAG-1,TTGCCGTTCAGTTAGC-1
train_CD4 T_01274,CD4 T,train,GACGTGCAGCTGATAA-1,GTCACGGAGGTACTCT-1
train_CD4 T_01275,CD4 T,train,TATCAGGCACAGGCCT-1,GTAGGCCAGTACACCT-1
train_CD4 T_01276,CD4 T,train,GGCTCGAAGTGAATTG-1,GGACATTTCCACTCCA-1
train_CD4 T_01277,CD4 T,train,GGATGTTCAGGGTTAG-1,ACATACGTCACCATAG-1
train_CD4 T_01278,CD4 T,train,TGACAACGTGACTACT-1,CGGACGTCACTCAGGC-1
train_CD4 T_01279,CD4 T,train,CACATAGCACGACTCG-1,TTTGGTTGTAATAGCA-1
train_CD4 T_01280,CD4 T,train,CGGACTGGTTAAGACA-1,TCATTACAGTAGGTGC-1
train_CD4 T_01281,CD4 T,train,GCACTCTGTTTCCACC-1,TCACGAACATGGTTGT-1
train_CD4 T_01282,CD4 T,train,TGACTTTCACCGGAAA-1,TGGCTGGCATGTAAGA-1
train_CD4 T_01283,CD4 T,train,TGTGGTAAGGGAACGG-1,TAAGAGATCACTTATC-1
train_CD4 T_01284,CD4 T,train,CACAAACGTGCACTTA-1,CTAGTGAAGCGTAATA-1
train_CD4 T_01285,CD4 T,train,GATCAGTGTCTGCCAG-1,CAGTCCTGTAAATACG-1
train_CD4 T_01286,CD4 T,train,TGACGGCTCTCCGGTT-1,GGTGAAGAGGCTCTTA-1
train_CD4 T_01287,CD4 T,train,CACATTTAGCTGTTCA-1,TGAGAGGCAGGCTGAA-1
train_CD4 T_01288,CD4 T,train,TCGCGAGAGTAGGCCA-1,TGCGGGTAGTTAAGTG-1
train_CD4 T_01289,CD4 T,train,CATGGCGAGATGCCAG-1,AGCCTAATCTAACCGA-1
train_CD4 T_01290,CD4 T,train,TCATTACAGCTCCTTC-1,ATTATCCGTCCAAGTT-1
train_CD4 T_01291,CD4 T,train,CATGGCGTCACGCATA-1,GATGCTATCTATGTGG-1
train_CD4 T_01292,CD4 T,train,AACGTTGCATGTAGTC-1,TCACAAGGTCACCCAG-1
train_CD4 T_01293,CD4 T,train,TGACGGCAGATCCCGC-1,GGGCATCTCATGCTCC-1
train_CD4 T_01294,CD4 T,train,TAGTGGTGTAGATTAG-1,CGAGCCATCGGGAGTA-1
train_CD4 T_01295,CD4 T,train,AAACCTGCATTATCTC-1,ATGCGATGTCGCGTGT-1
train_CD4 T_01296,CD4 T,train,GTCACGGGTACCGCTG-1,AAACGGGAGAGACTAT-1
train_CD4 T_01297,CD4 T,train,GTATTCTAGTGAACAT-1,GACTACAAGTGGGTTG-1
train_CD4 T_01298,CD4 T,train,GACACGCAGGAGTCTG-1,TACCTATGTGTTTGGT-1
train_CD4 T_01299,CD4 T,train,CGGTTAATCTTTCCTC-1,CCACGGAGTCCGACGT-1
train_CD4 T_01300,CD4 T,train,CGGTTAATCTTTCCTC-1,GGAGCAAGTGCGCTTG-1
train_CD4 T_01301,CD4 T,train,CAGAGAGAGAACTGTA-1,AGGTCATAGACAAAGG-1
train_CD4 T_01302,CD4 T,train,CATTCGCAGATCGGGT-1,TTGGAACGTCTCGTTC-1
train_CD4 T_01303,CD4 T,train,AGGGAGTAGTATGACA-1,AACTCAGCACCAGTTA-1
train_CD4 T_01304,CD4 T,train,CGAACATAGCTAGTTC-1,AAAGTAGGTTAAGATG-1
train_CD4 T_01305,CD4 T,train,TGCGTGGGTACCAGTT-1,TACAGTGAGGCTCATT-1
train_CD4 T_01306,CD4 T,train,GTCATTTTCACCGTAA-1,CTAGTGAAGCGTAATA-1
train_CD4 T_01307,CD4 T,train,CGAATGTTCCAGATCA-1,ACATACGTCACCCGAG-1
train_CD4 T_01308,CD4 T,train,AACTCTTTCCTCAACC-1,TAGTTGGGTTAAGATG-1
train_CD4 T_01309,CD4 T,train,TTTCCTCGTCTAAACC-1,AGGCCACGTGGAAAGA-1
train_CD4 T_01310,CD4 T,train,ACACTGATCTGGTTCC-1,TGGTTCCTCGGCTTGG-1
train_CD4 T_01311,CD4 T,train,CGTTAGATCTTCATGT-1,GACTACAAGGCTATCT-1
train_CD4 T_01312,CD4 T,train,AACTCTTAGAAACCAT-1,CAAGTTGGTAACGCGA-1
train_CD4 T_01313,CD4 T,train,TTATGCTGTGGCGAAT-1,GACCTGGGTAATCGTC-1
train_CD4 T_01314,CD4 T,train,TGCGCAGCAATCAGAA-1,TATTACCCAAGTAATG-1
train_CD4 T_01315,CD4 T,train,GACGTGCAGGCGCTCT-1,CTCGGAGGTAGCGTAG-1
train_CD4 T_01316,CD4 T,train,CTCTACGAGTGTGGCA-1,CTCGGAGTCGTACGGC-1
train_CD4 T_01317,CD4 T,train,CAGAGAGAGAACTGTA-1,CTGGTCTAGGACGAAA-1
train_CD4 T_01318,CD4 T,train,CAACCAAAGCTAGCCC-1,TACCTATGTGTTTGGT-1
train_CD4 T_01319,CD4 T,train,GTTCATTCACGGTGTC-1,TTCTCAACAGTATGCT-1
train_CD4 T_01320,CD4 T,train,AACTCTTAGAAACCAT-1,TAGTGGTGTAATCGTC-1
train_CD4 T_01321,CD4 T,train,CAGATCAAGAGGTTAT-1,GGCTCGATCGGCTTGG-1
train_CD4 T_01322,CD4 T,train,CTTAACTAGGGAGTAA-1,TCATTACAGTAGGTGC-1
train_CD4 T_01323,CD4 T,train,TACTCATCAAGAAAGG-1,TTCTCCTCAAAGAATC-1
train_CD4 T_01324,CD4 T,train,CCTAAAGTCCAAATGC-1,TCATTACAGTAGGTGC-1
train_CD4 T_01325,CD4 T,train,GCTGGGTAGTGAAGTT-1,CTAATGGTCTCCAGGG-1
train_CD4 T_01326,CD4 T,train,CGAACATTCAGCTTAG-1,GATGCTATCTATGTGG-1
train_CD4 T_01327,CD4 T,train,CATGGCGGTTGTACAC-1,GCTGGGTAGTGTACGG-1
train_CD4 T_01328,CD4 T,train,TGCTGCTGTCGACTAT-1,GATGCTATCTATGTGG-1
train_CD4 T_01329,CD4 T,train,GAACCTACAAGGCTCC-1,CCATGTCCAGTAAGAT-1
train_CD4 T_01330,CD4 T,train,GTTCATTCACGGTGTC-1,AAAGATGCAAACTGCT-1
train_CD4 T_01331,CD4 T,train,CGATGGCCAAAGGTGC-1,TAGTTGGGTTAAGATG-1
train_CD4 T_01332,CD4 T,train,AACTGGTTCGGCGCAT-1,GTTCGGGCAGCTATTG-1
train_CD4 T_01333,CD4 T,train,ACACTGAGTGACGCCT-1,GAACATCTCAGTCAGT-1
train_CD4 T_01334,CD4 T,train,CTACACCAGCCAGAAC-1,TACGGTAAGAGTACAT-1
train_CD4 T_01335,CD4 T,train,TTGGCAACAGCTTAAC-1,GACGGCTAGGCGTACA-1
train_CD4 T_01336,CD4 T,train,TGACGGCTCTCCGGTT-1,CGGAGTCGTCTTGCGG-1
train_CD4 T_01337,CD4 T,train,ACGCCAGCAGTTAACC-1,ATGCGATGTCGCGTGT-1
train_CD4 T_01338,CD4 T,train,AGCATACTCCATGAAC-1,CTAATGGTCTCCAGGG-1
train_CD4 T_01339,CD4 T,train,CTCGAAAAGCCAGGAT-1,CGATGGCCACTTGGAT-1
train_CD4 T_01340,CD4 T,train,TGACTTTCACCGGAAA-1,GAACCTATCGTAGGAG-1
train_CD4 T_01341,CD4 T,train,GTAGTCACATCTGGTA-1,CTCGGAGTCTGGAGCC-1
train_CD4 T_01342,CD4 T,train,ATGAGGGAGGTGCTAG-1,CGTTCTGAGAGGTAGA-1
train_CD4 T_01343,CD4 T,train,GTATTCTCATGTAGTC-1,GATGAGGGTCTGATCA-1
train_CD4 T_01344,CD4 T,train,GTATCTTAGTCCAGGA-1,GTAGGCCGTGGTCTCG-1
train_CD4 T_01345,CD4 T,train,CAGTCCTTCCTGCCAT-1,ATTGGTGGTTATCACG-1
train_CD4 T_01346,CD4 T,train,AACGTTGCATGTAGTC-1,TGCGGGTAGTTAAGTG-1
train_CD4 T_01347,CD4 T,train,GGATGTTCAGGGTTAG-1,CGCTATCCAGATAATG-1
train_CD4 T_01348,CD4 T,train,AACTCCCAGCCGCCTA-1,AATCCAGCAGATGGCA-1
train_CD4 T_01349,CD4 T,train,ATTTCTGTCATGTAGC-1,GGGTTGCGTTAAGACA-1
train_CD4 T_01350,CD4 T,train,AAAGATGGTGGCAAAC-1,TAGGCATTCTCTGCTG-1
train_CD4 T_01351,CD4 T,train,CTCTACGAGTGTGGCA-1,CTCATTAAGGGTCGAT-1
train_CD4 T_01352,CD4 T,train,ATGCGATGTCCTAGCG-1,GAAATGACAGCTGTGC-1
train_CD4 T_01353,CD4 T,train,CAGAATCCAACACCCG-1,CCTAGCTCACGAAACG-1
train_CD4 T_01354,CD4 T,train,CTCTACGAGTGTGGCA-1,CGGCTAGAGCCAGTAG-1
train_CD4 T_01355,CD4 T,train,GGCCGATCAAGCCGTC-1,TTGGCAAAGCGCTCCA-1
train_CD4 T_01356,CD4 T,train,GTGCAGCCAGGAACGT-1,AGGTCATAGACAAAGG-1
train_CD4 T_01357,CD4 T,train,CAAGGCCAGTACGCGA-1,CGGACGTCACTCAGGC-1
train_CD4 T_01358,CD4 T,train,GCTGGGTAGTGAAGTT-1,CGGAGTCGTCTTGCGG-1
train_CD4 T_01359,CD4 T,train,GGCCGATTCGGCTACG-1,ATTATCCGTCCAAGTT-1
train_CD4 T_01360,CD4 T,train,AAGACCTAGGCATGGT-1,TGAGAGGCAGGCTGAA-1
train_CD4 T_01361,CD4 T,train,GATGCTACAAGCGTAG-1,GTCTTCGAGCGTCTAT-1
train_CD4 T_01362,CD4 T,train,ACTGCTCGTGCAGGTA-1,CTCGGAGGTAGCGTAG-1
train_CD4 T_01363,CD4 T,train,CATGGCGAGTTTAGGA-1,CGTTCTGAGAGGTAGA-1
train_CD4 T_01364,CD4 T,train,ACCTTTAAGCAGCGTA-1,AGGTCATAGACAAAGG-1
train_CD4 T_01365,CD4 T,train,ATTCTACGTAACGACG-1,GTAGGCCGTGGTCTCG-1
train_CD4 T_01366,CD4 T,train,CGATGGCGTTAAGACA-1,CTGCTGTCACGTCTCT-1
train_CD4 T_01367,CD4 T,train,TCAGATGTCAAGGCTT-1,GACAGAGTCACGATGT-1
train_CD4 T_01368,CD4 T,train,CGATGGCTCGAGCCCA-1,GTCTTCGAGCGTCTAT-1
train_CD4 T_01369,CD4 T,train,TAAGAGAGTTGGTTTG-1,ACGATACCAAATTGCC-1
train_CD4 T_01370,CD4 T,train,GATGCTAGTTCGCTAA-1,ACACCAACATGGTAGG-1
train_CD4 T_01371,CD4 T,train,TGCTGCTGTCGACTAT-1,CTGTTTAGTCATACTG-1
train_CD4 T_01372,CD4 T,train,CTAGTGAGTCATATCG-1,CTCGGAGGTAGCGTAG-1
train_CD4 T_01373,CD4 T,train,GCTGCAGCAAGCTGGA-1,TACTTGTGTACTTGAC-1
train_CD4 T_01374,CD4 T,train,AGGGAGTAGTATGACA-1,CATGACACAACTGCGC-1
train_CD4 T_01375,CD4 T,train,TCATTACCACAGATTC-1,TCACAAGGTCACCCAG-1
train_CD4 T_01376,CD4 T,train,GACGGCTTCATAAAGG-1,AAACGGGAGAGACTAT-1
train_CD4 T_01377,CD4 T,train,ACGGAGACACATTCGA-1,CTCGGAGTCTGGAGCC-1
train_CD4 T_01378,CD4 T,train,GCAGTTAGTCCAGTAT-1,CGGAGTCGTCTTGCGG-1
train_CD4 T_01379,CD4 T,train,CAGTCCTTCCTGCCAT-1,GTAGTCAAGAGGTACC-1
train_CD4 T_01380,CD4 T,train,GCATGTAAGATGTAAC-1,AAGTCTGAGACTAAGT-1
train_CD4 T_01381,CD4 T,train,GGTGCGTCAGCGAACA-1,GCAAACTTCCTCTAGC-1
train_CD4 T_01382,CD4 T,train,CCTACACTCCTGTAGA-1,TCAATCTGTAGAGCTG-1
train_CD4 T_01383,CD4 T,train,ACGGGCTTCGGTTAAC-1,ATTATCCGTCCAAGTT-1
train_CD4 T_01384,CD4 T,train,CGATGGCCAAAGGTGC-1,CTCATTAAGGGTCGAT-1
train_CD4 T_01385,CD4 T,train,GCGCCAACACGTGAGA-1,TGGCGCAAGCGATATA-1
train_CD4 T_01386,CD4 T,train,TCGAGGCCACGGTAGA-1,CGATTGACAGTACACT-1
train_CD4 T_01387,CD4 T,train,ATAGACCGTCTCACCT-1,TTCTCAACAGTATGCT-1
train_CD4 T_01388,CD4 T,train,CATTCGCGTAGTACCT-1,AACTGGTAGTCGAGTG-1
train_CD4 T_01389,CD4 T,train,TACGGGCAGTGTCTCA-1,CTCACACGTGTGAATA-1
train_CD4 T_01390,CD4 T,train,AAGCCGCCAGATCGGA-1,TGGCCAGGTTCCTCCA-1
train_CD4 T_01391,CD4 T,train,GGACAGACACCCAGTG-1,GGAACTTAGACATAAC-1
train_CD4 T_01392,CD4 T,train,GATTCAGCAGTAGAGC-1,AGGCCGTCACAAGCCC-1
train_CD4 T_01393,CD4 T,train,GACACGCAGGAGTCTG-1,GGACATTTCCACTCCA-1
train_CD4 T_01394,CD4 T,train,AAGGAGCTCAGCATGT-1,GAGGTGAAGTGACATA-1
train_CD4 T_01395,CD4 T,train,TATTACCCAAAGGAAG-1,GACCTGGGTAATCGTC-1
train_CD4 T_01396,CD4 T,train,AGATCTGTCAGTCCCT-1,CTAGTGAAGCGTAATA-1
train_CD4 T_01397,CD4 T,train,ATCATGGCAATTGCTG-1,CTCGGAGTCTGGAGCC-1
train_CD4 T_01398,CD4 T,train,ACGGAGATCCAGATCA-1,CATTCGCCAAGCCATT-1
train_CD4 T_01399,CD4 T,train,TGACAACGTGACTACT-1,AACTCAGCACCAGTTA-1
train_CD8 T_00000,CD8 T,train,GTATCTTTCCAAGTAC-1,GTCCTCATCTACCAGA-1
train_CD8 T_00001,CD8 T,train,GATCTAGCATAGTAAG-1,TGCGCAGTCATCATTC-1
train_CD8 T_00002,CD8 T,train,GACACGCTCGAATGCT-1,CCTTCGAGTAAACGCG-1
train_CD8 T_00003,CD8 T,train,TGCACCTAGGTTACCT-1,GTCATTTGTACAGACG-1
train_CD8 T_00004,CD8 T,train,GTACTCCCATGCCTAA-1,CAACCAACAACTGCTA-1
train_CD8 T_00005,CD8 T,train,CCTCAGTTCAGCCTAA-1,TCAGGTAGTACCGCTG-1
train_CD8 T_00006,CD8 T,train,TCAGGATCACTGTGTA-1,ATAAGAGAGAAGGGTA-1
train_CD8 T_00007,CD8 T,train,CGGGTCAGTGGTCTCG-1,CTAACTTTCTGACCTC-1
train_CD8 T_00008,CD8 T,train,CTCAGAACAATCGAAA-1,CGACCTTAGAGTCTGG-1
train_CD8 T_00009,CD8 T,train,GGATTACTCTACCAGA-1,GTGTTAGAGAAGGACA-1
train_CD8 T_00010,CD8 T,train,TCTATTGAGTGTCTCA-1,GAACCTAAGGGAGTAA-1
train_CD8 T_00011,CD8 T,train,TCAGGATCACTGTGTA-1,TCATTACCACAGACTT-1
train_CD8 T_00012,CD8 T,train,GCGCAACGTCGGATCC-1,CCAATCCCATCATCCC-1
train_CD8 T_00013,CD8 T,train,GCACTCTAGATATACG-1,CATGGCGGTAAGTAGT-1
train_CD8 T_00014,CD8 T,train,TCAGATGGTCTGATTG-1,GCCTCTAAGAAGGGTA-1
train_CD8 T_00015,CD8 T,train,GCATGTAGTATATGAG-1,TGGACGCAGAATTGTG-1
train_CD8 T_00016,CD8 T,train,CACATTTAGTGCTGCC-1,ATGTGTGAGCCCGAAA-1
train_CD8 T_00017,CD8 T,train,TAAGCGTCAATGAATG-1,GCTGCTTCATCAGTCA-1
train_CD8 T_00018,CD8 T,train,AAACCTGAGGCTAGCA-1,CAGCCGATCCTTGCCA-1
train_CD8 T_00019,CD8 T,train,TCGTAGAAGGCGATAC-1,GCTGCTTCATCAGTCA-1
train_CD8 T_00020,CD8 T,train,TCACGAATCAGTTAGC-1,CGTGTCTAGCGCTTAT-1
train_CD8 T_00021,CD8 T,train,GGTGTTACATGCAACT-1,TTAGTTCTCGCCAAAT-1
train_CD8 T_00022,CD8 T,train,TTCCCAGGTACAGCAG-1,TGACGGCGTACTTCTT-1
train_CD8 T_00023,CD8 T,train,TCAGGATAGCATCATC-1,CTCCTAGGTAGGCTGA-1
train_CD8 T_00024,CD8 T,train,CTCGTACTCTGAGTGT-1,CACAGTAAGCCACCTG-1
train_CD8 T_00025,CD8 T,train,GACCTGGAGCCAGGAT-1,TTCTTAGCAGTATCTG-1
train_CD8 T_00026,CD8 T,train,GGGAGATGTGTAATGA-1,CGATGGCGTGACGGTA-1
train_CD8 T_00027,CD8 T,train,TAAGCGTCAATGAATG-1,GACGGCTTCATCTGCC-1
train_CD8 T_00028,CD8 T,train,CTAGCCTAGTGTTGAA-1,ATTTCTGGTACTTAGC-1
train_CD8 T_00029,CD8 T,train,AAAGCAATCCACTCCA-1,GCTGCTTAGTGGCACA-1
train_CD8 T_00030,CD8 T,train,ATCCACCGTTGCCTCT-1,ACCCACTGTTTGGCGC-1
train_CD8 T_00031,CD8 T,train,CCAATCCCACTTCTGC-1,TATCAGGGTGCCTGTG-1
train_CD8 T_00032,CD8 T,train,GACACGCTCGAATGCT-1,ACACTGACAAGTTAAG-1
train_CD8 T_00033,CD8 T,train,CAGCTGGAGCAAATCA-1,CTGTTTAGTCATGCCG-1
train_CD8 T_00034,CD8 T,train,TAAGAGAGTGCATCTA-1,TCACAAGGTTCGTCTC-1
train_CD8 T_00035,CD8 T,train,CATCAAGTCACATACG-1,CCAGCGACATATACCG-1
train_CD8 T_00036,CD8 T,train,CGGACTGTCAAGGCTT-1,CATCGGGGTCTAGCCG-1
train_CD8 T_00037,CD8 T,train,TGACTTTGTGTTCTTT-1,ATCACGATCTCCTATA-1
train_CD8 T_00038,CD8 T,train,CGAACATGTGACCAAG-1,TGAGCATCATACTACG-1
train_CD8 T_00039,CD8 T,train,ACACTGATCCATTCTA-1,CAGCAGCAGGCGATAC-1
train_CD8 T_00040,CD8 T,train,TTAGTTCCAGTTAACC-1,GGATTACAGGATGGAA-1
train_CD8 T_00041,CD8 T,train,TATTACCTCTGGTGTA-1,TTGCGTCCACAAGTAA-1
train_CD8 T_00042,CD8 T,train,ACTTGTTTCCTGTAGA-1,GTGCTTCCACATGACT-1
train_CD8 T_00043,CD8 T,train,TGACTAGGTCTAGAGG-1,GTTAAGCCATCAGTCA-1
train_CD8 T_00044,CD8 T,train,CTCGTCAAGCACAGGT-1,TCAGATGCATTATCTC-1
train_CD8 T_00045,CD8 T,train,CAGATCACATGGTAGG-1,GCGCAACCAAGACACG-1
train_CD8 T_00046,CD8 T,train,ACTTGTTTCCTGTAGA-1,TGCGCAGTCATCATTC-1
train_CD8 T_00047,CD8 T,train,TCTCTAATCCGAAGAG-1,TTAGTTCTCGCCAAAT-1
train_CD8 T_00048,CD8 T,train,GACTGCGAGGGTCTCC-1,CGGGTCAGTCTCTCTG-1
train_CD8 T_00049,CD8 T,train,TGCACCTTCCCATTTA-1,TGTATTCAGAGCTGGT-1
train_CD8 T_00050,CD8 T,train,CGATTGAAGAGTGACC-1,TTTGGTTAGTGTCCCG-1
train_CD8 T_00051,CD8 T,train,TGGTTCCAGAGCCTAG-1,TCATTACCACAGACTT-1
train_CD8 T_00052,CD8 T,train,GAATAAGCAGTCACTA-1,TGGGAAGAGTGGCACA-1
train_CD8 T_00053,CD8 T,train,AGGCCGTCATATACCG-1,TAGACCATCGCCAAAT-1
train_CD8 T_00054,CD8 T,train,TGAGCATAGACAGACC-1,ATTACTCGTTGGTTTG-1
train_CD8 T_00055,CD8 T,train,CGATTGAAGTGTGGCA-1,GACGGCTCACAACGTT-1
train_CD8 T_00056,CD8 T,train,CGTAGGCTCTAACGGT-1,AAGGCAGGTCTAGCCG-1
train_CD8 T_00057,CD8 T,train,AAAGCAACATGGTTGT-1,ATAACGCGTCGGCACT-1
train_CD8 T_00058,CD8 T,train,ACTGTCCAGAGGTTAT-1,CGCTGGATCTTGACGA-1
train_CD8 T_00059,CD8 T,train,AATCGGTTCCTCTAGC-1,TTGCGTCCACAAGTAA-1
train_CD8 T_00060,CD8 T,train,GATGAAAGTGCTGTAT-1,CATCGGGGTCTAGCCG-1
train_CD8 T_00061,CD8 T,train,CTACCCAAGAACTGTA-1,AGTGAGGTCATTCACT-1
train_CD8 T_00062,CD8 T,train,TGCACCTTCCCATTTA-1,GAACCTATCTCAAGTG-1
train_CD8 T_00063,CD8 T,train,AGGGAGTCACGCGAAA-1,CGCTGGAAGGAGCGTT-1
train_CD8 T_00064,CD8 T,train,TCGTAGAAGGCGATAC-1,GCTGCTTCATCAGTCA-1
train_CD8 T_00065,CD8 T,train,CCAATCCCACTTCTGC-1,GACGGCTTCATCTGCC-1
train_CD8 T_00066,CD8 T,train,AAAGCAATCCACTCCA-1,GGCGACTGTGGTAACG-1
train_CD8 T_00067,CD8 T,train,TCGTAGAAGGCGATAC-1,TAGAGCTAGGGTCTCC-1
train_CD8 T_00068,CD8 T,train,ACTGTCCAGAGGTTAT-1,CTGCGGACAGACAAGC-1
train_CD8 T_00069,CD8 T,train,GACAGAGGTGCGCTTG-1,CCACTACTCGGCATCG-1
train_CD8 T_00070,CD8 T,train,AAAGCAACATGGTTGT-1,TATCAGGGTGCCTGTG-1
train_CD8 T_00071,CD8 T,train,GCATGTAGTATATGAG-1,ACATACGCAATTGCTG-1
train_CD8 T_00072,CD8 T,train,ACTGTCCAGAGGTTAT-1,TGGGAAGCACAAGACG-1
train_CD8 T_00073,CD8 T,train,TACTCATGTAGGGTAC-1,CGATGGCGTGACGGTA-1
train_CD8 T_00074,CD8 T,train,CTCAGAAGTACCAGTT-1,TAGAGCTAGGGTCTCC-1
train_CD8 T_00075,CD8 T,train,CCTACACGTAAAGGAG-1,CTGCCTAGTTAGAACA-1
train_CD8 T_00076,CD8 T,train,CGGGTCAGTGGTCTCG-1,GGACAAGTCTCTAAGG-1
train_CD8 T_00077,CD8 T,train,TTAGGACAGATCACGG-1,CCACGGACATCCCACT-1
train_CD8 T_00078,CD8 T,train,GATCTAGAGATCCGAG-1,AACCATGGTCAGAGGT-1
train_CD8 T_00079,CD8 T,train,CTCGAGGTCAATACCG-1,CGGTTAACAATGTAAG-1
train_CD8 T_00080,CD8 T,train,AAAGCAACATGGTTGT-1,GCACATAAGATAGGAG-1
train_CD8 T_00081,CD8 T,train,CTGCGGACACCTTGTC-1,ACTGAACCACTGTCGG-1
train_CD8 T_00082,CD8 T,train,AGGTCATCATGTCCTC-1,TTCTCAAGTAAGCACG-1
train_CD8 T_00083,CD8 T,train,CACATTTAGTGCTGCC-1,AAGGTTCAGGATGGTC-1
train_CD8 T_00084,CD8 T,train,GCACTCTTCCGAAGAG-1,ATCCGAAAGAACAACT-1
train_CD8 T_00085,CD8 T,train,AGTGGGATCAATACCG-1,AGACGTTAGTCTTGCA-1
train_CD8 T_00086,CD8 T,train,TCTGAGAGTATCACCA-1,AGGTCATTCGTACCGG-1
train_CD8 T_00087,CD8 T,train,GCATGTAGTATATGAG-1,TGCTACCTCCACGACG-1
train_CD8 T_00088,CD8 T,train,CGTTGGGAGCTGGAAC-1,GCAGTTATCGTTGCCT-1
train_CD8 T_00089,CD8 T,train,GATCTAGAGATCCGAG-1,CCACTACTCGGCATCG-1
train_CD8 T_00090,CD8 T,train,ACTGCTCCATCGACGC-1,GCTTGAACATTCACTT-1
train_CD8 T_00091,CD8 T,train,ATTGGTGTCTGTCCGT-1,CCAGCGACATATACCG-1
train_CD8 T_00092,CD8 T,train,GACCAATGTACTTGAC-1,AAGGCAGAGTCCTCCT-1
train_CD8 T_00093,CD8 T,train,ATCCACCGTTGCCTCT-1,CCAATCCCATCATCCC-1
train_CD8 T_00094,CD8 T,train,GCCTCTATCATTGCCC-1,TAGAGCTAGGGTCTCC-1
train_CD8 T_00095,CD8 T,train,CTAACTTGTTAGTGGG-1,CGATTGATCGCATGAT-1
train_CD8 T_00096,CD8 T,train,CGGAGTCGTCGCCATG-1,GACCAATCATACGCCG-1
train_CD8 T_00097,CD8 T,train,GTCACAAGTATAATGG-1,GCTGCTTAGGTGGGTT-1
train_CD8 T_00098,CD8 T,train,TCTGAGATCACTCCTG-1,CCAATCCCATCATCCC-1
train_CD8 T_00099,CD8 T,train,GGGAGATGTGTAATGA-1,GCTGCTTAGTGGCACA-1
train_CD8 T_00100,CD8 T,train,GGGAGATGTGTAATGA-1,TTGAACGTCCAGAAGG-1
train_CD8 T_00101,CD8 T,train,GTACTTTTCCACGAAT-1,GTCCTCATCTACCAGA-1
train_CD8 T_00102,CD8 T,train,GCCAAATAGAAGATTC-1,TGCGCAGTCATCATTC-1
train_CD8 T_00103,CD8 T,train,CTACCCAAGAACTGTA-1,CTGTTTAGTCATGCCG-1
train_CD8 T_00104,CD8 T,train,GAACATCAGGTGTTAA-1,CAGATCACAGAGCCAA-1
train_CD8 T_00105,CD8 T,train,AGGCCGTCATATACCG-1,CCAATCCCATCATCCC-1
train_CD8 T_00106,CD8 T,train,TGCGGGTCAGACTCGC-1,TAGAGCTAGGGTCTCC-1
train_CD8 T_00107,CD8 T,train,CGGCTAGCACGAAAGC-1,CCCTCCTAGATCGGGT-1
train_CD8 T_00108,CD8 T,train,CTCGTCAAGCACAGGT-1,CTAATGGCAATGCCAT-1
train_CD8 T_00109,CD8 T,train,GAAGCAGGTCTCTTTA-1,ATGTGTGAGCCCGAAA-1
train_CD8 T_00110,CD8 T,train,AGAGCTTCAAGTTCTG-1,TAAGAGACAGCTGGCT-1
train_CD8 T_00111,CD8 T,train,GCGACCAGTTAAGTAG-1,AGGTCCGAGGCGCTCT-1
train_CD8 T_00112,CD8 T,train,GCCTCTATCATTGCCC-1,TTAGTTCTCGCCAAAT-1
train_CD8 T_00113,CD8 T,train,GAAGCAGGTCTCTTTA-1,GTGCAGCAGGAGTAGA-1
train_CD8 T_00114,CD8 T,train,GATCGATCACGAAAGC-1,GCCTCTAAGAAGGGTA-1
train_CD8 T_00115,CD8 T,train,ACTGCTCCATCGACGC-1,TCTGGAACACACGCTG-1
train_CD8 T_00116,CD8 T,train,GCAGCCAGTTCGCTAA-1,ATTACTCGTTGGTTTG-1
train_CD8 T_00117,CD8 T,train,GTATCTTTCCAAGTAC-1,CTCCTAGGTAGGCTGA-1
train_CD8 T_00118,CD8 T,train,TATTACCTCTGGTGTA-1,CAGCATAAGAAACGAG-1
train_CD8 T_00119,CD8 T,train,TCAGGATAGCATCATC-1,GACGGCTCACAACGTT-1
train_CD8 T_00120,CD8 T,train,TCAGGATAGCATCATC-1,GGGACCTAGGCTCATT-1
train_CD8 T_00121,CD8 T,train,AAAGCAACATGGTTGT-1,CTCAGAATCTGGGCCA-1
train_CD8 T_00122,CD8 T,train,AAAGCAATCCGCGGTA-1,AGACGTTAGTCTTGCA-1
train_CD8 T_00123,CD8 T,train,AAACCTGAGGCTAGCA-1,ATGTGTGAGCCCGAAA-1
train_CD8 T_00124,CD8 T,train,GGCGACTAGCGCCTTG-1,GTGCTTCGTACTTGAC-1
train_CD8 T_00125,CD8 T,train,ATCTACTTCTTCGAGA-1,GGGTTGCTCAAGGTAA-1
train_CD8 T_00126,CD8 T,train,GGTGCGTAGGCACATG-1,GGTGTTAAGAATGTGT-1
train_CD8 T_00127,CD8 T,train,TTTATGCAGATGTAAC-1,TATCAGGGTGCCTGTG-1
train_CD8 T_00128,CD8 T,train,CAGCTGGAGCAAATCA-1,GTGCAGCAGGAGTAGA-1
train_CD8 T_00129,CD8 T,train,ATCTACTTCTTCGAGA-1,CAACTAGTCTACTATC-1
train_CD8 T_00130,CD8 T,train,TTAGGCATCTCCTATA-1,TCTGGAACACACGCTG-1
train_CD8 T_00131,CD8 T,train,GATCAGTGTTCGTGAT-1,ACACCAATCATTCACT-1
train_CD8 T_00132,CD8 T,train,CAGATCACATGGTAGG-1,ACCCACTGTTTGGCGC-1
train_CD8 T_00133,CD8 T,train,TTAGGCATCTGCGTAA-1,GCACATAAGATAGGAG-1
train_CD8 T_00134,CD8 T,train,CGTGAGCTCACCCTCA-1,TGGGAAGAGTGGCACA-1
train_CD8 T_00135,CD8 T,train,TCTCTAATCCGAAGAG-1,TTGCCGTCACAAGTAA-1
train_CD8 T_00136,CD8 T,train,GTGCTTCTCTCGTATT-1,ACCAGTATCATGTGGT-1
train_CD8 T_00137,CD8 T,train,TACTCATCAATCAGAA-1,TTTACTGAGATATACG-1
train_CD8 T_00138,CD8 T,train,CGTAGGCTCTAACGGT-1,CCTTCCCTCTTGCAAG-1
train_CD8 T_00139,CD8 T,train,AGAATAGAGAATCTCC-1,GTGCATAGTTGCGCAC-1
train_CD8 T_00140,CD8 T,train,TTAGGACAGATCACGG-1,ATCCACCCACGCCAGT-1
train_CD8 T_00141,CD8 T,train,TTTATGCAGATGTAAC-1,CGAGCACTCCTTTCGG-1
train_CD8 T_00142,CD8 T,train,CATCAGATCTGCAAGT-1,AGCTCTCTCACGAAGG-1
train_CD8 T_00143,CD8 T,train,GCACTCTAGATATACG-1,AAGGCAGGTCTAGCCG-1
train_CD8 T_00144,CD8 T,train,GATCTAGCATAGTAAG-1,GTCCTCATCTACCAGA-1
train_CD8 T_00145,CD8 T,train,ATCCACCGTTGCCTCT-1,TATCAGGGTGCCTGTG-1
train_CD8 T_00146,CD8 T,train,AGGGAGTCACGCGAAA-1,GCATACACAGTCTTCC-1
train_CD8 T_00147,CD8 T,train,GACACGCCAAGGTTCT-1,TGACGGCGTACTTCTT-1
train_CD8 T_00148,CD8 T,train,CGGCTAGCACGAAAGC-1,GTTCATTAGATGTAAC-1
train_CD8 T_00149,CD8 T,train,CATCAGATCTGCAAGT-1,CTTAGGACATAGACTC-1
train_CD8 T_00150,CD8 T,train,GAACATCTCTTGCAAG-1,TAGAGCTAGGGTCTCC-1
train_CD8 T_00151,CD8 T,train,CATGCCTAGTCGAGTG-1,ATGTGTGAGCCCGAAA-1
train_CD8 T_00152,CD8 T,train,TCAGATGGTCTGATTG-1,ACGATACCAGGTCTCG-1
train_CD8 T_00153,CD8 T,train,TCGGTAAAGATAGTCA-1,GTATTCTGTCGAATCT-1
train_CD8 T_00154,CD8 T,train,ACACTGATCCATTCTA-1,GCAGTTATCGTTGCCT-1
train_CD8 T_00155,CD8 T,train,AGAATAGCAGCGTCCA-1,TGCTGCTCACTGAAGG-1
train_CD8 T_00156,CD8 T,train,CGTTGGGAGCTGGAAC-1,CTCCTAGGTAGGCTGA-1
train_CD8 T_00157,CD8 T,train,AGCTCCTCATCCAACA-1,CTACATTTCCTCGCAT-1
train_CD8 T_00158,CD8 T,train,CTGCGGACACCTTGTC-1,GGGAATGAGACAGAGA-1
train_CD8 T_00159,CD8 T,train,TTCCCAGGTACAGCAG-1,CTTCTCTTCGGCCGAT-1
train_CD8 T_00160,CD8 T,train,AGTTGGTCACTTAACG-1,GACGGCTCACAACGTT-1
train_CD8 T_00161,CD8 T,train,TTGAACGGTCACCCAG-1,AGGTCCGAGGCGCTCT-1
train_CD8 T_00162,CD8 T,train,GATCTAGCATAGTAAG-1,TTCTCAAGTAAGCACG-1
train_CD8 T_00163,CD8 T,train,TCAGGATCATAGGATA-1,GCTGCTTAGGTGGGTT-1
train_CD8 T_00164,CD8 T,train,GATTCAGAGAGCTATA-1,TAGACCATCGCCAAAT-1
train_CD8 T_00165,CD8 T,train,TCTGAGATCACTCCTG-1,TGGACGCAGAATTGTG-1
train_CD8 T_00166,CD8 T,train,CGATTGAAGAGTGACC-1,GCGCAACCAAGACACG-1
train_CD8 T_00167,CD8 T,train,GACTGCGAGACAGAGA-1,GGGTTGCTCAAGGTAA-1
train_CD8 T_00168,CD8 T,train,AATCGGTTCCTCTAGC-1,GGACATTCAGGCGATA-1
train_CD8 T_00169,CD8 T,train,GATTCAGAGGGAAACA-1,CCACTACTCGGCATCG-1
train_CD8 T_00170,CD8 T,train,GTGCAGCTCGCTGATA-1,CGAACATGTCACCCAG-1
train_CD8 T_00171,CD8 T,train,GCTCTGTGTATTAGCC-1,ACACCAATCATTCACT-1
train_CD8 T_00172,CD8 T,train,GGACAGAAGTACATGA-1,AGCTCTCTCACGAAGG-1
train_CD8 T_00173,CD8 T,train,GACGTTATCCACGTGG-1,CTGCGGACAGACAAGC-1
train_CD8 T_00174,CD8 T,train,GGGCATCGTTTGTGTG-1,ATCATCTAGTGGCACA-1
train_CD8 T_00175,CD8 T,train,GATGAAAGTGCTGTAT-1,GACGGCTTCATCTGCC-1
train_CD8 T_00176,CD8 T,train,GGCGACTGTGAGTATA-1,GGACATTCAGGCGATA-1
train_CD8 T_00177,CD8 T,train,GTGCAGCTCGCTGATA-1,GATGCTAAGCGGCTTC-1
train_CD8 T_00178,CD8 T,train,GCTGCGATCATAAAGG-1,TCATTTGTCACCGTAA-1
train_CD8 T_00179,CD8 T,train,TGCGGGTCAGACTCGC-1,CAACTAGGTCAGCTAT-1
train_CD8 T_00180,CD8 T,train,AGGGAGTCACGCGAAA-1,TACAGTGCAGCTGGCT-1
train_CD8 T_00181,CD8 T,train,TGACTTTGTGTTCTTT-1,GTGCTTCGTACTTGAC-1
train_CD8 T_00182,CD8 T,train,GACAGAGCACATGACT-1,CTGTTTAGTCATGCCG-1
train_CD8 T_00183,CD8 T,train,AACCGCGTCTACTCAT-1,ACTGCTCCATCCTAGA-1
train_CD8 T_00184,CD8 T,train,AACCGCGTCTACTCAT-1,GTGCTTCCACATGACT-1
train_CD8 T_00185,CD8 T,train,CTGATCCAGCAGGCTA-1,GGAATAACATAAGACA-1
train_CD8 T_00186,CD8 T,train,ATGAGGGTCATGTCTT-1,TCATTACCACAGACTT-1
train_CD8 T_00187,CD8 T,train,AGGCCGTCATATACCG-1,TTCTCAAGTAAGCACG-1
train_CD8 T_00188,CD8 T,train,CATGCCTAGTCGAGTG-1,TTTGGTTAGTGTCCCG-1
train_CD8 T_00189,CD8 T,train,TTCCCAGGTACAGCAG-1,TGCACCTAGAGCAATT-1
train_CD8 T_00190,CD8 T,train,AAAGCAACATGGTTGT-1,CAGATCACAGAGCCAA-1
train_CD8 T_00191,CD8 T,train,GACGTGCTCTAACCGA-1,ACTGAACCACGGACAA-1
train_CD8 T_00192,CD8 T,train,ACTGAGTTCCCTAACC-1,CTTACCGGTCATTAGC-1
train_CD8 T_00193,CD8 T,train,GGACAGACATACGCTA-1,GATCGTATCGAATCCA-1
train_CD8 T_00194,CD8 T,train,GCAGCCAGTTCGCTAA-1,ACGGGCTAGAGCTATA-1
train_CD8 T_00195,CD8 T,train,ATTGGTGTCTGTCCGT-1,ACACCAATCATTCACT-1
train_CD8 T_00196,CD8 T,train,ACCAGTACATTTGCCC-1,GTAGTCAGTTAAAGAC-1
train_CD8 T_00197,CD8 T,train,GACAGAGGTGCGCTTG-1,GTACTTTTCCTCTAGC-1
train_CD8 T_00198,CD8 T,train,GATGAGGTCAGGATCT-1,TGGACGCAGCGATTCT-1
train_CD8 T_00199,CD8 T,train,TTAGGCATCTGCGTAA-1,ATCCGAAAGAACAACT-1
train_CD8 T_00200,CD8 T,train,GACACGCTCGAATGCT-1,AAGGCAGGTCTAGCCG-1
train_CD8 T_00201,CD8 T,train,GACCAATGTACTTGAC-1,TGGACGCAGCGATTCT-1
train_CD8 T_00202,CD8 T,train,GGATTACAGCTCAACT-1,ATAAGAGAGAAGGGTA-1
train_CD8 T_00203,CD8 T,train,CTACCCAAGAACTGTA-1,TTTACTGAGATATACG-1
train_CD8 T_00204,CD8 T,train,GTCATTTGTATTAGCC-1,TCATTACCACAGACTT-1
train_CD8 T_00205,CD8 T,train,CTCGTACTCTGAGTGT-1,TTAGTTCTCGCCAAAT-1
train_CD8 T_00206,CD8 T,train,TACTCATCAATCAGAA-1,GGCTCGACAAGAGTCG-1
train_CD8 T_00207,CD8 T,train,AGGGAGTCACGCGAAA-1,CATCAAGGTTCGTGAT-1
train_CD8 T_00208,CD8 T,train,CTCGAGGTCAATACCG-1,CGGGTCATCTGCTGCT-1
train_CD8 T_00209,CD8 T,train,CTGAAGTCATGGGACA-1,CAGCTGGCAGGAACGT-1
train_CD8 T_00210,CD8 T,train,GACTGCGAGACAGAGA-1,TGCTACCTCCACGACG-1
train_CD8 T_00211,CD8 T,train,TCTGAGATCACTCCTG-1,TGGGAAGAGTGGCACA-1
train_CD8 T_00212,CD8 T,train,ACTGCTCCATCGACGC-1,CAGATCACAGAGCCAA-1
train_CD8 T_00213,CD8 T,train,ATTCTACCAGGACCCT-1,GTGTGCGCATTCACTT-1
train_CD8 T_00214,CD8 T,train,GAACATCAGGTGTTAA-1,GGAATAACATAAGACA-1
train_CD8 T_00215,CD8 T,train,GTCATTTGTATTAGCC-1,ACTGAACCACGGACAA-1
train_CD8 T_00216,CD8 T,train,GATCGATCACGAAAGC-1,CGCTGGAAGGAGCGTT-1
train_CD8 T_00217,CD8 T,train,ACCGTAAAGCAATATG-1,CAACTAGTCTACTATC-1
train_CD8 T_00218,CD8 T,train,CGATTGAAGAGTGACC-1,GCACTCTCAGATGAGC-1
train_CD8 T_00219,CD8 T,train,ACTTGTTTCCTGTAGA-1,CAACCAACAACTGCTA-1
train_CD8 T_00220,CD8 T,train,GCAGCCAGTTCGCTAA-1,CTGCGGACAGACAAGC-1
train_CD8 T_00221,CD8 T,train,GGACAGAAGTACATGA-1,AGAGTGGCACCTGGTG-1
train_CD8 T_00222,CD8 T,train,CACATTTAGTGCTGCC-1,CGAGCACTCCTTTCGG-1
train_CD8 T_00223,CD8 T,train,TGGCTGGCAATCAGAA-1,GTCCTCATCTACCAGA-1
train_CD8 T_00224,CD8 T,train,AGGTCATCATGTCCTC-1,TCACAAGGTTCGTCTC-1
train_CD8 T_00225,CD8 T,train,GATTCAGAGGGAAACA-1,CACAGTAAGCCACCTG-1
train_CD8 T_00226,CD8 T,train,TGCACCTAGGTTACCT-1,CAACTAGGTCAGCTAT-1
train_CD8 T_00227,CD8 T,train,CTCGTCAAGCACAGGT-1,TGACGGCGTACTTCTT-1
train_CD8 T_00228,CD8 T,train,GACCTGGAGCCAGGAT-1,GCTGCTTAGTGGCACA-1
train_CD8 T_00229,CD8 T,train,GAAGCAGGTCTCTTTA-1,CTACACCGTCCGCTGA-1
train_CD8 T_00230,CD8 T,train,TGACTAGGTCTAGAGG-1,GTAGTCAGTGACTACT-1
train_CD8 T_00231,CD8 T,train,GATCTAGCATAGTAAG-1,TGGACGCAGAATTGTG-1
train_CD8 T_00232,CD8 T,train,TGCACCTTCCCATTTA-1,CGTGTCTAGCGCTTAT-1
train_CD8 T_00233,CD8 T,train,GAACCTATCCGAATGT-1,CCTAAAGAGAAGATTC-1
train_CD8 T_00234,CD8 T,train,GCCAAATAGAAGATTC-1,GTGTTAGAGAAGGACA-1
train_CD8 T_00235,CD8 T,train,AGGTCCGCATTACCTT-1,AGAGCTTAGTATGACA-1
train_CD8 T_00236,CD8 T,train,AGGTCATCATGTCCTC-1,CAACTAGTCTACTATC-1
train_CD8 T_00237,CD8 T,train,TGGCTGGCAATCAGAA-1,CCACTACTCGGCATCG-1
train_CD8 T_00238,CD8 T,train,GATCGCGAGGCAGTCA-1,CGAACATGTCACCCAG-1
train_CD8 T_00239,CD8 T,train,GACCTGGTCATTTGGG-1,TCCACACCACGCCAGT-1
train_CD8 T_00240,CD8 T,train,GGGATGATCATTGCCC-1,GGACATTCAGGCGATA-1
train_CD8 T_00241,CD8 T,train,ACTGTCCAGAGGTTAT-1,TGGGAAGCACAAGACG-1
train_CD8 T_00242,CD8 T,train,AAACGGGAGACTAGGC-1,TCACAAGGTTCGTCTC-1
train_CD8 T_00243,CD8 T,train,TACTCGCCAATCGGTT-1,CGGGTCAGTCTCTCTG-1
train_CD8 T_00244,CD8 T,train,GACCTGGCATAGAAAC-1,AAGGTTCAGGATGGTC-1
train_CD8 T_00245,CD8 T,train,GTACTTTAGATGAGAG-1,GATCGTATCGAATCCA-1
train_CD8 T_00246,CD8 T,train,GGTGCGTAGGCACATG-1,ACGATACGTCGCGAAA-1
train_CD8 T_00247,CD8 T,train,ACTGAGTTCCCTAACC-1,TTCTCAAGTAAGCACG-1
train_CD8 T_00248,CD8 T,train,GATCGATCACGAAAGC-1,ATCTACTGTGTGACGA-1
train_CD8 T_00249,CD8 T,train,ACAGCCGAGGACACCA-1,CATCGGGGTCTAGCCG-1
train_CD8 T_00250,CD8 T,train,CGATTGAAGAGTGACC-1,TCAGGTAGTACCGCTG-1
train_CD8 T_00251,CD8 T,train,GGGCACTGTAGCGCAA-1,CTCAGAATCTGGGCCA-1
train_CD8 T_00252,CD8 T,train,GGCGACTAGCGCCTTG-1,AAGGCAGGTCTAGCCG-1
train_CD8 T_00253,CD8 T,train,GTCGTAATCAGTTTGG-1,GCATACAAGACCACGA-1
train_CD8 T_00254,CD8 T,train,TACTCATCAAGCGATG-1,GGAAAGCTCATGGTCA-1
train_CD8 T_00255,CD8 T,train,TCTCTAATCCGAAGAG-1,TTTATGCGTTATGCGT-1
train_CD8 T_00256,CD8 T,train,CGAGCCATCACCCTCA-1,GCACATAAGATAGGAG-1
train_CD8 T_00257,CD8 T,train,GACAGAGCACATGACT-1,CATCGGGGTCTAGCCG-1
train_CD8 T_00258,CD8 T,train,GAATAAGCAGTCACTA-1,GCAAACTCACCTATCC-1
train_CD8 T_00259,CD8 T,train,CGGGTCAGTGGTCTCG-1,ACGATGTAGTGAAGTT-1
train_CD8 T_00260,CD8 T,train,GATCGCGAGGCAGTCA-1,GTGTTAGAGAAGGACA-1
train_CD8 T_00261,CD8 T,train,GTACTTTAGATGAGAG-1,GATGCTAAGCGGCTTC-1
train_CD8 T_00262,CD8 T,train,GACACGCTCGAATGCT-1,GCGACCAGTTACCGAT-1
train_CD8 T_00263,CD8 T,train,GTACTCCCATGCCTAA-1,CAACTAGTCTACTATC-1
train_CD8 T_00264,CD8 T,train,TAAGAGAGTGCATCTA-1,ATAACGCAGGCTCATT-1
train_CD8 T_00265,CD8 T,train,AGAGCTTCAAGTTCTG-1,CCTTCGAGTAAACGCG-1
train_CD8 T_00266,CD8 T,train,GCACTCTAGATATACG-1,TGGGAAGAGTGGCACA-1
train_CD8 T_00267,CD8 T,train,CGAGCACAGATGTGGC-1,ATCGAGTTCGGCATCG-1
train_CD8 T_00268,CD8 T,train,CGTAGGCTCTAACGGT-1,GGTATTGCATTGAGCT-1
train_CD8 T_00269,CD8 T,train,GACGGCTTCACCGTAA-1,TTGCCGTCACAAGTAA-1
train_CD8 T_00270,CD8 T,train,ACTGTCCAGAGGTTAT-1,TTTGGTTAGTGTCCCG-1
train_CD8 T_00271,CD8 T,train,ATTATCCCACAGGTTT-1,TGGACGCAGAATTGTG-1
train_CD8 T_00272,CD8 T,train,CTCGAGGTCAATACCG-1,CTGCGGACAGACAAGC-1
train_CD8 T_00273,CD8 T,train,AACCGCGTCTACTCAT-1,TTCTTAGCAGTATCTG-1
train_CD8 T_00274,CD8 T,train,ATTGGTGTCTGTCCGT-1,TAGAGCTAGGGTCTCC-1
train_CD8 T_00275,CD8 T,train,TTTATGCTCATGTAGC-1,CTGCGGACAGACAAGC-1
train_CD8 T_00276,CD8 T,train,GTGAAGGAGTGTACCT-1,TATCAGGGTGCCTGTG-1
train_CD8 T_00277,CD8 T,train,GAACCTATCCGAATGT-1,TAGCCGGCAATGTAAG-1
train_CD8 T_00278,CD8 T,train,CACATTTAGTGCTGCC-1,CTAATGGCAATGCCAT-1
train_CD8 T_00279,CD8 T,train,CTAGCCTAGTGTTGAA-1,TTTGGTTAGTGTCCCG-1
train_CD8 T_00280,CD8 T,train,ATTATCCCACAGGTTT-1,ACGATACCAGGTCTCG-1
train_CD8 T_00281,CD8 T,train,ACCTTTAAGTTACGGG-1,TGCTGCTCACTGAAGG-1
train_CD8 T_00282,CD8 T,train,GGACATTTCGGAGGTA-1,ACTGAACCACGGACAA-1
train_CD8 T_00283,CD8 T,train,CAGCAGCTCTGCTGTC-1,GGTGTTAAGAATGTGT-1
train_CD8 T_00284,CD8 T,train,CGATTGAAGAGTGACC-1,GGTATTGCATTGAGCT-1
train_CD8 T_00285,CD8 T,train,TATTACCTCTGGTGTA-1,CCTTTCTCAATAAGCA-1
train_CD8 T_00286,CD8 T,train,TGGCTGGCAATCAGAA-1,CGATTGATCGCATGAT-1
train_CD8 T_00287,CD8 T,train,GATGAGGTCAGGATCT-1,TGCTACCTCCACGACG-1
train_CD8 T_00288,CD8 T,train,TCGTAGAAGGCGATAC-1,TGCTACCTCCACGACG-1
train_CD8 T_00289,CD8 T,train,TCGGTAAAGATAGTCA-1,TGCTGCTCACTGAAGG-1
train_CD8 T_00290,CD8 T,train,AAAGCAATCCGCGGTA-1,CAGCCGATCCTTGCCA-1
train_CD8 T_00291,CD8 T,train,TCACGAAGTAAGGGCT-1,GGATTACAGGATGGAA-1
train_CD8 T_00292,CD8 T,train,CTGAAGTCATGGGACA-1,GCATACACAGTCTTCC-1
train_CD8 T_00293,CD8 T,train,TACTCATCAATCAGAA-1,CATATGGTCCTTGACC-1
train_CD8 T_00294,CD8 T,train,ACCAGTACATTTGCCC-1,GGAAAGCGTACAGACG-1
train_CD8 T_00295,CD8 T,train,GTCGTAACAGACGTAG-1,CGTGTAATCAGATAAG-1
train_CD8 T_00296,CD8 T,train,CGTAGGCTCTAACGGT-1,TCCACACCACGCCAGT-1
train_CD8 T_00297,CD8 T,train,CAGCAGCTCTGCTGTC-1,CAACTAGTCTACTATC-1
train_CD8 T_00298,CD8 T,train,TTGAACGGTCACCCAG-1,GGAAAGCGTACAGACG-1
train_CD8 T_00299,CD8 T,train,GGTGAAGAGCTAACTC-1,CCACTACTCGGCATCG-1
train_CD8 T_00300,CD8 T,train,CATGACACAGCATACT-1,ATTACTCGTTGGTTTG-1
train_CD8 T_00301,CD8 T,train,AGTTGGTCACTTAACG-1,GCAAACTCACCTATCC-1
train_CD8 T_00302,CD8 T,train,CGATTGAAGAGTGACC-1,GCGACCAGTTACCGAT-1
train_CD8 T_00303,CD8 T,train,CTCGAGGTCAATACCG-1,TAGGCATCAAGCGCTC-1
train_CD8 T_00304,CD8 T,train,GCTGCGATCATAAAGG-1,GTGAAGGAGATGTTAG-1
train_CD8 T_00305,CD8 T,train,TATTACCTCTGGTGTA-1,TTAACTCTCGGTTCGG-1
train_CD8 T_00306,CD8 T,train,GCTCCTAGTCACACGC-1,ACATCAGGTATAAACG-1
train_CD8 T_00307,CD8 T,train,TGCACCTTCCCATTTA-1,GCGGGTTAGAAACGAG-1
train_CD8 T_00308,CD8 T,train,TTAGGACTCGTTACAG-1,CAACCAACAACTGCTA-1
train_CD8 T_00309,CD8 T,train,TCGTAGAAGGCGATAC-1,CATCGGGGTCTAGCCG-1
train_CD8 T_00310,CD8 T,train,GTGCATAGTCATACTG-1,CCTAAAGAGAAGATTC-1
train_CD8 T_00311,CD8 T,train,CATCAAGTCACATACG-1,AACCATGGTCAGAGGT-1
train_CD8 T_00312,CD8 T,train,CGAGCACAGATGTGGC-1,TATGCCCAGGCATTGG-1
train_CD8 T_00313,CD8 T,train,GATCTAGAGATCCGAG-1,GCTGCTTAGTGGCACA-1
train_CD8 T_00314,CD8 T,train,GATGAAAGTGCTGTAT-1,TGACGGCGTGCCTGCA-1
train_CD8 T_00315,CD8 T,train,CGACCTTTCAACACTG-1,TGCACCTCACGAGGTA-1
train_CD8 T_00316,CD8 T,train,CGAGCACCACTGTTAG-1,CCACTACTCGGCATCG-1
train_CD8 T_00317,CD8 T,train,AGGCCGTCATATACCG-1,TGGACGCAGCGATTCT-1
train_CD8 T_00318,CD8 T,train,CAGATCACATGGTAGG-1,TTTGGTTAGTGTCCCG-1
train_CD8 T_00319,CD8 T,train,GCAGCCAGTTCGCTAA-1,ACATCAGGTGAGTGAC-1
train_CD8 T_00320,CD8 T,train,GCATGTAGTATATGAG-1,TGTATTCAGGCTATCT-1
train_CD8 T_00321,CD8 T,train,GATCAGTGTTCGTGAT-1,AAGGCAGAGTCCTCCT-1
train_CD8 T_00322,CD8 T,train,TCGTAGAAGGCGATAC-1,GGCGACTGTGGTAACG-1
train_CD8 T_00323,CD8 T,train,GTCGTAACAGACGTAG-1,CGGAGTCCACACAGAG-1
train_CD8 T_00324,CD8 T,train,GATTCAGAGGGAAACA-1,GCTGCTTAGTGGCACA-1
train_CD8 T_00325,CD8 T,train,AGTGAGGGTCCTCTTG-1,GGATTACAGGATGGAA-1
train_CD8 T_00326,CD8 T,train,GCCAAATCAACGATCT-1,TGACTTTAGGTGTTAA-1
train_CD8 T_00327,CD8 T,train,CTCAGAAGTACCAGTT-1,TTGAACGTCCAGAAGG-1
train_CD8 T_00328,CD8 T,train,CGAACATGTGACCAAG-1,ACTTTCATCCATGAAC-1
train_CD8 T_00329,CD8 T,train,AGTGGGATCAATACCG-1,CTAATGGCAATAGCAA-1
train_CD8 T_00330,CD8 T,train,GACACGCCAAGGTTCT-1,AGCTCTCTCACGAAGG-1
train_CD8 T_00331,CD8 T,train,CGAGCACCATTCGACA-1,TTGCCGTCACAAGTAA-1
train_CD8 T_00332,CD8 T,train,CTCGTACTCTGAGTGT-1,GCTGCTTCATCAGTCA-1
train_CD8 T_00333,CD8 T,train,GTAGGCCAGACTAAGT-1,CGATGGCAGGGAAACA-1
train_CD8 T_00334,CD8 T,train,GGGAGATGTGTAATGA-1,GCAAACTCACCTATCC-1
train_CD8 T_00335,CD8 T,train,GGGCACTAGATCCCAT-1,ACTTTCATCCATGAAC-1
train_CD8 T_00336,CD8 T,train,GCACTCTTCCGAAGAG-1,TTGAACGTCCAGAAGG-1
train_CD8 T_00337,CD8 T,train,AACCGCGTCTACTCAT-1,ACTGAACCACTGTCGG-1
train_CD8 T_00338,CD8 T,train,TCTGAGAGTATCACCA-1,CATCGGGGTCTAGCCG-1
train_CD8 T_00339,CD8 T,train,CGCGTTTAGTATCGAA-1,CCAATCCCATCATCCC-1
train_CD8 T_00340,CD8 T,train,GCACTCTAGATATACG-1,GCTCCTAGTTTCCACC-1
train_CD8 T_00341,CD8 T,train,GACCTGGAGCCAGGAT-1,GGGTTGCTCAAGGTAA-1
train_CD8 T_00342,CD8 T,train,GTACTCCCATGCCTAA-1,TTGAACGTCCAGAAGG-1
train_CD8 T_00343,CD8 T,train,GATGAGGTCAGGATCT-1,CGCTTCAAGACCGGAT-1
train_CD8 T_00344,CD8 T,train,CGATTGAAGTGTGGCA-1,GGACATTAGACCGGAT-1
train_CD8 T_00345,CD8 T,train,TGGGCGTCAAGGCTCC-1,AGACGTTAGTCTTGCA-1
train_CD8 T_00346,CD8 T,train,GACACGCCAAGGTTCT-1,GGGAATGAGACAGAGA-1
train_CD8 T_00347,CD8 T,train,CTAATGGAGATATGCA-1,TACACGAGTGAAATCA-1
train_CD8 T_00348,CD8 T,train,CTCAGAAGTACCAGTT-1,CTCTACGTCTGTGCAA-1
train_CD8 T_00349,CD8 T,train,GCTCCTAGTCACACGC-1,CCTTCGAGTAAACGCG-1
train_CD8 T_00350,CD8 T,train,GATCGATCACGAAAGC-1,GACGGCTTCATCTGCC-1
train_CD8 T_00351,CD8 T,train,GATCTAGAGATCCGAG-1,CCACCTATCTGTTGAG-1
train_CD8 T_00352,CD8 T,train,AATCGGTTCCTCTAGC-1,GTCATTTGTACAGACG-1
train_CD8 T_00353,CD8 T,train,GGGCACTGTAGCGCAA-1,GGGTTGCTCAAGGTAA-1
train_CD8 T_00354,CD8 T,train,AGGTCATCATGTCCTC-1,AACGTTGGTAAGCACG-1
train_CD8 T_00355,CD8 T,train,ACTGTCCAGAGGTTAT-1,CCACGGACATCCCACT-1
train_CD8 T_00356,CD8 T,train,TCAGGATCACTGTGTA-1,TGGGAAGCACAAGACG-1
train_CD8 T_00357,CD8 T,train,GCGCAACGTCGGATCC-1,CGAACATGTCACCCAG-1
train_CD8 T_00358,CD8 T,train,CCTTCGACAACTGCTA-1,GGATTACAGGATGGAA-1
train_CD8 T_00359,CD8 T,train,TTTCCTCCACATTTCT-1,TGGACGCAGAATTGTG-1
train_CD8 T_00360,CD8 T,train,CTCGTACTCTGAGTGT-1,TTCTCAAGTACTTCTT-1
train_CD8 T_00361,CD8 T,train,TTAGGACAGATCACGG-1,TAGACCATCGCCAAAT-1
train_CD8 T_00362,CD8 T,train,GCACTCTAGATATACG-1,GCACTCTCAGATGAGC-1
train_CD8 T_00363,CD8 T,train,GCATGTAGTATATGAG-1,AGAGTGGCACCTGGTG-1
train_CD8 T_00364,CD8 T,train,AACACGTGTCGCATAT-1,TGTATTCAGGCTATCT-1
train_CD8 T_00365,CD8 T,train,ACAGCCGAGGACACCA-1,TTTGGTTAGTGTCCCG-1
train_CD8 T_00366,CD8 T,train,TGACTAGGTCTAGAGG-1,GTGTGCGCATTCACTT-1
train_CD8 T_00367,CD8 T,train,GGATTACAGCTCAACT-1,TTGCCGTCACAAGTAA-1
train_CD8 T_00368,CD8 T,train,GGTGTTACATGCAACT-1,TGACGGCGTGCCTGCA-1
train_CD8 T_00369,CD8 T,train,CGAGCCATCACCCTCA-1,CATGGCGGTAAGTAGT-1
train_CD8 T_00370,CD8 T,train,ATAACGCGTTTGGGCC-1,TTCTACAGTGTAATGA-1
train_CD8 T_00371,CD8 T,train,TTTCCTCCACATTTCT-1,CATCAAGGTTCGTGAT-1
train_CD8 T_00372,CD8 T,train,TTTATGCTCATGTAGC-1,ACCAGTATCATGTGGT-1
train_CD8 T_00373,CD8 T,train,GATCGATCACGAAAGC-1,GGCGACTGTGGTAACG-1
train_CD8 T_00374,CD8 T,train,CAGCAGCTCTGCTGTC-1,ACTGCTCCATCCTAGA-1
train_CD8 T_00375,CD8 T,train,GACGTGCTCTAACCGA-1,CGGTTAACAATGTAAG-1
train_CD8 T_00376,CD8 T,train,TGACTTTGTGTTCTTT-1,GTATTCTGTCGAATCT-1
train_CD8 T_00377,CD8 T,train,TGCGGGTCAGACTCGC-1,GCTCCTAGTTTCCACC-1
train_CD8 T_00378,CD8 T,train,CATCCACCAATGTTGC-1,CATTATCCATCAGTCA-1
train_CD8 T_00379,CD8 T,train,CTGATCCAGCAGGCTA-1,ATAAGAGAGAAGGGTA-1
train_CD8 T_00380,CD8 T,train,CGATTGAAGAGTGACC-1,ACGATACCAGGTCTCG-1
train_CD8 T_00381,CD8 T,train,TGGGCGTCAAGGCTCC-1,CATATGGTCCTTGACC-1
train_CD8 T_00382,CD8 T,train,TGCACCTTCCCATTTA-1,ACCAGTATCATGTGGT-1
train_CD8 T_00383,CD8 T,train,GAACATCAGGTGTTAA-1,CAAGAAAAGTACACCT-1
train_CD8 T_00384,CD8 T,train,ACACTGATCCATTCTA-1,CGCTTCAAGACCGGAT-1
train_CD8 T_00385,CD8 T,train,ATGAGGGTCATGTCTT-1,CGATGGCTCGTTGCCT-1
train_CD8 T_00386,CD8 T,train,TGGCCAGCAGTTCATG-1,GTACTCCGTGACGGTA-1
train_CD8 T_00387,CD8 T,train,CATCAGATCTGCAAGT-1,AGAGCTTAGTATGACA-1
train_CD8 T_00388,CD8 T,train,AGAATAGAGAATCTCC-1,CTTTGCGCACTTAAGC-1
train_CD8 T_00389,CD8 T,train,TGGCCAGCAGTTCATG-1,TATGCCCAGGCATTGG-1
train_CD8 T_00390,CD8 T,train,GAAGCAGGTCTCTTTA-1,ACCCACTGTTTGGCGC-1
train_CD8 T_00391,CD8 T,train,GCTGCGATCATAAAGG-1,CCACTACTCGGCATCG-1
train_CD8 T_00392,CD8 T,train,CGAGCCATCACCCTCA-1,ACTGAACCACGGACAA-1
train_CD8 T_00393,CD8 T,train,CGGCTAGCACGAAAGC-1,GTGCAGCAGGAGTAGA-1
train_CD8 T_00394,CD8 T,train,CCTTTCTCACCTTGTC-1,GACACGCTCCACGACG-1
train_CD8 T_00395,CD8 T,train,CATCAGATCTGCAAGT-1,AACGTTGGTAAGCACG-1
train_CD8 T_00396,CD8 T,train,GCGACCAGTTAAGTAG-1,GCAGTTATCGTTGCCT-1
train_CD8 T_00397,CD8 T,train,AACCGCGTCTACTCAT-1,GGACATTCAGGCGATA-1
train_CD8 T_00398,CD8 T,train,TGAGGGAGTCCAGTTA-1,CATCAAGCATCCCATC-1
train_CD8 T_00399,CD8 T,train,GATGAAAGTGCTGTAT-1,CTAACTTTCTGACCTC-1
train_CD8 T_00400,CD8 T,train,ATTCTACCAGGACCCT-1,CACAGTAAGCCACCTG-1
train_CD8 T_00401,CD8 T,train,ATCCACCGTTGCCTCT-1,TCTTCGGTCTCAAACG-1
train_CD8 T_00402,CD8 T,train,CCTACACGTAAAGGAG-1,TCTTCGGTCTCAAACG-1
train_CD8 T_00403,CD8 T,train,GCACTCTAGATATACG-1,GCGCGATAGCGTCAAG-1
train_CD8 T_00404,CD8 T,train,GATTCAGAGAGCTATA-1,GGTGTTAAGAATGTGT-1
train_CD8 T_00405,CD8 T,train,TCACGAAGTAAGGGCT-1,CGCTATCAGTGCGATG-1
train_CD8 T_00406,CD8 T,train,ACCAGTACATTTGCCC-1,TGACGGCGTACTTCTT-1
train_CD8 T_00407,CD8 T,train,TACTCATCAATCAGAA-1,GGACAAGTCTCTAAGG-1
train_CD8 T_00408,CD8 T,train,AAAGCAATCCGCGGTA-1,GCGCGATAGCCAGAAC-1
train_CD8 T_00409,CD8 T,train,GCGCAACGTCGGATCC-1,GGACATTAGACCGGAT-1
train_CD8 T_00410,CD8 T,train,GTCACAAGTATAATGG-1,AGTGAGGTCATTCACT-1
train_CD8 T_00411,CD8 T,train,AGGGAGTCACGCGAAA-1,TGCTGCTCACTGAAGG-1
train_CD8 T_00412,CD8 T,train,GTGCAGCTCGCTGATA-1,TCACAAGGTCCTGCTT-1
train_CD8 T_00413,CD8 T,train,CCTTCCCTCCCAGGTG-1,CCTTCCCTCTTGCAAG-1
train_CD8 T_00414,CD8 T,train,AGTGGGATCAATACCG-1,CTCCTAGGTAGGCTGA-1
train_CD8 T_00415,CD8 T,train,TGCACCTAGGTTACCT-1,GATGCTAAGCGGCTTC-1
train_CD8 T_00416,CD8 T,train,GTACTCCCATGCCTAA-1,CACAGTAAGCCACCTG-1
train_CD8 T_00417,CD8 T,train,CCTTCGACAACTGCTA-1,GCAGTTATCGTTGCCT-1
train_CD8 T_00418,CD8 T,train,AGGGAGTCACGCGAAA-1,TCATTACGTTGGAGGT-1
train_CD8 T_00419,CD8 T,train,TCTCTAATCCGAAGAG-1,CGGGTCAGTCTCTCTG-1
train_CD8 T_00420,CD8 T,train,ATAACGCGTTTGGGCC-1,CGGAGTCCACACAGAG-1
train_CD8 T_00421,CD8 T,train,TCAGGATAGCATCATC-1,TAGCCGGCAATGTAAG-1
train_CD8 T_00422,CD8 T,train,AGGGATGGTTCTGAAC-1,AACTCCCAGCAGATCG-1
train_CD8 T_00423,CD8 T,train,CTAATGGAGATATGCA-1,CCTTCGAGTAAACGCG-1
train_CD8 T_00424,CD8 T,train,CCAATCCCACTTCTGC-1,TGCACCTCACGAGGTA-1
train_CD8 T_00425,CD8 T,train,AACCGCGCACTCTGTC-1,AACCATGGTCAGAGGT-1
train_CD8 T_00426,CD8 T,train,TTTCCTCCACATTTCT-1,TGGACGCAGCGATTCT-1
train_CD8 T_00427,CD8 T,train,GATCAGTGTTCGTGAT-1,ATTACTCGTTGGTTTG-1
train_CD8 T_00428,CD8 T,train,TACTCGCTCGTTGACA-1,CTGTTTAGTCATGCCG-1
train_CD8 T_00429,CD8 T,train,TTTATGCTCATGTAGC-1,GTGTGCGCATTCACTT-1
train_CD8 T_00430,CD8 T,train,CCAATCCCACTTCTGC-1,CAACTAGGTCAGCTAT-1
train_CD8 T_00431,CD8 T,train,AAAGCAATCCGCGGTA-1,GTGTTAGAGAAGGACA-1
train_CD8 T_00432,CD8 T,train,AAACCTGAGGCTAGCA-1,GTAGTCAGTGACTACT-1
train_CD8 T_00433,CD8 T,train,GGCGACTAGCGCCTTG-1,GGAAAGCGTACAGACG-1
train_CD8 T_00434,CD8 T,train,GTACTTTTCCACGAAT-1,GGTGTTAGTATAAACG-1
train_CD8 T_00435,CD8 T,train,GCCAAATCAACGATCT-1,CCTTCCCTCTTGCAAG-1
train_CD8 T_00436,CD8 T,train,CGTGAGCTCACCCTCA-1,TGACGGCGTACTTCTT-1
train_CD8 T_00437,CD8 T,train,CATATGGTCCAATGGT-1,GGAAAGCGTACAGACG-1
train_CD8 T_00438,CD8 T,train,GATTCAGAGAGCTATA-1,GGACATTAGACCGGAT-1
train_CD8 T_00439,CD8 T,train,GGGCATCGTTTGTGTG-1,ACACCAATCATTCACT-1
train_CD8 T_00440,CD8 T,train,GGCTGGTTCATTTGGG-1,TACAGTGCAGCTGGCT-1
train_CD8 T_00441,CD8 T,train,AGAATAGAGAATCTCC-1,CAACCAACAACTGCTA-1
train_CD8 T_00442,CD8 T,train,CTTAGGATCTCCCTGA-1,CTGCGGACAGACAAGC-1
train_CD8 T_00443,CD8 T,train,ATTGGTGTCTGTCCGT-1,GACGGCTTCATCTGCC-1
train_CD8 T_00444,CD8 T,train,TTAGTTCCAGTTAACC-1,CAGCATAAGAAACGAG-1
train_CD8 T_00445,CD8 T,train,TACTCATGTAGGGTAC-1,CGCTATCAGTGCGATG-1
train_CD8 T_00446,CD8 T,train,GATTCAGAGAGCTATA-1,CGAACATGTCACCCAG-1
train_CD8 T_00447,CD8 T,train,CATCAGATCTGCAAGT-1,AAGGCAGGTCTAGCCG-1
train_CD8 T_00448,CD8 T,train,GGGCACTAGTTAGCGG-1,AACTCAGGTAGGGACT-1
train_CD8 T_00449,CD8 T,train,AACACGTGTCGCATAT-1,GATGCTAAGCGGCTTC-1
train_CD8 T_00450,CD8 T,train,AGAATAGCAGCGTCCA-1,TCACAAGGTTCGTCTC-1
train_CD8 T_00451,CD8 T,train,CTGCGGACACCTTGTC-1,ACATACGCAATTGCTG-1
train_CD8 T_00452,CD8 T,train,ACCAGTACATTTGCCC-1,GGGACCTAGGCTCATT-1
train_CD8 T_00453,CD8 T,train,TCACGAATCAGTTAGC-1,ATGTGTGAGCCCGAAA-1
train_CD8 T_00454,CD8 T,train,TTAGGACTCGTTACAG-1,CTTAGGACATAGACTC-1
train_CD8 T_00455,CD8 T,train,TGGCTGGCAATCAGAA-1,CAACTAGGTCAGCTAT-1
train_CD8 T_00456,CD8 T,train,TCACGAAGTAAGGGCT-1,GCGCGATAGCCAGAAC-1
train_CD8 T_00457,CD8 T,train,TTAGGCATCTGCGTAA-1,CCTTCCCTCTTGCAAG-1
train_CD8 T_00458,CD8 T,train,TCACGAAGTAAGGGCT-1,CATGGCGGTAAGTAGT-1
train_CD8 T_00459,CD8 T,train,CGGCTAGCACGAAAGC-1,ATCACGATCTCCTATA-1
train_CD8 T_00460,CD8 T,train,GTACTTTTCCACGAAT-1,GACACGCTCCACGACG-1
train_CD8 T_00461,CD8 T,train,AGTGAGGGTCCTCTTG-1,ACACTGACAAGTTAAG-1
train_CD8 T_00462,CD8 T,train,TTTCCTCCACATTTCT-1,GTAGTCAGTTAAAGAC-1
train_CD8 T_00463,CD8 T,train,CGTGAGCTCACCCTCA-1,CATGGCGGTAAGTAGT-1
train_CD8 T_00464,CD8 T,train,GTCAAGTAGGCCCTCA-1,CCTACCATCTTCGGTC-1
train_CD8 T_00465,CD8 T,train,ATAACGCGTTTGGGCC-1,TAGACCATCGCCAAAT-1
train_CD8 T_00466,CD8 T,train,CATCCACCAATGTTGC-1,CAGCCGATCCTTGCCA-1
train_CD8 T_00467,CD8 T,train,ACACTGAAGAGCCCAA-1,GCAGTTATCGTTGCCT-1
train_CD8 T_00468,CD8 T,train,GACAGAGCACATGACT-1,TTGCGTCCACAAGTAA-1
train_CD8 T_00469,CD8 T,train,AGGCCGTCATATACCG-1,CCTTCCCTCTTGCAAG-1
train_CD8 T_00470,CD8 T,train,CCTTCGACAACTGCTA-1,TTAGTTCTCGCCAAAT-1
train_CD8 T_00471,CD8 T,train,GCGACCAGTTAAGTAG-1,CATTATCCATCAGTCA-1
train_CD8 T_00472,CD8 T,train,TCTGAGAGTATCACCA-1,ATCCGAAAGAACAACT-1
train_CD8 T_00473,CD8 T,train,CGAGCCATCACCCTCA-1,ATCTACTGTGTGACGA-1
train_CD8 T_00474,CD8 T,train,GAATAAGCAGTCACTA-1,TTAACTCTCGGTTCGG-1
train_CD8 T_00475,CD8 T,train,AGGGAGTCACGCGAAA-1,GCGACCAGTTACCGAT-1
train_CD8 T_00476,CD8 T,train,AGGTCCGCATTACCTT-1,AGCTCTCTCACGAAGG-1
train_CD8 T_00477,CD8 T,train,GATCGATCACGAAAGC-1,TGGACGCAGCGATTCT-1
train_CD8 T_00478,CD8 T,train,CGATTGAAGTGTGGCA-1,GCGCGATAGCGTCAAG-1
train_CD8 T_00479,CD8 T,train,GGACAGACATACGCTA-1,CTGCCTAGTTAGAACA-1
train_CD8 T_00480,CD8 T,train,TGACTAGGTCTAGAGG-1,GCAAACTCACCTATCC-1
train_CD8 T_00481,CD8 T,train,TCTGAGAGTATCACCA-1,ATGTGTGAGCCCGAAA-1
train_CD8 T_00482,CD8 T,train,CACATTTAGTGCTGCC-1,GTTAAGCCATCAGTCA-1
train_CD8 T_00483,CD8 T,train,AAAGCAATCCGCGGTA-1,AGGTCCGAGGCGCTCT-1
train_CD8 T_00484,CD8 T,train,GATCTAGAGATCCGAG-1,CATGGCGGTAAGTAGT-1
train_CD8 T_00485,CD8 T,train,AGCTCCTCATCCAACA-1,CCAATCCCATCATCCC-1
train_CD8 T_00486,CD8 T,train,TTAGGCATCTGCGTAA-1,GTCCTCATCTACCAGA-1
train_CD8 T_00487,CD8 T,train,GACCTGGTCATTTGGG-1,GCTTGAACATTCACTT-1
train_CD8 T_00488,CD8 T,train,TACTCATGTAGGGTAC-1,GCACTCTCAGATGAGC-1
train_CD8 T_00489,CD8 T,train,TGACTAGGTCTAGAGG-1,CCTAGCTAGCCAGGAT-1
train_CD8 T_00490,CD8 T,train,GGGCACTAGTTAGCGG-1,ACATCAGGTGAGTGAC-1
train_CD8 T_00491,CD8 T,train,CGAGCACAGATGTGGC-1,TGCACCTAGAGCAATT-1
train_CD8 T_00492,CD8 T,train,CTGATCCAGCAGGCTA-1,AAGACCTCATCTCGCT-1
train_CD8 T_00493,CD8 T,train,ACCAGTACATTTGCCC-1,TGGACGCAGCGATTCT-1
train_CD8 T_00494,CD8 T,train,CGGGTCAGTGGTCTCG-1,CGGTTAACAATGTAAG-1
train_CD8 T_00495,CD8 T,train,CGGACTGTCAAGGCTT-1,TCCACACCACGCCAGT-1
train_CD8 T_00496,CD8 T,train,GACAGAGGTGCGCTTG-1,GGGACCTAGGCTCATT-1
train_CD8 T_00497,CD8 T,train,TACTCATCAAGCGATG-1,ACGATACCAGGTCTCG-1
train_CD8 T_00498,CD8 T,train,GATCGCGAGGCAGTCA-1,TGGACGCAGCGATTCT-1
train_CD8 T_00499,CD8 T,train,CTAACTTGTTAGTGGG-1,GCGACCAGTTACCGAT-1
train_CD8 T_00500,CD8 T,train,CTCGTCAAGCACAGGT-1,CCCTCCTAGATCGGGT-1
train_CD8 T_00501,CD8 T,train,TTAGGACTCGTTACAG-1,CTCCTAGGTAGGCTGA-1
train_CD8 T_00502,CD8 T,train,TGGACGCCATGAAGTA-1,GTCATTTGTACAGACG-1
train_CD8 T_00503,CD8 T,train,GATGAAAGTGCTGTAT-1,GCTTGAACATTCACTT-1
train_CD8 T_00504,CD8 T,train,GGACAAGTCCACGCAG-1,TCATTTGTCACCGTAA-1
train_CD8 T_00505,CD8 T,train,CTCAGAACAATCGAAA-1,TAGGCATCAAGCGCTC-1
train_CD8 T_00506,CD8 T,train,CATCAGATCTGCAAGT-1,GTGCATAGTTGCGCAC-1
train_CD8 T_00507,CD8 T,train,AGCTCCTCATCCAACA-1,CGGTTAACAATGTAAG-1
train_CD8 T_00508,CD8 T,train,GTACTTTTCCACGAAT-1,ACTTTCATCCATGAAC-1
train_CD8 T_00509,CD8 T,train,GATCTAGCAGTTTACG-1,ACACTGACAAGTTAAG-1
train_CD8 T_00510,CD8 T,train,CAGCAGCTCTGCTGTC-1,ATTTCTGGTACTTAGC-1
train_CD8 T_00511,CD8 T,train,ACCGTAAAGCAATATG-1,ACCAGTATCATGTGGT-1
train_CD8 T_00512,CD8 T,train,TGGCTGGCAATCAGAA-1,GAACCTATCTCAAGTG-1
train_CD8 T_00513,CD8 T,train,GATCAGTAGAGCTATA-1,CGATGGCAGGGAAACA-1
train_CD8 T_00514,CD8 T,train,AACCGCGCACTCTGTC-1,AGACGTTAGTCTTGCA-1
train_CD8 T_00515,CD8 T,train,AATCGGTTCCTCTAGC-1,ACTGTCCCACCAGGCT-1
train_CD8 T_00516,CD8 T,train,ACCTTTAAGTTACGGG-1,ATAACGCGTCGGCACT-1
train_CD8 T_00517,CD8 T,train,CTGCGGACACCTTGTC-1,AGAGTGGGTCCAACTA-1
train_CD8 T_00518,CD8 T,train,CAGATCAGTTCACCTC-1,CTAATGGAGTACGCGA-1
train_CD8 T_00519,CD8 T,train,GATCTAGCAGTTTACG-1,AGAGTGGGTCCAACTA-1
train_CD8 T_00520,CD8 T,train,TTCCCAGGTACAGCAG-1,GCACTCTCAGATGAGC-1
train_CD8 T_00521,CD8 T,train,ACCTTTAAGTTACGGG-1,ACGATACGTCGCGAAA-1
train_CD8 T_00522,CD8 T,train,CGCGTTTAGTATCGAA-1,GCGCGATAGCCAGAAC-1
train_CD8 T_00523,CD8 T,train,TCGGTAAAGATAGTCA-1,TGAGCATCATACTACG-1
train_CD8 T_00524,CD8 T,train,TACTCGCTCGTTGACA-1,TGCACCTAGAGCAATT-1
train_CD8 T_00525,CD8 T,train,CATGACACAGCATACT-1,TACACGATCCCACTTG-1
train_CD8 T_00526,CD8 T,train,TCGGTAAAGATAGTCA-1,GTGTGCGCATTCACTT-1
train_CD8 T_00527,CD8 T,train,TGGACGCCATGAAGTA-1,TGAGCATCATACTACG-1
train_CD8 T_00528,CD8 T,train,AATCGGTTCCTCTAGC-1,TTAACTCTCGGTTCGG-1
train_CD8 T_00529,CD8 T,train,AACACGTGTCGCATAT-1,CGATGGCAGGGAAACA-1
train_CD8 T_00530,CD8 T,train,GGCTGGTTCATTTGGG-1,CGCTATCAGTGCGATG-1
train_CD8 T_00531,CD8 T,train,TCTGAGATCACTCCTG-1,ACCAGTATCATGTGGT-1
train_CD8 T_00532,CD8 T,train,CAGATCACATGGTAGG-1,GGGAATGAGACAGAGA-1
train_CD8 T_00533,CD8 T,train,GCACTCTTCCGAAGAG-1,GGCTCGACAAGAGTCG-1
train_CD8 T_00534,CD8 T,train,CTAATGGAGATATGCA-1,GATGCTAAGCGGCTTC-1
train_CD8 T_00535,CD8 T,train,CTCGTACTCTGAGTGT-1,GTTCATTAGATGTAAC-1
train_CD8 T_00536,CD8 T,train,CGAGCACCACTGTTAG-1,TGGGAAGAGTGGCACA-1
train_CD8 T_00537,CD8 T,train,CCTATTAAGGCTAGAC-1,GTGCAGCAGGAGTAGA-1
train_CD8 T_00538,CD8 T,train,GACGTGCTCTAACCGA-1,AGAGTGGGTCCAACTA-1
train_CD8 T_00539,CD8 T,train,GTGCATAGTCATACTG-1,GGATTACAGGATGGAA-1
train_CD8 T_00540,CD8 T,train,GGTGTTACATGCAACT-1,GACACGCTCCACGACG-1
train_CD8 T_00541,CD8 T,train,AGGTCATCATGTCCTC-1,ATTTCTGGTACTTAGC-1
train_CD8 T_00542,CD8 T,train,TTTGTCACACAACTGT-1,GCTGCTTAGTGGCACA-1
train_CD8 T_00543,CD8 T,train,AGAATAGCAGCGTCCA-1,CAGCTGGCAGGAACGT-1
train_CD8 T_00544,CD8 T,train,GGACAGAAGTACATGA-1,CAACCAACAAAGCGGT-1
train_CD8 T_00545,CD8 T,train,CAGCTGGAGCAAATCA-1,TTGAACGTCCAGAAGG-1
train_CD8 T_00546,CD8 T,train,GAACATCTCTTGCAAG-1,CCCAGTTCAGTCGTGC-1
train_CD8 T_00547,CD8 T,train,GACTGCGGTCGGATCC-1,CCTTTCTCAATAAGCA-1
train_CD8 T_00548,CD8 T,train,CCTTCGACAACTGCTA-1,GGATTACAGGATGGAA-1
train_CD8 T_00549,CD8 T,train,AGGTCCGCATTACCTT-1,TGAGCATCATACTACG-1
train_CD8 T_00550,CD8 T,train,ATTATCCGTACGAAAT-1,CTAACTTTCTGACCTC-1
train_CD8 T_00551,CD8 T,train,TAAGAGATCAATCTCT-1,ATCCGAAAGAACAACT-1
train_CD8 T_00552,CD8 T,train,GAACCTATCCGAATGT-1,ACTGCTCCATCCTAGA-1
train_CD8 T_00553,CD8 T,train,TACTCGCCAATCGGTT-1,CTAATGGCAATGCCAT-1
train_CD8 T_00554,CD8 T,train,GTAGGCCAGACTAAGT-1,ATCGAGTTCGGCATCG-1
train_CD8 T_00555,CD8 T,train,GTCAAGTAGGCCCTCA-1,TCATTACGTTGGAGGT-1
train_CD8 T_00556,CD8 T,train,GACGTTATCCACGTGG-1,GTTAAGCCATCAGTCA-1
train_CD8 T_00557,CD8 T,train,GTACTCCCATGCCTAA-1,ACATACGCAATTGCTG-1
train_CD8 T_00558,CD8 T,train,GATCGCGAGGCAGTCA-1,TGCGCAGTCATCATTC-1
train_CD8 T_00559,CD8 T,train,ACTGCTCCATCGACGC-1,TTCTTAGCAGTATCTG-1
train_CD8 T_00560,CD8 T,train,CGTTGGGAGCTGGAAC-1,CATGGCGGTAAGTAGT-1
train_CD8 T_00561,CD8 T,train,ACCGTAAAGCAATATG-1,CAGCAGCAGGCGATAC-1
train_CD8 T_00562,CD8 T,train,CGAACATGTGACCAAG-1,CTTAGGACAAATACAG-1
train_CD8 T_00563,CD8 T,train,GCAGCCAGTTCGCTAA-1,GTGTGCGCATTCACTT-1
train_CD8 T_00564,CD8 T,train,CGGCTAGCACGAAAGC-1,CAACCAACAACTGCTA-1
train_CD8 T_00565,CD8 T,train,TCAACGAAGATATGCA-1,TTAACTCTCGGTTCGG-1
train_CD8 T_00566,CD8 T,train,GACACGCCAAGGTTCT-1,GAAATGATCACCCGAG-1
train_CD8 T_00567,CD8 T,train,GCCAAATAGAAGATTC-1,CTACATTTCCTCGCAT-1
train_CD8 T_00568,CD8 T,train,GTACTTTTCCACGAAT-1,AACTCCCAGCAGATCG-1
train_CD8 T_00569,CD8 T,train,CAGATCACATGGTAGG-1,CTGCCTACACGGTGTC-1
train_CD8 T_00570,CD8 T,train,CTCAGAACAATCGAAA-1,CGACCTTAGAGTCTGG-1
train_CD8 T_00571,CD8 T,train,ATCATCTAGCGTAATA-1,TCTGGAACACACGCTG-1
train_CD8 T_00572,CD8 T,train,TTAGGCATCTGCGTAA-1,GTTCATTAGATGTAAC-1
train_CD8 T_00573,CD8 T,train,ACCTTTAAGTTACGGG-1,ACTGAACCACGGACAA-1
train_CD8 T_00574,CD8 T,train,GCGCAACGTCGGATCC-1,GCGCGATAGCCAGAAC-1
train_CD8 T_00575,CD8 T,train,GAATAAGCAGTCACTA-1,CTTTGCGCACTTAAGC-1
train_CD8 T_00576,CD8 T,train,ACTGTCCAGAGGTTAT-1,GTCCTCATCTACCAGA-1
train_CD8 T_00577,CD8 T,train,GGGATGATCATTGCCC-1,ACCCACTGTTTGGCGC-1
train_CD8 T_00578,CD8 T,train,GAAGCAGGTCTCTTTA-1,AGTGAGGTCATTCACT-1
train_CD8 T_00579,CD8 T,train,GATCTAGCATAGTAAG-1,TGAGCATCATACTACG-1
train_CD8 T_00580,CD8 T,train,GATGAAAGTCGCATAT-1,GGACATTAGACCGGAT-1
train_CD8 T_00581,CD8 T,train,ATTATCCGTACGAAAT-1,TTTGGTTAGTGTCCCG-1
train_CD8 T_00582,CD8 T,train,GTCATTTGTATTAGCC-1,ACGATACGTCGCGAAA-1
train_CD8 T_00583,CD8 T,train,CGTAGGCTCTAACGGT-1,TTAACTCTCGGTTCGG-1
train_CD8 T_00584,CD8 T,train,AGGCCGTCATATACCG-1,CGTGTCTAGCGCTTAT-1
train_CD8 T_00585,CD8 T,train,TCAGATGGTCTGATTG-1,TGCACCTCACGAGGTA-1
train_CD8 T_00586,CD8 T,train,CATATGGTCCAATGGT-1,CCAGCGACATATACCG-1
train_CD8 T_00587,CD8 T,train,GCTCCTAGTCACACGC-1,CCTTCGAGTAAACGCG-1
train_CD8 T_00588,CD8 T,train,GTAGGCCAGACTAAGT-1,GGCTCGACAAGAGTCG-1
train_CD8 T_00589,CD8 T,train,ATCCACCGTTGCCTCT-1,AGAGCTTAGTATGACA-1
train_CD8 T_00590,CD8 T,train,TCGTAGAAGGCGATAC-1,ACGGGCTAGAGCTATA-1
train_CD8 T_00591,CD8 T,train,ATTATCCCACAGGTTT-1,TGGACGCAGAATTGTG-1
train_CD8 T_00592,CD8 T,train,GGGCATCGTTTGTGTG-1,ATCATCTAGTGGCACA-1
train_CD8 T_00593,CD8 T,train,GTGCTTCTCTCGTATT-1,GATGCTAAGCGGCTTC-1
train_CD8 T_00594,CD8 T,train,TCAATCTCAAGCCGCT-1,CTTAGGACATAGACTC-1
train_CD8 T_00595,CD8 T,train,GATCGCGAGGCAGTCA-1,GTAGTCAGTGACTACT-1
train_CD8 T_00596,CD8 T,train,CTCAGAACAATCGAAA-1,TGACGGCTCGGCGCTA-1
train_CD8 T_00597,CD8 T,train,ACTGCTCCATCGACGC-1,CGCCAAGAGCAGACTG-1
train_CD8 T_00598,CD8 T,train,AGGCCGTCATATACCG-1,CTCTACGTCTGTGCAA-1
train_CD8 T_00599,CD8 T,train,TGAGCATAGACAGACC-1,CTGCCTACACGGTGTC-1
train_CD8 T_00600,CD8 T,train,GATCGATCACGAAAGC-1,TCATTTGTCACCGTAA-1
train_CD8 T_00601,CD8 T,train,TGCACCTTCCCATTTA-1,GATCGTATCGAATCCA-1
train_CD8 T_00602,CD8 T,train,GTACTTTTCCACGAAT-1,ACGATACGTCGCGAAA-1
train_CD8 T_00603,CD8 T,train,GGACAGAAGTACATGA-1,CGCTGGATCTTGACGA-1
train_CD8 T_00604,CD8 T,train,GCATGTAGTATATGAG-1,TACAGTGCAGCTGGCT-1
train_CD8 T_00605,CD8 T,train,AATCGGTTCCTCTAGC-1,CTCCTAGGTAGGCTGA-1
train_CD8 T_00606,CD8 T,train,ATTCTACCAGGACCCT-1,AACCATGGTCAGAGGT-1
train_CD8 T_00607,CD8 T,train,GTGCAGCTCGCTGATA-1,GTACTTTTCCTCTAGC-1
train_CD8 T_00608,CD8 T,train,CGTTGGGAGCTGGAAC-1,GGTATTGCATTGAGCT-1
train_CD8 T_00609,CD8 T,train,AGTTGGTCACTTAACG-1,GCTGCTTAGGTGGGTT-1
train_CD8 T_00610,CD8 T,train,ACTGAGTTCCCTAACC-1,GACCAATCATACGCCG-1
train_CD8 T_00611,CD8 T,train,GAATAAGCAGTCACTA-1,CAGATCACAGAGCCAA-1
train_CD8 T_00612,CD8 T,train,GAAGCAGGTCTCTTTA-1,AACTCCCAGCAGATCG-1
train_CD8 T_00613,CD8 T,train,GACAGAGGTGCGCTTG-1,CAGCAGCAGGCGATAC-1
train_CD8 T_00614,CD8 T,train,TCGGTAAAGATAGTCA-1,ACTGCTCCATCCTAGA-1
train_CD8 T_00615,CD8 T,train,TCACGAAGTAAGGGCT-1,ACATCAGGTATAAACG-1
train_CD8 T_00616,CD8 T,train,GATGAGGTCAGGATCT-1,CAACTAGTCTACTATC-1
train_CD8 T_00617,CD8 T,train,CTACCCAAGAACTGTA-1,ACATACGCAATTGCTG-1
train_CD8 T_00618,CD8 T,train,CTCGAGGTCAATACCG-1,ACATACGCAATTGCTG-1
train_CD8 T_00619,CD8 T,train,ACTGTCCAGAGGTTAT-1,CTGCCTACACGGTGTC-1
train_CD8 T_00620,CD8 T,train,GAAGCAGGTCTCTTTA-1,GGCGACTGTGGTAACG-1
train_CD8 T_00621,CD8 T,train,CATGACACAGCATACT-1,TCATTACCACAGACTT-1
train_CD8 T_00622,CD8 T,train,GATCAGTAGAGCTATA-1,GGACAAGTCTCTAAGG-1
train_CD8 T_00623,CD8 T,train,CATGACACAGCATACT-1,CATCCACGTGAGGGTT-1
train_CD8 T_00624,CD8 T,train,GGCTGGTTCATTTGGG-1,CTAACTTTCTGACCTC-1
train_CD8 T_00625,CD8 T,train,GTAGGCCAGACTAAGT-1,AGTGAGGTCATTCACT-1
train_CD8 T_00626,CD8 T,train,CTCGTCAAGCACAGGT-1,GTGCATAGTTGCGCAC-1
train_CD8 T_00627,CD8 T,train,AGGGATGGTTCTGAAC-1,CGATTGATCGCATGAT-1
train_CD8 T_00628,CD8 T,train,GTAGGCCAGACTAAGT-1,TATGCCCAGGCATTGG-1
train_CD8 T_00629,CD8 T,train,TAAGAGATCAATCTCT-1,TTCTACAGTGTAATGA-1
train_CD8 T_00630,CD8 T,train,GAACATCTCTTGCAAG-1,CTTTGCGCACTTAAGC-1
train_CD8 T_00631,CD8 T,train,GATTCAGAGAGCTATA-1,TAGACCATCGCCAAAT-1
train_CD8 T_00632,CD8 T,train,GTGAAGGAGTGTACCT-1,GGCGACTGTGGTAACG-1
train_CD8 T_00633,CD8 T,train,CTAATGGAGATATGCA-1,CCAGCGACATATACCG-1
train_CD8 T_00634,CD8 T,train,GAAGCAGGTCTCTTTA-1,CAACTAGTCTACTATC-1
train_CD8 T_00635,CD8 T,train,AACCGCGCACTCTGTC-1,GCATACAAGACCACGA-1
train_CD8 T_00636,CD8 T,train,ACACTGATCCATTCTA-1,TAGCCGGCAATGTAAG-1
train_CD8 T_00637,CD8 T,train,CCTTCCCTCCCAGGTG-1,TATCAGGGTGCCTGTG-1
train_CD8 T_00638,CD8 T,train,AGGGAGTCACGCGAAA-1,TCAGGTAGTACCGCTG-1
train_CD8 T_00639,CD8 T,train,TTAGGACTCGTTACAG-1,TATCAGGGTGCCTGTG-1
train_CD8 T_00640,CD8 T,train,GTCGTAACAGACGTAG-1,AGAGCTTAGTATGACA-1
train_CD8 T_00641,CD8 T,train,TTAGGCATCTGCGTAA-1,GGCTGGTAGGCTATCT-1
train_CD8 T_00642,CD8 T,train,CGCGTTTAGTATCGAA-1,GTGCTTCCACATGACT-1
train_CD8 T_00643,CD8 T,train,CCTTTCTCACCTTGTC-1,GACGTTACAGTCGTGC-1
train_CD8 T_00644,CD8 T,train,ATTGGTGTCTGTCCGT-1,GCGCAACCAAGACACG-1
train_CD8 T_00645,CD8 T,train,TACTCGCTCGTTGACA-1,CATATGGTCCTTGACC-1
train_CD8 T_00646,CD8 T,train,GTACTTTAGATGAGAG-1,TCGGTAATCTGACCTC-1
train_CD8 T_00647,CD8 T,train,TGACTAGGTCTAGAGG-1,CTCAGAATCTGGGCCA-1
train_CD8 T_00648,CD8 T,train,CATGCCTAGTCGAGTG-1,GCTGCTTCATCAGTCA-1
train_CD8 T_00649,CD8 T,train,TTTATGCTCATGTAGC-1,ATCGAGTTCGGCATCG-1
train_CD8 T_00650,CD8 T,train,TCACGAATCAGTTAGC-1,GAAATGATCACCCGAG-1
train_CD8 T_00651,CD8 T,train,TTTGTCACACAACTGT-1,CGACCTTAGAGTCTGG-1
train_CD8 T_00652,CD8 T,train,GTATCTTTCCAAGTAC-1,GCTGCTTAGTGGCACA-1
train_CD8 T_00653,CD8 T,train,GATCTAGCATAGTAAG-1,GGACAAGTCTCTAAGG-1
train_CD8 T_00654,CD8 T,train,TCAATCTCAAGCCGCT-1,GACGGCTCACAACGTT-1
train_CD8 T_00655,CD8 T,train,ATTATCCGTACGAAAT-1,AACCATGGTCAGAGGT-1
train_CD8 T_00656,CD8 T,train,ATGAGGGTCATGTCTT-1,CAGCAGCAGGCGATAC-1
train_CD8 T_00657,CD8 T,train,TGACTTTGTGTTCTTT-1,GTTCATTAGATGTAAC-1
train_CD8 T_00658,CD8 T,train,TTAGGACTCGTTACAG-1,CAGCATAAGAAACGAG-1
train_CD8 T_00659,CD8 T,train,GTAGGCCAGACTAAGT-1,TGACGGCGTACTTCTT-1
train_CD8 T_00660,CD8 T,train,CTGCGGACACCTTGTC-1,CCTATTACACCGCTAG-1
train_CD8 T_00661,CD8 T,train,GAAGCAGGTCTCTTTA-1,CGTGTAATCAGATAAG-1
train_CD8 T_00662,CD8 T,train,AGGTCATCATGTCCTC-1,TGAGCATCATACTACG-1
train_CD8 T_00663,CD8 T,train,CGAGCCATCACCCTCA-1,GCTGCTTCATCAGTCA-1
train_CD8 T_00664,CD8 T,train,GCCAAATCAACGATCT-1,GACGGCTCACAACGTT-1
train_CD8 T_00665,CD8 T,train,GACGGCTTCACCGTAA-1,CTTAGGACATAGACTC-1
train_CD8 T_00666,CD8 T,train,ATTATCCGTACGAAAT-1,CGATTGATCGCATGAT-1
train_CD8 T_00667,CD8 T,train,GTATCTTTCCAAGTAC-1,CTCTACGTCTGTGCAA-1
train_CD8 T_00668,CD8 T,train,GTGCAGCTCGCTGATA-1,ATCCGAAAGAACAACT-1
train_CD8 T_00669,CD8 T,train,GATCTAGAGATCCGAG-1,CCTATTACACCGCTAG-1
train_CD8 T_00670,CD8 T,train,TCAACGAAGATATGCA-1,CTCCTAGGTAGGCTGA-1
train_CD8 T_00671,CD8 T,train,TACTCATCAAGCGATG-1,CGGAGTCCACACAGAG-1
train_CD8 T_00672,CD8 T,train,TAAGAGAGTGCATCTA-1,CCTTTCTCAATAAGCA-1
train_CD8 T_00673,CD8 T,train,AAACGGGAGACTAGGC-1,TCAGGTAGTACCGCTG-1
train_CD8 T_00674,CD8 T,train,CATCCACCAATGTTGC-1,GTCCTCATCTACCAGA-1
train_CD8 T_00675,CD8 T,train,TACTCATCAATCAGAA-1,GTACTCCGTGACGGTA-1
train_CD8 T_00676,CD8 T,train,CTCGTACTCTGAGTGT-1,CATATGGTCCTTGACC-1
train_CD8 T_00677,CD8 T,train,CATGCCTAGTCGAGTG-1,AGACGTTAGTCTTGCA-1
train_CD8 T_00678,CD8 T,train,TAAGCGTCAATGAATG-1,TCACAAGGTCCTGCTT-1
train_CD8 T_00679,CD8 T,train,GGTGAAGAGCTAACTC-1,GTGCTTCGTACTTGAC-1
train_CD8 T_00680,CD8 T,train,AAACGGGAGACTAGGC-1,TACAGTGCAGCTGGCT-1
train_CD8 T_00681,CD8 T,train,GCCAAATCAACGATCT-1,GTACTCCGTGACGGTA-1
train_CD8 T_00682,CD8 T,train,GTCGTAACAGACGTAG-1,CTCTACGTCTGTGCAA-1
train_CD8 T_00683,CD8 T,train,CCTACACGTAAAGGAG-1,GGCGACTGTGGTAACG-1
train_CD8 T_00684,CD8 T,train,CGCGTTTAGTATCGAA-1,CTTCTCTTCGGCCGAT-1
train_CD8 T_00685,CD8 T,train,TAAGCGTCAATGAATG-1,CGATTGATCGCATGAT-1
train_CD8 T_00686,CD8 T,train,GCGACCAGTTAAGTAG-1,GTACTCCGTGACGGTA-1
train_CD8 T_00687,CD8 T,train,GGACAAGTCCACGCAG-1,TCAGGTAGTACCGCTG-1
train_CD8 T_00688,CD8 T,train,CGAACATAGAGTACAT-1,CTCAGAATCTGGGCCA-1
train_CD8 T_00689,CD8 T,train,GTATTCTCAACGATGG-1,GTTAAGCCATCAGTCA-1
train_CD8 T_00690,CD8 T,train,AGCTCCTCATCCAACA-1,CTTTGCGCACTTAAGC-1
train_CD8 T_00691,CD8 T,train,GATCAGTAGAGCTATA-1,TTGAACGTCCAGAAGG-1
train_CD8 T_00692,CD8 T,train,GTATCTTTCCAAGTAC-1,TAGAGCTAGGGTCTCC-1
train_CD8 T_00693,CD8 T,train,AGAGCTTCAAGTTCTG-1,GGTGTTAGTATAAACG-1
train_CD8 T_00694,CD8 T,train,CATGACACAGCATACT-1,ATGTGTGAGCCCGAAA-1
train_CD8 T_00695,CD8 T,train,GGCGACTAGCGCCTTG-1,GGGACCTAGGCTCATT-1
train_CD8 T_00696,CD8 T,train,CTACCCAAGAACTGTA-1,GCGACCAGTTACCGAT-1
train_CD8 T_00697,CD8 T,train,GTGCATAGTCATACTG-1,CGATGGCTCGTTGCCT-1
train_CD8 T_00698,CD8 T,train,GTACTTTAGATGAGAG-1,CCTTCCCTCTTGCAAG-1
train_CD8 T_00699,CD8 T,train,TCAATCTTCACCTTAT-1,CAGCCGATCCTTGCCA-1
train_CD8 T_00700,CD8 T,train,CATCCACCAATGTTGC-1,GGACATTCAGGCGATA-1
train_CD8 T_00701,CD8 T,train,TCGGTAAAGATAGTCA-1,GTGCAGCAGGAGTAGA-1
train_CD8 T_00702,CD8 T,train,CGGCTAGCACGAAAGC-1,ACTGTCCCACCAGGCT-1
train_CD8 T_00703,CD8 T,train,GACTGCGAGGGTCTCC-1,GTGCTTCGTACTTGAC-1
train_CD8 T_00704,CD8 T,train,AAACCTGAGGCTAGCA-1,GGTGTTAAGAATGTGT-1
train_CD8 T_00705,CD8 T,train,TGCACCTAGGTTACCT-1,GTTCATTAGATGTAAC-1
train_CD8 T_00706,CD8 T,train,AGTGAGGGTCCTCTTG-1,CATCGGGGTCTAGCCG-1
train_CD8 T_00707,CD8 T,train,CATCAGATCTGCAAGT-1,CCAATCCCATCATCCC-1
train_CD8 T_00708,CD8 T,train,AATCGGTTCCTCTAGC-1,CTCCTAGGTAGGCTGA-1
train_CD8 T_00709,CD8 T,train,AGGGAGTCACGCGAAA-1,TTTATGCGTTATGCGT-1
train_CD8 T_00710,CD8 T,train,GATGAAAGTGCTGTAT-1,CCCAGTTCAGTCGTGC-1
train_CD8 T_00711,CD8 T,train,GTCGTAACAGACGTAG-1,GGAATAACATAAGACA-1
train_CD8 T_00712,CD8 T,train,CGAGCACCATTCGACA-1,CTTCTCTTCGGCCGAT-1
train_CD8 T_00713,CD8 T,train,GTGCATAGTCATACTG-1,GGGTTGCTCAAGGTAA-1
train_CD8 T_00714,CD8 T,train,AACCGCGTCTACTCAT-1,AAGGCAGGTCTAGCCG-1
train_CD8 T_00715,CD8 T,train,TGGTTCCAGAGCCTAG-1,TGCGCAGTCATCATTC-1
train_CD8 T_00716,CD8 T,train,CGGACTGTCAAGGCTT-1,TTCTTAGCAGTATCTG-1
train_CD8 T_00717,CD8 T,train,GTACTTTTCCACGAAT-1,TGCACCTCACGAGGTA-1
train_CD8 T_00718,CD8 T,train,GACCAATGTACTTGAC-1,CGCTGGAAGGAGCGTT-1
train_CD8 T_00719,CD8 T,train,TACTCATCAATCAGAA-1,CAGATCACAGAGCCAA-1
train_CD8 T_00720,CD8 T,train,GATTCAGAGGGAAACA-1,TACCTTAAGTGTACCT-1
train_CD8 T_00721,CD8 T,train,GACGTTATCCACGTGG-1,GGATTACAGGATGGAA-1
train_CD8 T_00722,CD8 T,train,ACTTGTTTCCTGTAGA-1,CAGCTGGCAGGAACGT-1
train_CD8 T_00723,CD8 T,train,CAGCTGGAGCAAATCA-1,GTTCATTAGATGTAAC-1
train_CD8 T_00724,CD8 T,train,TTAGGCATCTGCGTAA-1,GCTCCTAGTTTCCACC-1
train_CD8 T_00725,CD8 T,train,ATTATCCCACAGGTTT-1,CTTAGGACAAATACAG-1
train_CD8 T_00726,CD8 T,train,CCTCAGTTCAGCCTAA-1,GTGCAGCAGGAGTAGA-1
train_CD8 T_00727,CD8 T,train,TGGTTCCAGAGCCTAG-1,CGGTTAACAATGTAAG-1
train_CD8 T_00728,CD8 T,train,TCAATCTCAAGCCGCT-1,ACCCACTGTTTGGCGC-1
train_CD8 T_00729,CD8 T,train,CGGAGTCGTCGCCATG-1,GTGTTAGAGAAGGACA-1
train_CD8 T_00730,CD8 T,train,TCTATTGAGTGTCTCA-1,CTGCCTACACGGTGTC-1
train_CD8 T_00731,CD8 T,train,AAACGGGAGACTAGGC-1,GACACGCTCCACGACG-1
train_CD8 T_00732,CD8 T,train,CCTACACGTAAAGGAG-1,GACGGCTTCATCTGCC-1
train_CD8 T_00733,CD8 T,train,GGTGTTACATGCAACT-1,AGAGCTTAGTATGACA-1
train_CD8 T_00734,CD8 T,train,TTAGGACAGATCACGG-1,GTTCATTAGATGTAAC-1
train_CD8 T_00735,CD8 T,train,GAAGCAGGTCTCTTTA-1,CCTTTCTCAATAAGCA-1
train_CD8 T_00736,CD8 T,train,TTAGGACAGATCACGG-1,GCATACAAGACCACGA-1
train_CD8 T_00737,CD8 T,train,TGCACCTTCCCATTTA-1,CAACTAGGTCAGCTAT-1
train_CD8 T_00738,CD8 T,train,TTCCCAGGTACAGCAG-1,CGATGGCGTGACGGTA-1
train_CD8 T_00739,CD8 T,train,GGCTGGTTCATTTGGG-1,TGACGGCGTGCCTGCA-1
train_CD8 T_00740,CD8 T,train,TCTATTGAGTGTCTCA-1,TCATTTGTCACCGTAA-1
train_CD8 T_00741,CD8 T,train,TCACGAAGTAAGGGCT-1,GGAAAGCGTACAGACG-1
train_CD8 T_00742,CD8 T,train,TTAGTTCCAGTTAACC-1,TGACGGCGTACTTCTT-1
train_CD8 T_00743,CD8 T,train,AGAATAGCAGCGTCCA-1,GAAATGATCACCCGAG-1
train_CD8 T_00744,CD8 T,train,TACTCGCCAATCGGTT-1,GTGCATAGTTGCGCAC-1
train_CD8 T_00745,CD8 T,train,GAAACTCGTAAGTAGT-1,ACTTTCATCCATGAAC-1
train_CD8 T_00746,CD8 T,train,GAATAAGCAGTCACTA-1,AGAGCTTAGTATGACA-1
train_CD8 T_00747,CD8 T,train,GGCGACTAGCGCCTTG-1,GCACTCTCAGATGAGC-1
train_CD8 T_00748,CD8 T,train,AAAGCAATCCACTCCA-1,CAACTAGGTCAGCTAT-1
train_CD8 T_00749,CD8 T,train,GCATGTAGTATATGAG-1,TATCAGGGTGCCTGTG-1
train_CD8 T_00750,CD8 T,train,CATCAGATCTGCAAGT-1,TCATTACCACAGACTT-1
train_CD8 T_00751,CD8 T,train,GAATAAGCAGTCACTA-1,ACGATACCAGGTCTCG-1
train_CD8 T_00752,CD8 T,train,TCAGGATCACTGTGTA-1,ATCCGAAAGAACAACT-1
train_CD8 T_00753,CD8 T,train,TAAGAGAGTGCATCTA-1,GCACTCTCAGATGAGC-1
train_CD8 T_00754,CD8 T,train,GACCTGGTCATTTGGG-1,CTACATTTCCTCGCAT-1
train_CD8 T_00755,CD8 T,train,GTACTCCCATGCCTAA-1,TACAGTGCAGCTGGCT-1
train_CD8 T_00756,CD8 T,train,CAGCTGGAGCAAATCA-1,GCACATAAGATAGGAG-1
train_CD8 T_00757,CD8 T,train,CGTGAGCTCACCCTCA-1,ACACCAATCATTCACT-1
train_CD8 T_00758,CD8 T,train,TCACGAAGTAAGGGCT-1,ACGATACGTCGCGAAA-1
train_CD8 T_00759,CD8 T,train,ACTGTCCAGAGGTTAT-1,TTCTCAAGTACTTCTT-1
train_CD8 T_00760,CD8 T,train,GTCAAGTAGGCCCTCA-1,TGGGAAGAGTGGCACA-1
train_CD8 T_00761,CD8 T,train,TCTCTAATCCGAAGAG-1,CTACATTTCCTCGCAT-1
train_CD8 T_00762,CD8 T,train,CTTAGGATCTCCCTGA-1,TTCTTAGCAGTATCTG-1
train_CD8 T_00763,CD8 T,train,CCAATCCCACTTCTGC-1,GCGCAACCAAGACACG-1
train_CD8 T_00764,CD8 T,train,GCCAAATCAACGATCT-1,TGCGCAGTCATCATTC-1
train_CD8 T_00765,CD8 T,train,TCTCTAATCCGAAGAG-1,GGACATTCAGGCGATA-1
train_CD8 T_00766,CD8 T,train,GTCACAAGTATAATGG-1,GGCTGGTAGGCTATCT-1
train_CD8 T_00767,CD8 T,train,CTGAAGTCATGGGACA-1,TCACAAGGTTCGTCTC-1
train_CD8 T_00768,CD8 T,train,GGATTACAGCTCAACT-1,CATCCACGTGAGGGTT-1
train_CD8 T_00769,CD8 T,train,GTATTCTCAACGATGG-1,CGGGTCAGTCTCTCTG-1
train_CD8 T_00770,CD8 T,train,GACGTGCTCTAACCGA-1,CTTAGGACAAATACAG-1
train_CD8 T_00771,CD8 T,train,GTGCATAGTCATACTG-1,ACTGTCCCACCAGGCT-1
train_CD8 T_00772,CD8 T,train,GACAGAGGTGCGCTTG-1,CAAGAAAAGTACACCT-1
train_CD8 T_00773,CD8 T,train,CGATTGAAGTGTGGCA-1,TACCTTAAGTGTACCT-1
train_CD8 T_00774,CD8 T,train,GACAGAGGTGCGCTTG-1,ATAACGCAGGCTCATT-1
train_CD8 T_00775,CD8 T,train,CATATGGTCCAATGGT-1,ATCATCTAGTGGCACA-1
train_CD8 T_00776,CD8 T,train,GCTCTGTGTATTAGCC-1,GACGGCTCACAACGTT-1
train_CD8 T_00777,CD8 T,train,TACTCATCAATCAGAA-1,GCGCGATAGCCAGAAC-1
train_CD8 T_00778,CD8 T,train,GACTGCGAGACAGAGA-1,CAACCAACAACTGCTA-1
train_CD8 T_00779,CD8 T,train,CCTACACGTAAAGGAG-1,ACACCAATCATTCACT-1
train_CD8 T_00780,CD8 T,train,CGAGCCATCACCCTCA-1,CTTACCGGTCATTAGC-1
train_CD8 T_00781,CD8 T,train,TGGTTCCAGAGCCTAG-1,ATCCACCCACGCCAGT-1
train_CD8 T_00782,CD8 T,train,TCGTAGAAGGCGATAC-1,TAAGAGACAGCTGGCT-1
train_CD8 T_00783,CD8 T,train,CTCGTCAAGCACAGGT-1,TCATTACCACAGACTT-1
train_CD8 T_00784,CD8 T,train,GATCGCGAGGCAGTCA-1,ACGATACGTCGCGAAA-1
train_CD8 T_00785,CD8 T,train,GTGCTTCTCTCGTATT-1,GTGAAGGAGATGTTAG-1
train_CD8 T_00786,CD8 T,train,TTCCCAGGTACAGCAG-1,GACGGCTAGCCAGAAC-1
train_CD8 T_00787,CD8 T,train,GCGACCAGTTAAGTAG-1,AACTCCCAGCAGATCG-1
train_CD8 T_00788,CD8 T,train,AACCGCGCACTCTGTC-1,GGATTACAGGATGGAA-1
train_CD8 T_00789,CD8 T,train,GGACATTTCGGAGGTA-1,GGCTGGTAGGCTATCT-1
train_CD8 T_00790,CD8 T,train,TCTATTGAGTGTCTCA-1,TCATTACAGGCCCGTT-1
train_CD8 T_00791,CD8 T,train,GCTGCGATCATAAAGG-1,CCCTCCTAGATCGGGT-1
train_CD8 T_00792,CD8 T,train,TGGCTGGCAATCAGAA-1,ACGATACGTCGCGAAA-1
train_CD8 T_00793,CD8 T,train,TCAATCTTCACCTTAT-1,GGGACCTAGGCTCATT-1
train_CD8 T_00794,CD8 T,train,AGAATAGCAGCGTCCA-1,ACGATGTAGTGAAGTT-1
train_CD8 T_00795,CD8 T,train,CAGCAGCTCTGCTGTC-1,TGACTTTAGGTGTTAA-1
train_CD8 T_00796,CD8 T,train,GCAGCCAGTTCGCTAA-1,CGAGCACTCCTTTCGG-1
train_CD8 T_00797,CD8 T,train,GACCAATGTACTTGAC-1,AGTGAGGTCATTCACT-1
train_CD8 T_00798,CD8 T,train,CCAATCCCACTTCTGC-1,ACATACGCAATTGCTG-1
train_CD8 T_00799,CD8 T,train,GATCTAGCATAGTAAG-1,ACATCAGGTGAGTGAC-1
train_CD8 T_00800,CD8 T,train,GACAGAGCACATGACT-1,GCACATAAGATAGGAG-1
train_CD8 T_00801,CD8 T,train,GACGGCTTCACCGTAA-1,CGATGGCAGGGAAACA-1
train_CD8 T_00802,CD8 T,train,TCAATCTCAAGCCGCT-1,CGAACATGTCACCCAG-1
train_CD8 T_00803,CD8 T,train,GCAGCCAGTTCGCTAA-1,GTATTCTGTCGAATCT-1
train_CD8 T_00804,CD8 T,train,TCGTAGAAGGCGATAC-1,CCTAGCTAGCCAGGAT-1
train_CD8 T_00805,CD8 T,train,CATATGGTCCAATGGT-1,GGCTGGTAGGCTATCT-1
train_CD8 T_00806,CD8 T,train,GCGCAACGTCGGATCC-1,GTACTCCGTGACGGTA-1
train_CD8 T_00807,CD8 T,train,GCAGCCAGTTCGCTAA-1,CGGGTCAGTCTCTCTG-1
train_CD8 T_00808,CD8 T,train,ACCTTTAAGTTACGGG-1,CGCTGGAAGGAGCGTT-1
train_CD8 T_00809,CD8 T,train,GACCTGGCATAGAAAC-1,CCTATTACACCGCTAG-1
train_CD8 T_00810,CD8 T,train,TATTACCTCTGGTGTA-1,CAGCTGGGTGGTTTCA-1
train_CD8 T_00811,CD8 T,train,CACATTTAGTGCTGCC-1,TGCACCTAGAGCAATT-1
train_CD8 T_00812,CD8 T,train,GACTGCGGTCGGATCC-1,CTCAGAATCTGGGCCA-1
train_CD8 T_00813,CD8 T,train,GCCTCTATCATTGCCC-1,TCATTACCACAGACTT-1
train_CD8 T_00814,CD8 T,train,AGTGAGGGTCCTCTTG-1,CCTTTCTCAATAAGCA-1
train_CD8 T_00815,CD8 T,train,ATCCACCGTTGCCTCT-1,CCACTACTCGGCATCG-1
train_CD8 T_00816,CD8 T,train,CAGCAGCTCTGCTGTC-1,GTCCTCATCTACCAGA-1
train_CD8 T_00817,CD8 T,train,ATCATCTAGCGTAATA-1,GTGTGCGCATTCACTT-1
train_CD8 T_00818,CD8 T,train,GACGTGCTCTAACCGA-1,CCTACCATCTTCGGTC-1
train_CD8 T_00819,CD8 T,train,GATGAAAGTGCTGTAT-1,TACACGAGTGAAATCA-1
train_CD8 T_00820,CD8 T,train,GATCAGTAGAGCTATA-1,CATCAAGCATCCCATC-1
train_CD8 T_00821,CD8 T,train,ATGAGGGTCATGTCTT-1,CTACACCGTCCGCTGA-1
train_CD8 T_00822,CD8 T,train,TTAGGACAGATCACGG-1,CGCTATCAGTGCGATG-1
train_CD8 T_00823,CD8 T,train,AGGGATGGTTCTGAAC-1,TGCTGCTCACTGAAGG-1
train_CD8 T_00824,CD8 T,train,CCTTCGACAACTGCTA-1,TCGGTAATCTGACCTC-1
train_CD8 T_00825,CD8 T,train,TCTCTAATCCGAAGAG-1,ACATACGCAATTGCTG-1
train_CD8 T_00826,CD8 T,train,TTCCCAGGTACAGCAG-1,GGGAATGAGACAGAGA-1
train_CD8 T_00827,CD8 T,train,TACTCATCAAGCGATG-1,GGTATTGCATTGAGCT-1
train_CD8 T_00828,CD8 T,train,AGGGAGTCACGCGAAA-1,GGCTGGTAGGCTATCT-1
train_CD8 T_00829,CD8 T,train,CAGATCAGTTCACCTC-1,CGAACATGTCACCCAG-1
train_CD8 T_00830,CD8 T,train,GATGAAAGTGCTGTAT-1,CCCAGTTCAGTCGTGC-1
train_CD8 T_00831,CD8 T,train,TTCCCAGGTACAGCAG-1,CGCTGGAAGGAGCGTT-1
train_CD8 T_00832,CD8 T,train,TAAGAGATCAATCTCT-1,GTACTTTTCCTCTAGC-1
train_CD8 T_00833,CD8 T,train,CTACCCAAGAACTGTA-1,TAGACCATCGCCAAAT-1
train_CD8 T_00834,CD8 T,train,ACTGAGTTCCCTAACC-1,GTAGTCAGTGACTACT-1
train_CD8 T_00835,CD8 T,train,TCAACGAAGATATGCA-1,CGTGTAATCAGATAAG-1
train_CD8 T_00836,CD8 T,train,TTTATGCTCATGTAGC-1,CTGCCTACACGGTGTC-1
train_CD8 T_00837,CD8 T,train,GATCTAGCAGTTTACG-1,GGGACCTAGGCTCATT-1
train_CD8 T_00838,CD8 T,train,AGAATAGAGAATCTCC-1,ACCAGTATCATGTGGT-1
train_CD8 T_00839,CD8 T,train,TTCCCAGGTACAGCAG-1,TCACAAGGTCCTGCTT-1
train_CD8 T_00840,CD8 T,train,TGGACGCCATGAAGTA-1,TTCTTAGCAGTATCTG-1
train_CD8 T_00841,CD8 T,train,TGGTTCCAGAGCCTAG-1,GCAAACTCACCTATCC-1
train_CD8 T_00842,CD8 T,train,TACTCATCAATCAGAA-1,AGAGTGGGTCCAACTA-1
train_CD8 T_00843,CD8 T,train,TTTATGCAGATGTAAC-1,ATCCGAAAGAACAACT-1
train_CD8 T_00844,CD8 T,train,GGGAGATGTGTAATGA-1,GTGCAGCAGGAGTAGA-1
train_CD8 T_00845,CD8 T,train,AGGGATGGTTCTGAAC-1,CTGTTTAGTCATGCCG-1
train_CD8 T_00846,CD8 T,train,GACGGCTTCACCGTAA-1,GAAATGATCACCCGAG-1
train_CD8 T_00847,CD8 T,train,AAAGCAACATGGTTGT-1,GGACATTCAGGCGATA-1
train_CD8 T_00848,CD8 T,train,GATCGATCACGAAAGC-1,TGCGCAGTCATCATTC-1
train_CD8 T_00849,CD8 T,train,CTGATCCAGCAGGCTA-1,AACCATGGTCAGAGGT-1
train_CD8 T_00850,CD8 T,train,TCTGAGATCACTCCTG-1,TGCACCTCACGAGGTA-1
train_CD8 T_00851,CD8 T,train,ACTTGTTTCCTGTAGA-1,GTGCAGCAGGAGTAGA-1
train_CD8 T_00852,CD8 T,train,AGAGCTTCAAGTTCTG-1,CCAATCCCATCATCCC-1
train_CD8 T_00853,CD8 T,train,TCGTAGAAGGCGATAC-1,TGAGCATCATACTACG-1
train_CD8 T_00854,CD8 T,train,GATGAAAGTCGCATAT-1,TCAGATGCATTATCTC-1
train_CD8 T_00855,CD8 T,train,AATCGGTTCCTCTAGC-1,ACGATACCAGGTCTCG-1
train_CD8 T_00856,CD8 T,train,GGGAGATGTGTAATGA-1,TCTGGAACACACGCTG-1
train_CD8 T_00857,CD8 T,train,GCCAAATCAACGATCT-1,GTGTTAGAGAAGGACA-1
train_CD8 T_00858,CD8 T,train,CGTGAGCTCACCCTCA-1,ACATACGCAATTGCTG-1
train_CD8 T_00859,CD8 T,train,CCTACACGTAAAGGAG-1,AGAGTGGCACCTGGTG-1
train_CD8 T_00860,CD8 T,train,TTCCCAGGTACAGCAG-1,GCACATAAGATAGGAG-1
train_CD8 T_00861,CD8 T,train,GGGCACTAGATCCCAT-1,CATGGCGGTAAGTAGT-1
train_CD8 T_00862,CD8 T,train,TTTATGCAGATGTAAC-1,GGTATTGCATTGAGCT-1
train_CD8 T_00863,CD8 T,train,CCTTTCTCACCTTGTC-1,ATCTACTGTGTGACGA-1
train_CD8 T_00864,CD8 T,train,GACCTGGAGCCAGGAT-1,TACCTTAAGTGTACCT-1
train_CD8 T_00865,CD8 T,train,GCTCTGTGTATTAGCC-1,CGTGTCTAGCGCTTAT-1
train_CD8 T_00866,CD8 T,train,ACCAGTACATTTGCCC-1,CAACCAACAACTGCTA-1
train_CD8 T_00867,CD8 T,train,GGGCACTAGATCCCAT-1,CAAGAAAAGTACACCT-1
train_CD8 T_00868,CD8 T,train,GTGAAGGAGTGTACCT-1,TCAGATGCATTATCTC-1
train_CD8 T_00869,CD8 T,train,CGAGCACCATTCGACA-1,GGCTCGACAAGAGTCG-1
train_CD8 T_00870,CD8 T,train,TTCCCAGGTACAGCAG-1,TACCTTAAGTGTACCT-1
train_CD8 T_00871,CD8 T,train,TCGGTAAAGATAGTCA-1,TACACGATCCCACTTG-1
train_CD8 T_00872,CD8 T,train,GAACATCTCTTGCAAG-1,CTAATGGAGTACGCGA-1
train_CD8 T_00873,CD8 T,train,CTCAGAACAATCGAAA-1,CGTGTCTAGCGCTTAT-1
train_CD8 T_00874,CD8 T,train,AGGGAGTCACGCGAAA-1,CGAGCACTCCTTTCGG-1
train_CD8 T_00875,CD8 T,train,GCAGCCAGTTCGCTAA-1,GTCCTCATCTACCAGA-1
train_CD8 T_00876,CD8 T,train,GGTGAAGAGCTAACTC-1,CGCTGGATCTTGACGA-1
train_CD8 T_00877,CD8 T,train,TTAGGACTCGTTACAG-1,ATTTCTGGTACTTAGC-1
train_CD8 T_00878,CD8 T,train,TACTCATCAATCAGAA-1,TGTATTCAGAGCTGGT-1
train_CD8 T_00879,CD8 T,train,AGAATAGCAGCGTCCA-1,GCAAACTCACCTATCC-1
train_CD8 T_00880,CD8 T,train,AAACCTGAGGCTAGCA-1,TGGGAAGAGTGGCACA-1
train_CD8 T_00881,CD8 T,train,CAGCAGCTCTGCTGTC-1,ACACTGACAAGTTAAG-1
train_CD8 T_00882,CD8 T,train,CCTACACGTAAAGGAG-1,CAGCTGGCAGGAACGT-1
train_CD8 T_00883,CD8 T,train,TTAGGCATCTCCTATA-1,GCATACACAGTCTTCC-1
train_CD8 T_00884,CD8 T,train,TGCACCTTCCCATTTA-1,GGACAAGTCTCTAAGG-1
train_CD8 T_00885,CD8 T,train,TCAACGAAGATATGCA-1,GTACTTTTCCTCTAGC-1
train_CD8 T_00886,CD8 T,train,CATCAGATCTGCAAGT-1,AGAGCTTAGTATGACA-1
train_CD8 T_00887,CD8 T,train,GGATTACTCTACCAGA-1,TCATTACCACAGACTT-1
train_CD8 T_00888,CD8 T,train,CATGACACAGCATACT-1,CGGGTCAGTCTCTCTG-1
train_CD8 T_00889,CD8 T,train,GTAGGCCAGACTAAGT-1,CAAGGCCCAGCCTTTC-1
train_CD8 T_00890,CD8 T,train,CGGAGTCGTCGCCATG-1,CATCCACGTGAGGGTT-1
train_CD8 T_00891,CD8 T,train,ATGAGGGTCATGTCTT-1,GCGCAACCAAGACACG-1
train_CD8 T_00892,CD8 T,train,GTCATTTGTATTAGCC-1,TGACGGCGTGCCTGCA-1
train_CD8 T_00893,CD8 T,train,CGTGAGCTCACCCTCA-1,GATCGTATCGAATCCA-1
train_CD8 T_00894,CD8 T,train,TTCTTAGCATGTAAGA-1,GCTGCTTAGGTGGGTT-1
train_CD8 T_00895,CD8 T,train,TTAGGACTCGTTACAG-1,ACGATACCAGGTCTCG-1
train_CD8 T_00896,CD8 T,train,TACTCGCTCGTTGACA-1,ACATCAGGTGAGTGAC-1
train_CD8 T_00897,CD8 T,train,GCATACAAGTGCAAGC-1,GCTCCTAGTTTCCACC-1
train_CD8 T_00898,CD8 T,train,GGATTACAGCTCAACT-1,GCGCGATAGCCAGAAC-1
train_CD8 T_00899,CD8 T,train,GGTGTTACATGCAACT-1,AACGTTGGTAAGCACG-1
train_CD8 T_00900,CD8 T,train,ACAGCCGAGGACACCA-1,TCACAAGGTCCTGCTT-1
train_CD8 T_00901,CD8 T,train,CGGGTCAGTGGTCTCG-1,CTTAGGACATAGACTC-1
train_CD8 T_00902,CD8 T,train,GACTGCGAGACAGAGA-1,TACACGAGTGAAATCA-1
train_CD8 T_00903,CD8 T,train,GGGCATCGTTTGTGTG-1,CGATGGCAGGGAAACA-1
train_CD8 T_00904,CD8 T,train,TGCGGGTCAGACTCGC-1,CAAGGCCCAGCCTTTC-1
train_CD8 T_00905,CD8 T,train,ATTGGTGTCTGTCCGT-1,GTGTGCGCATTCACTT-1
train_CD8 T_00906,CD8 T,train,GTAGGCCAGACTAAGT-1,TCATTTGTCACCGTAA-1
train_CD8 T_00907,CD8 T,train,GCACTCTTCCGAAGAG-1,AACTCAGGTAGGGACT-1
train_CD8 T_00908,CD8 T,train,TCGGTAAAGATAGTCA-1,GCTCCTAGTTTCCACC-1
train_CD8 T_00909,CD8 T,train,AGGCCGTCATATACCG-1,CATATGGTCCTTGACC-1
train_CD8 T_00910,CD8 T,train,CTACCCAAGAACTGTA-1,TGGGAAGAGTGGCACA-1
train_CD8 T_00911,CD8 T,train,CTCGTACTCTGAGTGT-1,CTGCCTAGTTAGAACA-1
train_CD8 T_00912,CD8 T,train,AGTTGGTCACTTAACG-1,CGCTGGATCTTGACGA-1
train_CD8 T_00913,CD8 T,train,ACTGTCCAGAGGTTAT-1,GCTGCTTAGGTGGGTT-1
train_CD8 T_00914,CD8 T,train,GCTCTGTGTATTAGCC-1,TTGCGTCCACAAGTAA-1
train_CD8 T_00915,CD8 T,train,GACCTGGTCATTTGGG-1,GTGCAGCAGGAGTAGA-1
train_CD8 T_00916,CD8 T,train,GGTGAAGAGCTAACTC-1,CTACATTTCCTCGCAT-1
train_CD8 T_00917,CD8 T,train,TAAGAGATCAATCTCT-1,GGAAAGCGTACAGACG-1
train_CD8 T_00918,CD8 T,train,AAAGCAATCCGCGGTA-1,ACACCAATCATTCACT-1
train_CD8 T_00919,CD8 T,train,GGGAGATGTGTAATGA-1,CGATTGATCGCATGAT-1
train_CD8 T_00920,CD8 T,train,CCATTCGGTAAGGGCT-1,TACACGATCCCACTTG-1
train_CD8 T_00921,CD8 T,train,GTATCTTTCCAAGTAC-1,ATCTACTGTGTGACGA-1
train_CD8 T_00922,CD8 T,train,TTTATGCTCATGTAGC-1,CCTACCATCTTCGGTC-1
train_CD8 T_00923,CD8 T,train,CGGGTCAGTGGTCTCG-1,CGCTGGAAGGAGCGTT-1
train_CD8 T_00924,CD8 T,train,GTCGTAATCAGTTTGG-1,CCTACCATCTTCGGTC-1
train_CD8 T_00925,CD8 T,train,AACACGTGTCGCATAT-1,TCTGGAACACACGCTG-1
train_CD8 T_00926,CD8 T,train,TCACGAATCAGTTAGC-1,TGAGCATCATACTACG-1
train_CD8 T_00927,CD8 T,train,CGTGAGCTCACCCTCA-1,TCTTCGGTCTCAAACG-1
train_CD8 T_00928,CD8 T,train,TACTCGCTCGTTGACA-1,TGGGAAGAGTGGCACA-1
train_CD8 T_00929,CD8 T,train,GGACAGACATACGCTA-1,ACATCAGGTATAAACG-1
train_CD8 T_00930,CD8 T,train,GCTGCGATCATAAAGG-1,ACGATACGTCGCGAAA-1
train_CD8 T_00931,CD8 T,train,GGGCACTAGATCCCAT-1,TAGCCGGCAATGTAAG-1
train_CD8 T_00932,CD8 T,train,CGAGCACAGATGTGGC-1,CAACTAGTCTACTATC-1
train_CD8 T_00933,CD8 T,train,ATTGGTGTCTGTCCGT-1,CCAGCGACATATACCG-1
train_CD8 T_00934,CD8 T,train,TCAATCTTCACCTTAT-1,CACAGTAAGCCACCTG-1
train_CD8 T_00935,CD8 T,train,TTAGGCATCTGCGTAA-1,AACGTTGGTAAGCACG-1
train_CD8 T_00936,CD8 T,train,ATCATCTAGCGTAATA-1,GCTCCTAGTTTCCACC-1
train_CD8 T_00937,CD8 T,train,GACTGCGAGGGTCTCC-1,ACACCAATCATTCACT-1
train_CD8 T_00938,CD8 T,train,AGAATAGCAGCGTCCA-1,TAGCCGGCAATGTAAG-1
train_CD8 T_00939,CD8 T,train,GAAGCAGGTCTCTTTA-1,GTAGTCAGTTAAAGAC-1
train_CD8 T_00940,CD8 T,train,TAAGAGAGTGCATCTA-1,CCTTCGAGTAAACGCG-1
train_CD8 T_00941,CD8 T,train,TGGCTGGCAATCAGAA-1,TTTATGCGTTATGCGT-1
train_CD8 T_00942,CD8 T,train,AGCTCCTCATCCAACA-1,CGTGTCTAGCGCTTAT-1
train_CD8 T_00943,CD8 T,train,GAACATCTCTTGCAAG-1,GTGCTTCCACATGACT-1
train_CD8 T_00944,CD8 T,train,CGAGCACAGATGTGGC-1,AAGGCAGGTCTAGCCG-1
train_CD8 T_00945,CD8 T,train,TTAGTTCCAGTTAACC-1,TAGACCATCGCCAAAT-1
train_CD8 T_00946,CD8 T,train,GTCGTAATCAGTTTGG-1,ATAAGAGAGAAGGGTA-1
train_CD8 T_00947,CD8 T,train,CGATTGAAGAGTGACC-1,CCTTCCCTCTTGCAAG-1
train_CD8 T_00948,CD8 T,train,GAACATCAGGTGTTAA-1,CAGCAGCAGGCGATAC-1
train_CD8 T_00949,CD8 T,train,TGGCCAGCAGTTCATG-1,CTTTGCGCACTTAAGC-1
train_CD8 T_00950,CD8 T,train,GTACTTTAGATGAGAG-1,CAGATCACAGAGCCAA-1
train_CD8 T_00951,CD8 T,train,GATGAAAGTCGCATAT-1,CATGGCGGTAAGTAGT-1
train_CD8 T_00952,CD8 T,train,TTAGGCATCTCCTATA-1,AACTCCCAGCAGATCG-1
train_CD8 T_00953,CD8 T,train,GGACAGAAGTACATGA-1,CATCAAGCATCCCATC-1
train_CD8 T_00954,CD8 T,train,ACCGTAAAGCAATATG-1,TGCACCTAGAGCAATT-1
train_CD8 T_00955,CD8 T,train,ATGAGGGTCATGTCTT-1,TGACTTTAGGTGTTAA-1
train_CD8 T_00956,CD8 T,train,AGGTCCGCATTACCTT-1,GATCGTATCGAATCCA-1
train_CD8 T_00957,CD8 T,train,CACATTTAGTGCTGCC-1,TCATTACAGGCCCGTT-1
train_CD8 T_00958,CD8 T,train,TCTGAGATCACTCCTG-1,ACATACGCAATTGCTG-1
train_CD8 T_00959,CD8 T,train,TCTGAGAGTATCACCA-1,ACATCAGGTATAAACG-1
train_CD8 T_00960,CD8 T,train,CCTTTCTCACCTTGTC-1,TCATTACAGGCCCGTT-1
train_CD8 T_00961,CD8 T,train,GATGAGGTCAGGATCT-1,CCTAGCTAGCCAGGAT-1
train_CD8 T_00962,CD8 T,train,GGCTGGTTCATTTGGG-1,TCATTTGTCACCGTAA-1
train_CD8 T_00963,CD8 T,train,CTTAGGATCTCCCTGA-1,CATCAAGCATCCCATC-1
train_CD8 T_00964,CD8 T,train,CGAGCCATCACCCTCA-1,ATAACGCAGGCTCATT-1
train_CD8 T_00965,CD8 T,train,GAAGCAGGTCTCTTTA-1,TATGCCCAGGCATTGG-1
train_CD8 T_00966,CD8 T,train,GATCTAGCAGTTTACG-1,TAGGCATCAAGCGCTC-1
train_CD8 T_00967,CD8 T,train,TTAGTTCCAGTTAACC-1,TGTATTCAGGCTATCT-1
train_CD8 T_00968,CD8 T,train,GGCTGGTTCATTTGGG-1,GGCGACTGTGGTAACG-1
train_CD8 T_00969,CD8 T,train,ATAACGCGTTTGGGCC-1,GTATTCTGTCGAATCT-1
train_CD8 T_00970,CD8 T,train,GGACAGAAGTACATGA-1,CCTTCCCTCTTGCAAG-1
train_CD8 T_00971,CD8 T,train,GACGGCTTCACCGTAA-1,CGCTATCAGTGCGATG-1
train_CD8 T_00972,CD8 T,train,CTAACTTGTTAGTGGG-1,CGTGTCTAGCGCTTAT-1
train_CD8 T_00973,CD8 T,train,TTTCCTCCACATTTCT-1,TTTGGTTAGTGTCCCG-1
train_CD8 T_00974,CD8 T,train,CGAGCCATCACCCTCA-1,CTACATTTCCTCGCAT-1
train_CD8 T_00975,CD8 T,train,GTACTCCCATGCCTAA-1,ATCTACTGTGTGACGA-1
train_CD8 T_00976,CD8 T,train,TGGGCGTCAAGGCTCC-1,GGACATTAGCGTAATA-1
train_CD8 T_00977,CD8 T,train,TTCCCAGGTACAGCAG-1,GTAGTCAGTGACTACT-1
train_CD8 T_00978,CD8 T,train,TGCACCTAGGTTACCT-1,CTGCGGACAGACAAGC-1
train_CD8 T_00979,CD8 T,train,AAACCTGAGGCTAGCA-1,CGATTGATCGCATGAT-1
train_CD8 T_00980,CD8 T,train,GTCACAAGTATAATGG-1,CTTCTCTTCGGCCGAT-1
train_CD8 T_00981,CD8 T,train,CCATTCGGTAAGGGCT-1,GTTCATTAGATGTAAC-1
train_CD8 T_00982,CD8 T,train,GTCGTAATCAGTTTGG-1,CCTTCGAGTAAACGCG-1
train_CD8 T_00983,CD8 T,train,TCTATTGAGTGTCTCA-1,TACCTTAAGTGTACCT-1
train_CD8 T_00984,CD8 T,train,GGGATGATCATTGCCC-1,CGCTGGATCTTGACGA-1
train_CD8 T_00985,CD8 T,train,TGAGCATAGACAGACC-1,TTCTTAGCAGTATCTG-1
train_CD8 T_00986,CD8 T,train,AGGTCATCATGTCCTC-1,GGACATTAGCGTAATA-1
train_CD8 T_00987,CD8 T,train,AGAGCTTCAAGTTCTG-1,CGATTGATCGCATGAT-1
train_CD8 T_00988,CD8 T,train,TCGTAGAAGGCGATAC-1,TACAGTGCAGCTGGCT-1
train_CD8 T_00989,CD8 T,train,CCTTCGACAACTGCTA-1,CGGAGTCCACACAGAG-1
train_CD8 T_00990,CD8 T,train,GGTGAAGAGCTAACTC-1,TAGCCGGCAATGTAAG-1
train_CD8 T_00991,CD8 T,train,GAACATCTCTTGCAAG-1,AAGACCTCATCTCGCT-1
train_CD8 T_00992,CD8 T,train,GGGCACTAGTTAGCGG-1,CGCTGGATCTTGACGA-1
train_CD8 T_00993,CD8 T,train,TGCACCTTCCCATTTA-1,CCACGGACATCCCACT-1
train_CD8 T_00994,CD8 T,train,ACTGCTCCATCGACGC-1,TGACGGCTCGGCGCTA-1
train_CD8 T_00995,CD8 T,train,TAAGAGAGTGCATCTA-1,GGACATTAGCGTAATA-1
train_CD8 T_00996,CD8 T,train,TCTCTAATCCGAAGAG-1,GTACTTTTCCTCTAGC-1
train_CD8 T_00997,CD8 T,train,TGCGGGTCAGACTCGC-1,ATCACGATCTCCTATA-1
train_CD8 T_00998,CD8 T,train,TTGAACGGTCACCCAG-1,TCACAAGGTCCTGCTT-1
train_CD8 T_00999,CD8 T,train,GAAACTCGTAAGTAGT-1,TATCAGGGTGCCTGTG-1
train_CD8 T_01000,CD8 T,train,TTCCCAGGTACAGCAG-1,CTGCCTAGTTAGAACA-1
train_CD8 T_01001,CD8 T,train,CGGAGTCGTCGCCATG-1,CGGAGTCCACACAGAG-1
train_CD8 T_01002,CD8 T,train,TCAGGATAGCATCATC-1,ACTGTCCCACCAGGCT-1
train_CD8 T_01003,CD8 T,train,GACCTGGCATAGAAAC-1,AGAGTGGGTCCAACTA-1
train_CD8 T_01004,CD8 T,train,CTGCGGACACCTTGTC-1,GTAGTCAGTTAAAGAC-1
train_CD8 T_01005,CD8 T,train,CATCAGATCTGCAAGT-1,GCACTCTCAGATGAGC-1
train_CD8 T_01006,CD8 T,train,GAAACTCGTAAGTAGT-1,AGAGTGGGTCCAACTA-1
train_CD8 T_01007,CD8 T,train,GGTGCGTAGGCACATG-1,CAACTAGTCTACTATC-1
train_CD8 T_01008,CD8 T,train,TCAATCTCAAGCCGCT-1,GGACATTAGCGTAATA-1
train_CD8 T_01009,CD8 T,train,AGGGATGGTTCTGAAC-1,CACAGTAAGCCACCTG-1
train_CD8 T_01010,CD8 T,train,CGATTGAAGTGTGGCA-1,TACACGAGTGAAATCA-1
train_CD8 T_01011,CD8 T,train,GACGTTATCCACGTGG-1,GCGCAACCAAGACACG-1
train_CD8 T_01012,CD8 T,train,GACGTGCTCTAACCGA-1,CCTTCGAGTAAACGCG-1
train_CD8 T_01013,CD8 T,train,GATCGCGAGGCAGTCA-1,GGGACCTAGGCTCATT-1
train_CD8 T_01014,CD8 T,train,TCAATCTTCACCTTAT-1,CTTAGGACAAATACAG-1
train_CD8 T_01015,CD8 T,train,GCCAAATAGAAGATTC-1,GTTAAGCCATCAGTCA-1
train_CD8 T_01016,CD8 T,train,TTTCCTCCACATTTCT-1,GGGACCTAGGCTCATT-1
train_CD8 T_01017,CD8 T,train,CTGCGGACACCTTGTC-1,GTGCAGCAGGAGTAGA-1
train_CD8 T_01018,CD8 T,train,GGATTACAGCTCAACT-1,TCCACACCACGCCAGT-1
train_CD8 T_01019,CD8 T,train,CGATTGAAGAGTGACC-1,ACTGTCCCACCAGGCT-1
train_CD8 T_01020,CD8 T,train,CCAATCCCACTTCTGC-1,CATGGCGGTAAGTAGT-1
train_CD8 T_01021,CD8 T,train,TCAGGATCATAGGATA-1,CTTAGGACATAGACTC-1
train_CD8 T_01022,CD8 T,train,GATCGCGAGGCAGTCA-1,CTTACCGGTCATTAGC-1
train_CD8 T_01023,CD8 T,train,TTAGGACAGATCACGG-1,TGTATTCAGGCTATCT-1
train_CD8 T_01024,CD8 T,train,GTCAAGTAGGCCCTCA-1,CAACTAGGTCAGCTAT-1
train_CD8 T_01025,CD8 T,train,CGTGAGCTCACCCTCA-1,GGGAATGAGACAGAGA-1
train_CD8 T_01026,CD8 T,train,AGGTCCGCATTACCTT-1,TGACGGCGTGCCTGCA-1
train_CD8 T_01027,CD8 T,train,TACTCATCAATCAGAA-1,GCATACACAGTCTTCC-1
train_CD8 T_01028,CD8 T,train,TCTCTAATCCGAAGAG-1,ACACCAATCATTCACT-1
train_CD8 T_01029,CD8 T,train,ACTGAGTTCCCTAACC-1,CCTAAAGAGAAGATTC-1
train_CD8 T_01030,CD8 T,train,TTAGGACTCGTTACAG-1,CAGCTGGGTGGTTTCA-1
train_CD8 T_01031,CD8 T,train,TTTATGCTCATGTAGC-1,CGGTTAACAATGTAAG-1
train_CD8 T_01032,CD8 T,train,TCACGAATCAGTTAGC-1,GAACCTAAGGGAGTAA-1
train_CD8 T_01033,CD8 T,train,TTGAACGGTCACCCAG-1,GGCTGGTAGGCTATCT-1
train_CD8 T_01034,CD8 T,train,GTACTCCCATGCCTAA-1,CTTACCGGTCATTAGC-1
train_CD8 T_01035,CD8 T,train,CTACCCAAGAACTGTA-1,TTCTCAAGTACTTCTT-1
train_CD8 T_01036,CD8 T,train,ATCTACTTCTTCGAGA-1,ACTGCTCCATCCTAGA-1
train_CD8 T_01037,CD8 T,train,CCAATCCCACTTCTGC-1,GCGCAACCAAGACACG-1
train_CD8 T_01038,CD8 T,train,TATTACCTCTGGTGTA-1,TCACAAGGTCCTGCTT-1
train_CD8 T_01039,CD8 T,train,TCTGAGAGTATCACCA-1,CAGCCGATCCTTGCCA-1
train_CD8 T_01040,CD8 T,train,TTTATGCAGATGTAAC-1,CATTATCCATCAGTCA-1
train_CD8 T_01041,CD8 T,train,TATTACCTCTGGTGTA-1,AAGGTTCAGGATGGTC-1
train_CD8 T_01042,CD8 T,train,TGGCCAGCAGTTCATG-1,CGCCAAGAGCAGACTG-1
train_CD8 T_01043,CD8 T,train,CCTTTCTCACCTTGTC-1,TGTATTCAGGCTATCT-1
train_CD8 T_01044,CD8 T,train,GATGAAAGTCGCATAT-1,CATCAAGGTTCGTGAT-1
train_CD8 T_01045,CD8 T,train,ACAGCCGAGGACACCA-1,TTCTACAGTGTAATGA-1
train_CD8 T_01046,CD8 T,train,CGACCTTTCAACACTG-1,GCGACCAGTTACCGAT-1
train_CD8 T_01047,CD8 T,train,TCAGGATAGCATCATC-1,CGGAGTCCACACAGAG-1
train_CD8 T_01048,CD8 T,train,CGTTGGGAGCTGGAAC-1,GTGCTTCGTACTTGAC-1
train_CD8 T_01049,CD8 T,train,CGACCTTTCAACACTG-1,ACGATACGTCGCGAAA-1
train_CD8 T_01050,CD8 T,train,TTCTTAGCATGTAAGA-1,GCACATAAGATAGGAG-1
train_CD8 T_01051,CD8 T,train,GTCACAAGTATAATGG-1,CGCCAAGAGCAGACTG-1
train_CD8 T_01052,CD8 T,train,AGAGCTTCAAGTTCTG-1,CACAGTAAGCCACCTG-1
train_CD8 T_01053,CD8 T,train,GCACTCTAGATATACG-1,TTGAACGTCCAGAAGG-1
train_CD8 T_01054,CD8 T,train,CGAACATGTGACCAAG-1,ACGATGTAGTGAAGTT-1
train_CD8 T_01055,CD8 T,train,GGACAGAAGTACATGA-1,GCACTCTCAGATGAGC-1
train_CD8 T_01056,CD8 T,train,GCCTCTATCATTGCCC-1,CCTATTACACCGCTAG-1
train_CD8 T_01057,CD8 T,train,TACTCGCCAATCGGTT-1,AGGTCCGAGGCGCTCT-1
train_CD8 T_01058,CD8 T,train,TAAGCGTCAATGAATG-1,TCAGGTAGTACCGCTG-1
train_CD8 T_01059,CD8 T,train,GTACTCCCATGCCTAA-1,CGACCTTAGAGTCTGG-1
train_CD8 T_01060,CD8 T,train,GAAACTCGTAAGTAGT-1,CAAGAAAAGTACACCT-1
train_CD8 T_01061,CD8 T,train,CATCAGATCTGCAAGT-1,AAGGTTCAGGATGGTC-1
train_CD8 T_01062,CD8 T,train,CATCAAGTCACATACG-1,CTGCGGACAGACAAGC-1
train_CD8 T_01063,CD8 T,train,AGGCCGTCATATACCG-1,GTTCATTAGATGTAAC-1
train_CD8 T_01064,CD8 T,train,ATTATCCCACAGGTTT-1,CTCAGAATCTGGGCCA-1
train_CD8 T_01065,CD8 T,train,AAACGGGAGACTAGGC-1,AACTCAGGTAGGGACT-1
train_CD8 T_01066,CD8 T,train,AAAGCAATCCGCGGTA-1,ACATACGCAATTGCTG-1
train_CD8 T_01067,CD8 T,train,TCAATCTCAAGCCGCT-1,CGCTTCAAGACCGGAT-1
train_CD8 T_01068,CD8 T,train,CGAACATAGAGTACAT-1,CAGCATAAGAAACGAG-1
train_CD8 T_01069,CD8 T,train,GATGAGGTCAGGATCT-1,GGAAAGCTCATGGTCA-1
train_CD8 T_01070,CD8 T,train,TTCTTAGCATGTAAGA-1,GGGAATGAGACAGAGA-1
train_CD8 T_01071,CD8 T,train,GATTCAGAGAGCTATA-1,ACCCACTGTTTGGCGC-1
train_CD8 T_01072,CD8 T,train,AGGCCGTCATATACCG-1,CCTTCCCTCTTGCAAG-1
train_CD8 T_01073,CD8 T,train,GGTGCGTAGGCACATG-1,CGGGTCAGTCTCTCTG-1
train_CD8 T_01074,CD8 T,train,TGGTTCCAGAGCCTAG-1,CAACCAACAACTGCTA-1
train_CD8 T_01075,CD8 T,train,ATGAGGGTCATGTCTT-1,GCGCGATAGCCAGAAC-1
train_CD8 T_01076,CD8 T,train,TCGTAGAAGGCGATAC-1,CCTTTCTCAATAAGCA-1
train_CD8 T_01077,CD8 T,train,CGTAGGCTCTAACGGT-1,AGAGTGGCACCTGGTG-1
train_CD8 T_01078,CD8 T,train,GGACAGAAGTACATGA-1,TGCACCTCACGAGGTA-1
train_CD8 T_01079,CD8 T,train,TGGACGCCATGAAGTA-1,CAAGGCCCAGCCTTTC-1
train_CD8 T_01080,CD8 T,train,GACAGAGCACATGACT-1,TACAGTGCAGCTGGCT-1
train_CD8 T_01081,CD8 T,train,GACCAATGTACTTGAC-1,ATCATCTAGTGGCACA-1
train_CD8 T_01082,CD8 T,train,GACAGAGCACATGACT-1,CGCCAAGAGCAGACTG-1
train_CD8 T_01083,CD8 T,train,GATGAGGTCAGGATCT-1,AGTGAGGTCATTCACT-1
train_CD8 T_01084,CD8 T,train,CTAGCCTAGTGTTGAA-1,CTAACTTTCTGACCTC-1
train_CD8 T_01085,CD8 T,train,GCTGCGATCATAAAGG-1,GTGCAGCAGGAGTAGA-1
train_CD8 T_01086,CD8 T,train,GCATACAAGTGCAAGC-1,TAAGAGACAGCTGGCT-1
train_CD8 T_01087,CD8 T,train,TCTGAGAGTATCACCA-1,GAACCTAAGGGAGTAA-1
train_CD8 T_01088,CD8 T,train,GATGAAAGTCGCATAT-1,ACGGGCTAGAGCTATA-1
train_CD8 T_01089,CD8 T,train,ATAACGCGTTTGGGCC-1,GGCTGGTAGGCTATCT-1
train_CD8 T_01090,CD8 T,train,GCCAAATCAACGATCT-1,TAGCCGGCAATGTAAG-1
train_CD8 T_01091,CD8 T,train,GGGCATCGTTTGTGTG-1,GCATACACAGTCTTCC-1
train_CD8 T_01092,CD8 T,train,TCGTAGAAGGCGATAC-1,CATATGGTCCTTGACC-1
train_CD8 T_01093,CD8 T,train,TAAGAGAGTGCATCTA-1,TTTACTGAGATATACG-1
train_CD8 T_01094,CD8 T,train,GACAGAGGTGCGCTTG-1,CTAATGGAGTACGCGA-1
train_CD8 T_01095,CD8 T,train,GGACATTTCGGAGGTA-1,CCACGGACATCCCACT-1
train_CD8 T_01096,CD8 T,train,CTCGAGGTCAATACCG-1,TGTATTCAGAGCTGGT-1
train_CD8 T_01097,CD8 T,train,GTCACAAGTATAATGG-1,CTCAGAATCTGGGCCA-1
train_CD8 T_01098,CD8 T,train,GACGGCTTCACCGTAA-1,GCTGCTTAGTGGCACA-1
train_CD8 T_01099,CD8 T,train,CATGACACAGCATACT-1,AACTCAGGTAGGGACT-1
train_CD8 T_01100,CD8 T,train,AACACGTGTCGCATAT-1,ACCCACTGTTTGGCGC-1
train_CD8 T_01101,CD8 T,train,TGGCTGGCAATCAGAA-1,TACACGATCCCACTTG-1
train_CD8 T_01102,CD8 T,train,CATATGGTCCAATGGT-1,CCCAGTTCAGTCGTGC-1
train_CD8 T_01103,CD8 T,train,CTCGTCAAGCACAGGT-1,CGGTTAACAATGTAAG-1
train_CD8 T_01104,CD8 T,train,CTAACTTGTTAGTGGG-1,GGACATTCAGGCGATA-1
train_CD8 T_01105,CD8 T,train,TCAATCTTCACCTTAT-1,GCTTGAACATTCACTT-1
train_CD8 T_01106,CD8 T,train,TTTGTCACACAACTGT-1,ATCATCTAGTGGCACA-1
train_CD8 T_01107,CD8 T,train,GATCAGTGTTCGTGAT-1,ATAACGCAGGCTCATT-1
train_CD8 T_01108,CD8 T,train,ATTGGTGTCTGTCCGT-1,GGTGTTAGTATAAACG-1
train_CD8 T_01109,CD8 T,train,TGCACCTAGGCTCAGA-1,TCGGTAATCTGACCTC-1
train_CD8 T_01110,CD8 T,train,TCAGATGGTCTGATTG-1,GTGTTAGAGAAGGACA-1
train_CD8 T_01111,CD8 T,train,GTACTTTTCCACGAAT-1,TCATTACCACAGACTT-1
train_CD8 T_01112,CD8 T,train,GATCTAGAGATCCGAG-1,CCTTTCTCAATAAGCA-1
train_CD8 T_01113,CD8 T,train,CTAGCCTAGTGTTGAA-1,CTCTACGTCTGTGCAA-1
train_CD8 T_01114,CD8 T,train,GGCGACTGTGAGTATA-1,GTACTTTTCCTCTAGC-1
train_CD8 T_01115,CD8 T,train,GGACAGAAGTACATGA-1,CGGGTCAGTCTCTCTG-1
train_CD8 T_01116,CD8 T,train,CTCAGAACAATCGAAA-1,TCCACACCACGCCAGT-1
train_CD8 T_01117,CD8 T,train,TTAGTTCCAGTTAACC-1,GGTGTTAAGAATGTGT-1
train_CD8 T_01118,CD8 T,train,GATGAGGTCAGGATCT-1,TTCTCAAGTACTTCTT-1
train_CD8 T_01119,CD8 T,train,CCTTCGACAACTGCTA-1,CATCAAGGTTCGTGAT-1
train_CD8 T_01120,CD8 T,train,TTTATGCAGATGTAAC-1,TGCTGCTCACTGAAGG-1
train_CD8 T_01121,CD8 T,train,CTTAGGATCTCCCTGA-1,CGAACATGTCACCCAG-1
train_CD8 T_01122,CD8 T,train,CAGCTGGAGCAAATCA-1,ACATACGCAATTGCTG-1
train_CD8 T_01123,CD8 T,train,GATTCAGAGGGAAACA-1,GCACTCTCAGATGAGC-1
train_CD8 T_01124,CD8 T,train,GCGCAACGTCGGATCC-1,CACAGTAAGCCACCTG-1
train_CD8 T_01125,CD8 T,train,AGGCCGTCATATACCG-1,GAACCTAAGGGAGTAA-1
train_CD8 T_01126,CD8 T,train,CGCGTTTAGTATCGAA-1,CGCTGGAAGGAGCGTT-1
train_CD8 T_01127,CD8 T,train,TGGTTCCAGAGCCTAG-1,TTGCCGTCACAAGTAA-1
train_CD8 T_01128,CD8 T,train,CTGCGGACACCTTGTC-1,TCACAAGGTCCTGCTT-1
train_CD8 T_01129,CD8 T,train,GCCAAATCAACGATCT-1,GCGCAACCAAGACACG-1
train_CD8 T_01130,CD8 T,train,AGAATAGCAGCGTCCA-1,TTTGGTTAGTGTCCCG-1
train_CD8 T_01131,CD8 T,train,CGTTGGGAGCTGGAAC-1,AACCATGGTCAGAGGT-1
train_CD8 T_01132,CD8 T,train,CATCAGATCTGCAAGT-1,GACGGCTCACAACGTT-1
train_CD8 T_01133,CD8 T,train,CTAGCCTAGTGTTGAA-1,GCACTCTCAGATGAGC-1
train_CD8 T_01134,CD8 T,train,AGTGAGGGTCCTCTTG-1,GGTGTTAAGAATGTGT-1
train_CD8 T_01135,CD8 T,train,AGTGGGATCAATACCG-1,CCTATTACACCGCTAG-1
train_CD8 T_01136,CD8 T,train,TACTCATCAATCAGAA-1,ACGATACCAGGTCTCG-1
train_CD8 T_01137,CD8 T,train,ATAACGCGTTTGGGCC-1,CTGCCTACACGGTGTC-1
train_CD8 T_01138,CD8 T,train,GCATACAAGTGCAAGC-1,GACGGCTTCATCTGCC-1
train_CD8 T_01139,CD8 T,train,CATATGGTCCAATGGT-1,AACCATGGTCAGAGGT-1
train_CD8 T_01140,CD8 T,train,CCTTCGACAACTGCTA-1,CAGCTGGCAGGAACGT-1
train_CD8 T_01141,CD8 T,train,CAGATCAGTTCACCTC-1,CGCTATCAGTGCGATG-1
train_CD8 T_01142,CD8 T,train,CCTTCGACAACTGCTA-1,GACGTTACAGTCGTGC-1
train_CD8 T_01143,CD8 T,train,AGGTCCGCATTACCTT-1,AGAGTGGGTCCAACTA-1
train_CD8 T_01144,CD8 T,train,GACAGAGGTGCGCTTG-1,TACACGATCCCACTTG-1
train_CD8 T_01145,CD8 T,train,TGAGGGAGTCCAGTTA-1,GTAGTCAGTGACTACT-1
train_CD8 T_01146,CD8 T,train,GGGCACTAGATCCCAT-1,GGAAAGCGTACAGACG-1
train_CD8 T_01147,CD8 T,train,GATGAAAGTCGCATAT-1,CTTTGCGCACTTAAGC-1
train_CD8 T_01148,CD8 T,train,CCATTCGGTAAGGGCT-1,CCTATTACACCGCTAG-1
train_CD8 T_01149,CD8 T,train,CTAACTTGTTAGTGGG-1,GTGCTTCGTACTTGAC-1
train_CD8 T_01150,CD8 T,train,TGAGCATAGACAGACC-1,GGACATTCAGGCGATA-1
train_CD8 T_01151,CD8 T,train,CTCAGAACAATCGAAA-1,CGGGTCAGTCTCTCTG-1
train_CD8 T_01152,CD8 T,train,GCACTCTAGATATACG-1,AGACGTTAGTCTTGCA-1
train_CD8 T_01153,CD8 T,train,ACCAGTACATTTGCCC-1,TCATTTGTCACCGTAA-1
train_CD8 T_01154,CD8 T,train,CAGATCAGTTCACCTC-1,GCAAACTCACCTATCC-1
train_CD8 T_01155,CD8 T,train,CGATTGAAGTGTGGCA-1,CATCAAGGTTCGTGAT-1
train_CD8 T_01156,CD8 T,train,GATCGATCACGAAAGC-1,CAACTAGTCTACTATC-1
train_CD8 T_01157,CD8 T,train,CACATTTAGTGCTGCC-1,GCGCGATAGCGTCAAG-1
train_CD8 T_01158,CD8 T,train,CTAACTTGTTAGTGGG-1,GCTGCTTAGGTGGGTT-1
train_CD8 T_01159,CD8 T,train,GACTGCGGTCGGATCC-1,GAACCTAAGGGAGTAA-1
train_CD8 T_01160,CD8 T,train,GATGAAAGTGCTGTAT-1,ATAAGAGAGAAGGGTA-1
train_CD8 T_01161,CD8 T,train,AGGTCATCATGTCCTC-1,CGGGTCAGTCTCTCTG-1
train_CD8 T_01162,CD8 T,train,GCCAAATCAACGATCT-1,GCGCGATAGCGTCAAG-1
train_CD8 T_01163,CD8 T,train,TGGTTCCAGAGCCTAG-1,CGTGTCTAGCGCTTAT-1
train_CD8 T_01164,CD8 T,train,CAGATCACATGGTAGG-1,GCACATAAGATAGGAG-1
train_CD8 T_01165,CD8 T,train,AAACGGGAGACTAGGC-1,TGGACGCAGAATTGTG-1
train_CD8 T_01166,CD8 T,train,GTCATTTGTATTAGCC-1,CCACCTATCTGTTGAG-1
train_CD8 T_01167,CD8 T,train,ATGAGGGTCATGTCTT-1,TCATTACAGGCCCGTT-1
train_CD8 T_01168,CD8 T,train,AACCGCGCACTCTGTC-1,ACCCACTGTTTGGCGC-1
train_CD8 T_01169,CD8 T,train,AGGTCCGCATTACCTT-1,ATAACGCGTCGGCACT-1
train_CD8 T_01170,CD8 T,train,TGCACCTAGGTTACCT-1,CCTTCCCTCTTGCAAG-1
train_CD8 T_01171,CD8 T,train,GATCTAGCAGTTTACG-1,ATAACGCAGGCTCATT-1
train_CD8 T_01172,CD8 T,train,GCATACAAGTGCAAGC-1,CCTAGCTAGGAGTAGA-1
train_CD8 T_01173,CD8 T,train,GTCGTAACAGACGTAG-1,TGGACGCAGAATTGTG-1
train_CD8 T_01174,CD8 T,train,GGGCATCGTTTGTGTG-1,CATCGGGGTCTAGCCG-1
train_CD8 T_01175,CD8 T,train,TCAGGATCACTGTGTA-1,CGATGGCGTGACGGTA-1
train_CD8 T_01176,CD8 T,train,TTTCCTCCACATTTCT-1,CTTAGGACATAGACTC-1
train_CD8 T_01177,CD8 T,train,CATGCCTAGTCGAGTG-1,CCTTCGAGTAAACGCG-1
train_CD8 T_01178,CD8 T,train,TCTATTGAGTGTCTCA-1,AGGTCCGAGGCGCTCT-1
train_CD8 T_01179,CD8 T,train,GTGCTTCTCTCGTATT-1,CCACCTATCTGTTGAG-1
train_CD8 T_01180,CD8 T,train,TCACGAATCAGTTAGC-1,ATTACTCGTTGGTTTG-1
train_CD8 T_01181,CD8 T,train,GACAGAGGTGCGCTTG-1,ATTTCTGGTACTTAGC-1
train_CD8 T_01182,CD8 T,train,CGGACTGTCAAGGCTT-1,GATCGTATCGAATCCA-1
train_CD8 T_01183,CD8 T,train,CGACCTTTCAACACTG-1,CGATGGCAGGGAAACA-1
train_CD8 T_01184,CD8 T,train,GACCTGGTCATTTGGG-1,CGCTTCAAGACCGGAT-1
train_CD8 T_01185,CD8 T,train,AACCGCGTCTACTCAT-1,AACTCAGGTAGGGACT-1
train_CD8 T_01186,CD8 T,train,GACAGAGGTGCGCTTG-1,GGGACCTAGGCTCATT-1
train_CD8 T_01187,CD8 T,train,TCTATTGAGTGTCTCA-1,CTAATGGCAATGCCAT-1
train_CD8 T_01188,CD8 T,train,TGGCTGGCAATCAGAA-1,CTGCCTACACGGTGTC-1
train_CD8 T_01189,CD8 T,train,AAACCTGAGGCTAGCA-1,CTTAGGACAAATACAG-1
train_CD8 T_01190,CD8 T,train,GAACATCAGGTGTTAA-1,AACCATGGTCAGAGGT-1
train_CD8 T_01191,CD8 T,train,AGGGAGTCACGCGAAA-1,GAACCTAAGGGAGTAA-1
train_CD8 T_01192,CD8 T,train,AACCGCGTCTACTCAT-1,ATAACGCGTCGGCACT-1
train_CD8 T_01193,CD8 T,train,TCAATCTCAAGCCGCT-1,GTAGTCAGTTAAAGAC-1
train_CD8 T_01194,CD8 T,train,GCGCAACGTCGGATCC-1,ATAAGAGAGAAGGGTA-1
train_CD8 T_01195,CD8 T,train,GCATGTAGTATATGAG-1,CCTATTACACCGCTAG-1
train_CD8 T_01196,CD8 T,train,GGACAGACATACGCTA-1,CGAGCACTCCTTTCGG-1
train_CD8 T_01197,CD8 T,train,GACAGAGCACATGACT-1,CTAATGGCAATGCCAT-1
train_CD8 T_01198,CD8 T,train,AGGGAGTCACGCGAAA-1,GACACGCTCCACGACG-1
train_CD8 T_01199,CD8 T,train,TGGGCGTCAAGGCTCC-1,AGGTCATTCGTACCGG-1
train_CD8 T_01200,CD8 T,train,AATCGGTTCCTCTAGC-1,ACTTTCATCCATGAAC-1
train_CD8 T_01201,CD8 T,train,ACACTGATCCATTCTA-1,GTGTGCGCATTCACTT-1
train_CD8 T_01202,CD8 T,train,TTTCCTCCACATTTCT-1,CTTTGCGCACTTAAGC-1
train_CD8 T_01203,CD8 T,train,AGGGAGTCACGCGAAA-1,CGCTATCAGTGCGATG-1
train_CD8 T_01204,CD8 T,train,AAACGGGAGACTAGGC-1,GTCCTCATCTACCAGA-1
train_CD8 T_01205,CD8 T,train,CGTAGGCTCTAACGGT-1,ATCATCTAGTGGCACA-1
train_CD8 T_01206,CD8 T,train,CATCCACCAATGTTGC-1,AACTCAGGTAGGGACT-1
train_CD8 T_01207,CD8 T,train,GACCTGGAGCCAGGAT-1,ACTGAACCACTGTCGG-1
train_CD8 T_01208,CD8 T,train,CGATTGAAGTGTGGCA-1,TCGGTAATCTGACCTC-1
train_CD8 T_01209,CD8 T,train,AGAATAGAGAATCTCC-1,AACTCAGGTAGGGACT-1
train_CD8 T_01210,CD8 T,train,GGGCACTAGATCCCAT-1,CAACCAACAACTGCTA-1
train_CD8 T_01211,CD8 T,train,TGCACCTAGGCTCAGA-1,CCACCTATCTGTTGAG-1
train_CD8 T_01212,CD8 T,train,AGAATAGAGAATCTCC-1,GGAAAGCGTACAGACG-1
train_CD8 T_01213,CD8 T,train,CTCAGAACAATCGAAA-1,GCTGCTTAGTGGCACA-1
train_CD8 T_01214,CD8 T,train,GCTCCTAGTCACACGC-1,GCCTCTAAGAAGGGTA-1
train_CD8 T_01215,CD8 T,train,GACAGAGCACATGACT-1,GTCATTTGTACAGACG-1
train_CD8 T_01216,CD8 T,train,TACTCGCTCGTTGACA-1,TAAGAGACAGCTGGCT-1
train_CD8 T_01217,CD8 T,train,GAACCTATCCGAATGT-1,GTGCATAGTTGCGCAC-1
train_CD8 T_01218,CD8 T,train,GCATACAAGTGCAAGC-1,GTTCATTAGATGTAAC-1
train_CD8 T_01219,CD8 T,train,CGGGTCAGTGGTCTCG-1,TACACGATCCCACTTG-1
train_CD8 T_01220,CD8 T,train,ACACTGAAGAGCCCAA-1,TGCGCAGTCATCATTC-1
train_CD8 T_01221,CD8 T,train,TGGTTCCAGAGCCTAG-1,GTGCATAGTTGCGCAC-1
train_CD8 T_01222,CD8 T,train,GATGAAAGTCGCATAT-1,CATATGGTCCTTGACC-1
train_CD8 T_01223,CD8 T,train,GTGCTTCTCTCGTATT-1,CAACCAACAAAGCGGT-1
train_CD8 T_01224,CD8 T,train,GGGCATCGTTTGTGTG-1,TCATTTGTCACCGTAA-1
train_CD8 T_01225,CD8 T,train,TGCACCTAGGTTACCT-1,CGCTGGAAGGAGCGTT-1
train_CD8 T_01226,CD8 T,train,CCTTTCTCACCTTGTC-1,CGATTGATCGCATGAT-1
train_CD8 T_01227,CD8 T,train,CTAATGGAGATATGCA-1,CAACCAACAAAGCGGT-1
train_CD8 T_01228,CD8 T,train,GCAGCCAGTTCGCTAA-1,ATCTACTGTGTGACGA-1
train_CD8 T_01229,CD8 T,train,CGAGCCATCACCCTCA-1,CTGCGGACAGACAAGC-1
train_CD8 T_01230,CD8 T,train,GGGCACTAGATCCCAT-1,TATGCCCAGGCATTGG-1
train_CD8 T_01231,CD8 T,train,TGACTTTGTGTTCTTT-1,AACGTTGGTAAGCACG-1
train_CD8 T_01232,CD8 T,train,GATTCAGAGGGAAACA-1,GCATACACAGTCTTCC-1
train_CD8 T_01233,CD8 T,train,TTTATGCTCATGTAGC-1,TTCTACAGTGTAATGA-1
train_CD8 T_01234,CD8 T,train,AGGGATGGTTCTGAAC-1,GATCGTATCGAATCCA-1
train_CD8 T_01235,CD8 T,train,CTCAGAAGTACCAGTT-1,TTTGGTTAGTGTCCCG-1
train_CD8 T_01236,CD8 T,train,GCACTCTAGATATACG-1,TAGAGCTAGGGTCTCC-1
train_CD8 T_01237,CD8 T,train,CATCAAGTCACATACG-1,CAACCAACAAAGCGGT-1
train_CD8 T_01238,CD8 T,train,GACCTGGCATAGAAAC-1,CAACCAACAACTGCTA-1
train_CD8 T_01239,CD8 T,train,CGAACATGTGACCAAG-1,GGACAAGTCTCTAAGG-1
train_CD8 T_01240,CD8 T,train,TGGCCAGCAGTTCATG-1,GTCCTCATCTACCAGA-1
train_CD8 T_01241,CD8 T,train,CGATTGAAGTGTGGCA-1,TTCTTAGCAGTATCTG-1
train_CD8 T_01242,CD8 T,train,CTAATGGAGATATGCA-1,ACTGAACCACTGTCGG-1
train_CD8 T_01243,CD8 T,train,CGAGCACCATTCGACA-1,GTGCTTCGTACTTGAC-1
train_CD8 T_01244,CD8 T,train,GGTGTTACATGCAACT-1,TGAGCATCATACTACG-1
train_CD8 T_01245,CD8 T,train,GCATGTAGTATATGAG-1,GCAGTTATCGTTGCCT-1
train_CD8 T_01246,CD8 T,train,GCCTCTATCATTGCCC-1,GACGTTACAGTCGTGC-1
train_CD8 T_01247,CD8 T,train,CGAGCACCACTGTTAG-1,ACGATGTAGTGAAGTT-1
train_CD8 T_01248,CD8 T,train,GACGTTATCCACGTGG-1,TGGGAAGCACAAGACG-1
train_CD8 T_01249,CD8 T,train,TGGACGCCATGAAGTA-1,GCAAACTCACCTATCC-1
train_CD8 T_01250,CD8 T,train,AAAGCAATCCGCGGTA-1,ACTGAACCACGGACAA-1
train_CD8 T_01251,CD8 T,train,CATCAGATCTGCAAGT-1,CAGCTGGGTGGTTTCA-1
train_CD8 T_01252,CD8 T,train,CACATTTAGTGCTGCC-1,CCTTCCCTCTTGCAAG-1
train_CD8 T_01253,CD8 T,train,GACAGAGGTGCGCTTG-1,CGCCAAGAGCAGACTG-1
train_CD8 T_01254,CD8 T,train,GACTGCGGTCGGATCC-1,TGGGAAGAGTGGCACA-1
train_CD8 T_01255,CD8 T,train,GCTCCTAGTCACACGC-1,CATCCACGTGAGGGTT-1
train_CD8 T_01256,CD8 T,train,CGGGTCAGTGGTCTCG-1,CGCTTCAAGACCGGAT-1
train_CD8 T_01257,CD8 T,train,TCGTAGAAGGCGATAC-1,TTTATGCGTTATGCGT-1
train_CD8 T_01258,CD8 T,train,GTACTCCCATGCCTAA-1,CCTTCGAGTAAACGCG-1
train_CD8 T_01259,CD8 T,train,AGTTGGTCACTTAACG-1,TCGGTAATCTGACCTC-1
train_CD8 T_01260,CD8 T,train,GCATGTAGTATATGAG-1,TTTGGTTAGTGTCCCG-1
train_CD8 T_01261,CD8 T,train,CTCGTACTCTGAGTGT-1,GGACATTAGACCGGAT-1
train_CD8 T_01262,CD8 T,train,CGTTGGGAGCTGGAAC-1,TTCTACAGTGTAATGA-1
train_CD8 T_01263,CD8 T,train,TCAATCTTCACCTTAT-1,TGCACCTCACGAGGTA-1
train_CD8 T_01264,CD8 T,train,GCATGTAGTATATGAG-1,ACTGTCCCACCAGGCT-1
train_CD8 T_01265,CD8 T,train,GCTCCTAGTCACACGC-1,ACGGGCTAGAGCTATA-1
train_CD8 T_01266,CD8 T,train,GACACGCCAAGGTTCT-1,AGAGTGGGTCCAACTA-1
train_CD8 T_01267,CD8 T,train,GGCGACTAGCGCCTTG-1,ATGTGTGAGCCCGAAA-1
train_CD8 T_01268,CD8 T,train,GTCATTTGTATTAGCC-1,ATTACTCGTTGGTTTG-1
train_CD8 T_01269,CD8 T,train,GTCGTAATCAGTTTGG-1,TCACAAGGTTCGTCTC-1
train_CD8 T_01270,CD8 T,train,ACCGTAAAGCAATATG-1,GCGCGATAGCGTCAAG-1
train_CD8 T_01271,CD8 T,train,TCACGAAGTAAGGGCT-1,GCGCGATAGCGTCAAG-1
train_CD8 T_01272,CD8 T,train,TAAGAGATCAATCTCT-1,TAAGAGACAGCTGGCT-1
train_CD8 T_01273,CD8 T,train,TGGCTGGCAATCAGAA-1,GGAAAGCTCATGGTCA-1
train_CD8 T_01274,CD8 T,train,CTCAGAAGTACCAGTT-1,TCAGATGCATTATCTC-1
train_CD8 T_01275,CD8 T,train,GATGAAAGTGCTGTAT-1,GTTCATTAGATGTAAC-1
train_CD8 T_01276,CD8 T,train,TGACTTTGTGTTCTTT-1,ACACCAATCATTCACT-1
train_CD8 T_01277,CD8 T,train,TCACGAATCAGTTAGC-1,GCTGCTTAGGTGGGTT-1
train_CD8 T_01278,CD8 T,train,GTATTCTCAACGATGG-1,CATGGCGGTAAGTAGT-1
train_CD8 T_01279,CD8 T,train,GATTCAGAGGGAAACA-1,CTAATGGAGTACGCGA-1
train_CD8 T_01280,CD8 T,train,TAAGAGAGTGCATCTA-1,CATCCACGTGAGGGTT-1
train_CD8 T_01281,CD8 T,train,TCACGAAGTAAGGGCT-1,CAACCAACAACTGCTA-1
train_CD8 T_01282,CD8 T,train,TTTGTCACACAACTGT-1,CTTAGGACATAGACTC-1
train_CD8 T_01283,CD8 T,train,TCACGAATCAGTTAGC-1,TGGGAAGCACAAGACG-1
train_CD8 T_01284,CD8 T,train,GATGAAAGTCGCATAT-1,CCCTCCTAGATCGGGT-1
train_CD8 T_01285,CD8 T,train,CGAGCACCATTCGACA-1,GCGACCAGTTACCGAT-1
train_CD8 T_01286,CD8 T,train,GCGACCAGTTAAGTAG-1,ATAAGAGAGAAGGGTA-1
train_CD8 T_01287,CD8 T,train,CGATTGAAGAGTGACC-1,GCTCCTAGTTTCCACC-1
train_CD8 T_01288,CD8 T,train,GATTCAGAGAGCTATA-1,ATGTGTGAGCCCGAAA-1
train_CD8 T_01289,CD8 T,train,ATTCTACCAGGACCCT-1,GTAGTCAGTTAAAGAC-1
train_CD8 T_01290,CD8 T,train,AAAGCAACATGGTTGT-1,TTAACTCTCGGTTCGG-1
train_CD8 T_01291,CD8 T,train,GGACAGAAGTACATGA-1,TTCTCAAGTACTTCTT-1
train_CD8 T_01292,CD8 T,train,GAAGCAGGTCTCTTTA-1,GTATTCTGTCGAATCT-1
train_CD8 T_01293,CD8 T,train,CGAGCACAGATGTGGC-1,GCATACACAGTCTTCC-1
train_CD8 T_01294,CD8 T,train,CTACCCAAGAACTGTA-1,CCTTCCCTCTTGCAAG-1
train_CD8 T_01295,CD8 T,train,TTCTTAGCATGTAAGA-1,GGAATAACATAAGACA-1
train_CD8 T_01296,CD8 T,train,AGTTGGTCACTTAACG-1,TTGCGTCCACAAGTAA-1
train_CD8 T_01297,CD8 T,train,GAACATCTCTTGCAAG-1,CCTTCCCTCTTGCAAG-1
train_CD8 T_01298,CD8 T,train,TCAACGAAGATATGCA-1,ACATACGCAATTGCTG-1
train_CD8 T_01299,CD8 T,train,GTCGTAACAGACGTAG-1,TACACGATCCCACTTG-1
train_CD8 T_01300,CD8 T,train,CTCGAGGTCAATACCG-1,AGAGCTTAGTATGACA-1
train_CD8 T_01301,CD8 T,train,GCACTCTAGATATACG-1,TTTGGTTAGTGTCCCG-1
train_CD8 T_01302,CD8 T,train,ACTTGTTTCCTGTAGA-1,GTACTCCGTGACGGTA-1
train_CD8 T_01303,CD8 T,train,GACCAATGTACTTGAC-1,CACAGTAAGCCACCTG-1
train_CD8 T_01304,CD8 T,train,TATTACCTCTGGTGTA-1,GCTTGAACATTCACTT-1
train_CD8 T_01305,CD8 T,train,GTGCTTCTCTCGTATT-1,GGGTTGCTCAAGGTAA-1
train_CD8 T_01306,CD8 T,train,CTAGCCTAGTGTTGAA-1,CCACCTATCTGTTGAG-1
train_CD8 T_01307,CD8 T,train,GCTCTGTGTATTAGCC-1,CATCAAGGTTCGTGAT-1
train_CD8 T_01308,CD8 T,train,CTAGCCTAGTGTTGAA-1,GTTAAGCCATCAGTCA-1
train_CD8 T_01309,CD8 T,train,GATTCAGAGGGAAACA-1,TCCACACCACGCCAGT-1
train_CD8 T_01310,CD8 T,train,CTGCGGACACCTTGTC-1,TCATTACGTTGGAGGT-1
train_CD8 T_01311,CD8 T,train,GACACGCTCGAATGCT-1,GCACTCTCAGATGAGC-1
train_CD8 T_01312,CD8 T,train,GACAGAGCACATGACT-1,ATTTCTGGTACTTAGC-1
train_CD8 T_01313,CD8 T,train,GACACGCTCGAATGCT-1,TTCTCAAGTACTTCTT-1
train_CD8 T_01314,CD8 T,train,GGGCACTGTAGCGCAA-1,CAGATCACAGAGCCAA-1
train_CD8 T_01315,CD8 T,train,TCAATCTCAAGCCGCT-1,GGACATTAGCGTAATA-1
train_CD8 T_01316,CD8 T,train,GATCTAGAGATCCGAG-1,ATCACGATCTCCTATA-1
train_CD8 T_01317,CD8 T,train,GATTCAGAGGGAAACA-1,GCATACACAGTCTTCC-1
train_CD8 T_01318,CD8 T,train,GATTCAGAGGGAAACA-1,CTCTACGTCTGTGCAA-1
train_CD8 T_01319,CD8 T,train,AATCGGTTCCTCTAGC-1,TAGAGCTAGGGTCTCC-1
train_CD8 T_01320,CD8 T,train,GATTCAGAGGGAAACA-1,GCAGTTATCGTTGCCT-1
train_CD8 T_01321,CD8 T,train,TTTATGCTCATGTAGC-1,CGCCAAGAGCAGACTG-1
train_CD8 T_01322,CD8 T,train,GGGCATCGTTTGTGTG-1,CTGCGGACAGACAAGC-1
train_CD8 T_01323,CD8 T,train,ACCGTAAAGCAATATG-1,GCAAACTCACCTATCC-1
train_CD8 T_01324,CD8 T,train,GCACTCTAGATATACG-1,CATCAAGGTTCGTGAT-1
train_CD8 T_01325,CD8 T,train,TTTATGCTCATGTAGC-1,GTATTCTGTCGAATCT-1
train_CD8 T_01326,CD8 T,train,TCAGGATCACTGTGTA-1,GGCTGGTAGGCTATCT-1
train_CD8 T_01327,CD8 T,train,GGATTACAGCTCAACT-1,TTTATGCGTTATGCGT-1
train_CD8 T_01328,CD8 T,train,TGGGCGTCAAGGCTCC-1,TGACGGCGTGCCTGCA-1
train_CD8 T_01329,CD8 T,train,AGGGAGTCACGCGAAA-1,GTCCTCATCTACCAGA-1
train_CD8 T_01330,CD8 T,train,ATCATCTAGCGTAATA-1,ATCACGATCTCCTATA-1
train_CD8 T_01331,CD8 T,train,GTGCATAGTCATACTG-1,TGAGCATCATACTACG-1
train_CD8 T_01332,CD8 T,train,GACTGCGGTCGGATCC-1,ATAACGCAGGCTCATT-1
train_CD8 T_01333,CD8 T,train,GCTCCTAGTCACACGC-1,TGCGCAGTCATCATTC-1
train_CD8 T_01334,CD8 T,train,GCCAAATCAACGATCT-1,ATCCGAAAGAACAACT-1
train_CD8 T_01335,CD8 T,train,TGGCTGGCAATCAGAA-1,GGTGTTAAGAATGTGT-1
train_CD8 T_01336,CD8 T,train,TCAGGATCACTGTGTA-1,TGAGCATCATACTACG-1
train_CD8 T_01337,CD8 T,train,CCTACACGTAAAGGAG-1,TGACTTTAGGTGTTAA-1
train_CD8 T_01338,CD8 T,train,GGTGCGTAGGCACATG-1,AAGGCAGAGTCCTCCT-1
train_CD8 T_01339,CD8 T,train,CGTTGGGAGCTGGAAC-1,GGACATTCAGGCGATA-1
train_CD8 T_01340,CD8 T,train,TGCACCTAGGCTCAGA-1,CAACCAACAACTGCTA-1
train_CD8 T_01341,CD8 T,train,CACATTTAGTGCTGCC-1,TGACGGCTCGGCGCTA-1
train_CD8 T_01342,CD8 T,train,TCAGGATCACTGTGTA-1,GCGGGTTAGAAACGAG-1
train_CD8 T_01343,CD8 T,train,GGCGACTAGCGCCTTG-1,CTAACTTTCTGACCTC-1
train_CD8 T_01344,CD8 T,train,GTCACAAGTATAATGG-1,GGACAAGTCTCTAAGG-1
train_CD8 T_01345,CD8 T,train,TGGCCAGCAGTTCATG-1,GTGTTAGAGAAGGACA-1
train_CD8 T_01346,CD8 T,train,GATCTAGCAGTTTACG-1,GTGCATAGTTGCGCAC-1
train_CD8 T_01347,CD8 T,train,CTACCCAAGAACTGTA-1,TTCTCAAGTACTTCTT-1
train_CD8 T_01348,CD8 T,train,CGAGCACCACTGTTAG-1,CTACATTTCCTCGCAT-1
train_CD8 T_01349,CD8 T,train,CTGCGGACACCTTGTC-1,ATTTCTGGTACTTAGC-1
train_CD8 T_01350,CD8 T,train,CGAACATAGAGTACAT-1,TGGACGCAGAATTGTG-1
train_CD8 T_01351,CD8 T,train,GACTGCGAGACAGAGA-1,CCTAGCTAGCCAGGAT-1
train_CD8 T_01352,CD8 T,train,GGACATTTCGGAGGTA-1,TAAGAGACAGCTGGCT-1
train_CD8 T_01353,CD8 T,train,AGAATAGCAGCGTCCA-1,TGACTTTAGGTGTTAA-1
train_CD8 T_01354,CD8 T,train,CGGAGTCGTCGCCATG-1,CCACGGACATCCCACT-1
train_CD8 T_01355,CD8 T,train,GGGCACTAGTTAGCGG-1,GTGCAGCAGGAGTAGA-1
train_CD8 T_01356,CD8 T,train,GTATTCTCAACGATGG-1,GGGTTGCTCAAGGTAA-1
train_CD8 T_01357,CD8 T,train,CAGATCACATGGTAGG-1,GTAGTCAGTGACTACT-1
train_CD8 T_01358,CD8 T,train,AGGTCCGCATTACCTT-1,CAGCAGCAGGCGATAC-1
train_CD8 T_01359,CD8 T,train,GATGAGGTCAGGATCT-1,CATCCACGTGAGGGTT-1
train_CD8 T_01360,CD8 T,train,GCGCAACGTCGGATCC-1,CGCCAAGAGCAGACTG-1
train_CD8 T_01361,CD8 T,train,AAACCTGAGGCTAGCA-1,CCAGCGACATATACCG-1
train_CD8 T_01362,CD8 T,train,ACCGTAAAGCAATATG-1,TTTGGTTAGTGTCCCG-1
train_CD8 T_01363,CD8 T,train,GACACGCCAAGGTTCT-1,ACATCAGGTATAAACG-1
train_CD8 T_01364,CD8 T,train,GACGTGCTCTAACCGA-1,TCTGGAACACACGCTG-1
train_CD8 T_01365,CD8 T,train,CGTGAGCTCACCCTCA-1,CATATGGTCCTTGACC-1
train_CD8 T_01366,CD8 T,train,ACCGTAAAGCAATATG-1,TAGCCGGCAATGTAAG-1
train_CD8 T_01367,CD8 T,train,GCTCTGTGTATTAGCC-1,AGTGAGGTCATTCACT-1
train_CD8 T_01368,CD8 T,train,GGGCACTAGATCCCAT-1,ACGATACCAGGTCTCG-1
train_CD8 T_01369,CD8 T,train,CATCAGATCTGCAAGT-1,ACCCACTGTTTGGCGC-1
train_CD8 T_01370,CD8 T,train,CTCAGAAGTACCAGTT-1,TATGCCCAGGCATTGG-1
train_CD8 T_01371,CD8 T,train,AAAGCAATCCGCGGTA-1,AACGTTGGTAAGCACG-1
train_CD8 T_01372,CD8 T,train,AGAATAGCAGCGTCCA-1,GCATACAAGACCACGA-1
train_CD8 T_01373,CD8 T,train,TCTGAGAGTATCACCA-1,TAGGCATCAAGCGCTC-1
train_CD8 T_01374,CD8 T,train,GGGCACTAGATCCCAT-1,CGCTTCAAGACCGGAT-1
train_CD8 T_01375,CD8 T,train,CCTTCGACAACTGCTA-1,ACCAGTATCATGTGGT-1
train_CD8 T_01376,CD8 T,train,AACCGCGTCTACTCAT-1,TGGACGCAGCGATTCT-1
train_CD8 T_01377,CD8 T,train,GAACATCTCTTGCAAG-1,GGGACCTAGGCTCATT-1
train_CD8 T_01378,CD8 T,train,TACTCGCTCGTTGACA-1,GTTCATTAGATGTAAC-1
train_CD8 T_01379,CD8 T,train,CGTCCATCAAACCTAC-1,CCTACCATCTTCGGTC-1
train_CD8 T_01380,CD8 T,train,CGATTGAAGTGTGGCA-1,CTACATTTCCTCGCAT-1
train_CD8 T_01381,CD8 T,train,ACACTGATCCATTCTA-1,CCAATCCCATCATCCC-1
train_CD8 T_01382,CD8 T,train,GCCAAATCAACGATCT-1,CTAATGGCAATGCCAT-1
train_CD8 T_01383,CD8 T,train,GCGACCAGTTAAGTAG-1,ACTGCTCCATCCTAGA-1
train_CD8 T_01384,CD8 T,train,CGTGAGCTCACCCTCA-1,CCAGCGACATATACCG-1
train_CD8 T_01385,CD8 T,train,GACCAATGTACTTGAC-1,GCTCCTAGTTTCCACC-1
train_CD8 T_01386,CD8 T,train,TCACGAATCAGTTAGC-1,GTTCATTAGATGTAAC-1
train_CD8 T_01387,CD8 T,train,CTTAGGATCTCCCTGA-1,TCAGGTAGTACCGCTG-1
train_CD8 T_01388,CD8 T,train,CTAGCCTAGTGTTGAA-1,CGGGTCAGTCTCTCTG-1
train_CD8 T_01389,CD8 T,train,AGCTCCTCATCCAACA-1,CATATGGTCCTTGACC-1
train_CD8 T_01390,CD8 T,train,GATGAAAGTCGCATAT-1,TGTATTCAGAGCTGGT-1
train_CD8 T_01391,CD8 T,train,CTCGAGGTCAATACCG-1,GATCGTATCGAATCCA-1
train_CD8 T_01392,CD8 T,train,GCCTCTATCATTGCCC-1,CTACATTTCCTCGCAT-1
train_CD8 T_01393,CD8 T,train,AGTGGGATCAATACCG-1,TTTACTGAGATATACG-1
train_CD8 T_01394,CD8 T,train,TTAGGCATCTGCGTAA-1,CATGGCGGTAAGTAGT-1
train_CD8 T_01395,CD8 T,train,GAACATCTCTTGCAAG-1,GGATTACAGGATGGAA-1
train_CD8 T_01396,CD8 T,train,GATCTAGCATAGTAAG-1,GGGTTGCTCAAGGTAA-1
train_CD8 T_01397,CD8 T,train,GCGCAACGTCGGATCC-1,CTCTACGTCTGTGCAA-1
train_CD8 T_01398,CD8 T,train,CATCCACCAATGTTGC-1,CAGCTGGCAGGAACGT-1
train_CD8 T_01399,CD8 T,train,ACCAGTACATTTGCCC-1,ACTGAACCACTGTCGG-1
train_Monocyte_00000,Monocyte,train,TCGCGAGAGCGATTCT-1,GGTGTTAGTCCCTTGT-1
train_Monocyte_00001,Monocyte,train,GTCAAGTGTGTCCTCT-1,ACAGCCGCACACCGCA-1
train_Monocyte_00002,Monocyte,train,TAGTTGGAGGGATACC-1,AACCATGTCTGCAGTA-1
train_Monocyte_00003,Monocyte,train,AGGTCATAGATATGCA-1,GTCCTCATCGAGAACG-1
train_Monocyte_00004,Monocyte,train,GCAATCATCCAGGGCT-1,GCTTGAAAGGGAAACA-1
train_Monocyte_00005,Monocyte,train,GCAATCATCCAAGTAC-1,AACCGCGCAGATAATG-1
train_Monocyte_00006,Monocyte,train,TCCACACGTTGAGTTC-1,CGACCTTAGAATTCCC-1
train_Monocyte_00007,Monocyte,train,AAATGCCAGTACCGGA-1,GCCAAATAGCGACGTA-1
train_Monocyte_00008,Monocyte,train,ATTTCTGAGCAATCTC-1,ACTATCTGTTTGTTTC-1
train_Monocyte_00009,Monocyte,train,TTTCCTCGTAAGGATT-1,GCACATATCAGGTAAA-1
train_Monocyte_00010,Monocyte,train,GCACTCTTCTCGATGA-1,CTCTACGCATAGGATA-1
train_Monocyte_00011,Monocyte,train,TGTGTTTAGCGCCTCA-1,TCTATTGAGTCGTTTG-1
train_Monocyte_00012,Monocyte,train,CGTGTCTCAGGTTTCA-1,GGGTTGCGTATAGTAG-1
train_Monocyte_00013,Monocyte,train,TACGGGCGTGTTGGGA-1,ATTATCCAGCGTTTAC-1
train_Monocyte_00014,Monocyte,train,GGCTGGTTCTTAGAGC-1,TTATGCTGTCTAGCCG-1
train_Monocyte_00015,Monocyte,train,GATCGTATCGCCCTTA-1,TGCTGCTAGTAACCCT-1
train_Monocyte_00016,Monocyte,train,GCGAGAAGTCAGAGGT-1,AACCATGGTTATTCTC-1
train_Monocyte_00017,Monocyte,train,GACGTGCTCTGCGACG-1,GTCCTCAAGCTATGCT-1
train_Monocyte_00018,Monocyte,train,TAAGTGCGTTCCATGA-1,GGCAATTGTTCAGTAC-1
train_Monocyte_00019,Monocyte,train,CCCAATCCAAGTTCTG-1,TGGCCAGGTATTACCG-1
train_Monocyte_00020,Monocyte,train,CGATGGCGTAGCGCTC-1,TTCTACAGTATATCCG-1
train_Monocyte_00021,Monocyte,train,TGGACGCGTCCTCTTG-1,TTCTCCTCACCACCAG-1
train_Monocyte_00022,Monocyte,train,TCAGATGTCTACTCAT-1,ACGGCCACAGCTTCGG-1
train_Monocyte_00023,Monocyte,train,GTATCTTCATGGGAAC-1,GCTTGAAGTATGAATG-1
train_Monocyte_00024,Monocyte,train,ATGTGTGCATAAGACA-1,TCAGGTATCCACGACG-1
train_Monocyte_00025,Monocyte,train,GCTGGGTAGGTGCAAC-1,TTGACTTTCATTGCCC-1
train_Monocyte_00026,Monocyte,train,TGGACGCGTCCTCTTG-1,ACACCGGCACCCAGTG-1
train_Monocyte_00027,Monocyte,train,ATGTGTGGTTTGACAC-1,GAAACTCGTCGCTTCT-1
train_Monocyte_00028,Monocyte,train,GCTCTGTAGCGTGTCC-1,GATCTAGCATGGTCTA-1
train_Monocyte_00029,Monocyte,train,CTCCTAGGTTCGTCTC-1,GTCGTAATCAAGAAGT-1
train_Monocyte_00030,Monocyte,train,CCGTACTGTCAAACTC-1,GCATGCGGTGCAGTAG-1
train_Monocyte_00031,Monocyte,train,GACGTGCAGTGAAGTT-1,AACTTTCAGAAGGTGA-1
train_Monocyte_00032,Monocyte,train,GGACAAGTCTAACGGT-1,CCCAGTTAGCTGCAAG-1
train_Monocyte_00033,Monocyte,train,CCTTCCCTCGATGAGG-1,CTCTACGTCTAACTCT-1
train_Monocyte_00034,Monocyte,train,GGCGACTTCATGGTCA-1,CTCGAAAGTCGTGGCT-1
train_Monocyte_00035,Monocyte,train,ACGGAGAGTAGCGTGA-1,GGCGACTGTATTACCG-1
train_Monocyte_00036,Monocyte,train,GGACAGAAGTGGGATC-1,GTGTTAGCACCGTTGG-1
train_Monocyte_00037,Monocyte,train,AATCCAGAGAAGGTTT-1,GCATACAAGGCGACAT-1
train_Monocyte_00038,Monocyte,train,CATATTCTCACCCGAG-1,GCGCAACGTGTCCTCT-1
train_Monocyte_00039,Monocyte,train,GTATTCTTCAGCTGGC-1,CCTACCAAGGAGTCTG-1
train_Monocyte_00040,Monocyte,train,CGACCTTTCCTATGTT-1,TAAGTGCAGAGGTTGC-1
train_Monocyte_00041,Monocyte,train,ATGTGTGCATAAGACA-1,AAATGCCTCCCTGACT-1
train_Monocyte_00042,Monocyte,train,GTACGTAGTACGACCC-1,GCATGCGGTGCAGTAG-1
train_Monocyte_00043,Monocyte,train,ACTTGTTTCAAACCAC-1,TGCCCATGTTCCCGAG-1
train_Monocyte_00044,Monocyte,train,CTGCTGTAGAGCTATA-1,CGAGCCAAGGAATTAC-1
train_Monocyte_00045,Monocyte,train,GTCACGGGTACCGAGA-1,ATCATCTCAAGGACTG-1
train_Monocyte_00046,Monocyte,train,TAAACCGGTCTCGTTC-1,CACAGTAGTGATGTCT-1
train_Monocyte_00047,Monocyte,train,CTAGAGTAGTCCTCCT-1,GGGAGATAGTCGTACT-1
train_Monocyte_00048,Monocyte,train,AGCTCTCAGATAGCAT-1,CTCGTCAAGGAATCGC-1
train_Monocyte_00049,Monocyte,train,CCGGTAGTCGCACTCT-1,AGCTCTCAGTCTCCTC-1
train_Monocyte_00050,Monocyte,train,CTTTGCGGTAGCTGCC-1,TTCTACATCGGAATCT-1
train_Monocyte_00051,Monocyte,train,AAAGTAGGTAAGGGCT-1,GATCGTAAGTCAATAG-1
train_Monocyte_00052,Monocyte,train,GTATTCTTCAGCTGGC-1,CAGCAGCTCGCTGATA-1
train_Monocyte_00053,Monocyte,train,CAACCTCAGGTGTTAA-1,TAGGCATTCATGCATG-1
train_Monocyte_00054,Monocyte,train,TACGGGCCAGCCACCA-1,GAACCTAAGATCTGCT-1
train_Monocyte_00055,Monocyte,train,AAGACCTAGAGTAATC-1,GTCCTCAAGCTATGCT-1
train_Monocyte_00056,Monocyte,train,AAGTCTGTCGGCGCTA-1,TGCGCAGAGGGTTTCT-1
train_Monocyte_00057,Monocyte,train,AAGACCTAGAATTCCC-1,ACAGCTACACATGACT-1
train_Monocyte_00058,Monocyte,train,TGGGCGTGTACAGACG-1,CTGAAGTTCCTAGGGC-1
train_Monocyte_00059,Monocyte,train,CTCTGGTTCAGTTAGC-1,TGCTGCTCATTACCTT-1
train_Monocyte_00060,Monocyte,train,CCGTTCAAGTGAAGAG-1,TTGACTTCAATCCAAC-1
train_Monocyte_00061,Monocyte,train,ATTGGTGAGCCAGAAC-1,CTCGTCAGTGTAAGTA-1
train_Monocyte_00062,Monocyte,train,TTTGGTTTCCTATGTT-1,CGTTCTGTCTGCTGTC-1
train_Monocyte_00063,Monocyte,train,ATTATCCAGTGTGAAT-1,GGGAGATAGTCGTACT-1
train_Monocyte_00064,Monocyte,train,GGCTGGTAGAAACCGC-1,GGTGAAGGTTGGAGGT-1
train_Monocyte_00065,Monocyte,train,CCTTCCCTCGATGAGG-1,TTGACTTGTCATCGGC-1
train_Monocyte_00066,Monocyte,train,AATCGGTGTCGATTGT-1,TTAGGACCATGGTAGG-1
train_Monocyte_00067,Monocyte,train,GAACATCTCCTCAATT-1,AGCGTCGTCTTATCTG-1
train_Monocyte_00068,Monocyte,train,CATGCCTTCAATACCG-1,ATGGGAGTCAACACGT-1
train_Monocyte_00069,Monocyte,train,GACGTTACAGGCTCAC-1,ACGCCAGCATGCATGT-1
train_Monocyte_00070,Monocyte,train,CGACCTTCAAGTTGTC-1,GCGACCACATTCGACA-1
train_Monocyte_00071,Monocyte,train,GGACAAGCACGAGAGT-1,TTAACTCCATATGGTC-1
train_Monocyte_00072,Monocyte,train,TGCTACCAGCTTTGGT-1,GATCTAGCATGGTCTA-1
train_Monocyte_00073,Monocyte,train,GAGTCCGTCTACTCAT-1,CATATGGGTGTTCGAT-1
train_Monocyte_00074,Monocyte,train,AGGGTGAGTTCACGGC-1,ACGCCAGCATGCATGT-1
train_Monocyte_00075,Monocyte,train,CGTGTCTAGTCTTGCA-1,TTATGCTGTCTAGCCG-1
train_Monocyte_00076,Monocyte,train,ATGTGTGGTTTGACAC-1,GCTGCGAAGCCCAGCT-1
train_Monocyte_00077,Monocyte,train,TTCTCAAGTTAGATGA-1,ATTCTACGTCCTAGCG-1
train_Monocyte_00078,Monocyte,train,GTCATTTTCAGCATGT-1,TCCACACTCAGCTGGC-1
train_Monocyte_00079,Monocyte,train,GACACGCAGATGCCTT-1,TCGTAGACATTTGCCC-1
train_Monocyte_00080,Monocyte,train,TAGACCAGTTTGTTTC-1,CACAGTAGTGATGTCT-1
train_Monocyte_00081,Monocyte,train,TATCAGGAGCATCATC-1,TAGGCATTCATGCATG-1
train_Monocyte_00082,Monocyte,train,GCATACAAGCGTTGCC-1,GGGAATGGTGGCGAAT-1
train_Monocyte_00083,Monocyte,train,ATTATCCAGTGTGAAT-1,TAGGCATTCATGCATG-1
train_Monocyte_00084,Monocyte,train,GGGATGACACAACTGT-1,GTTACAGTCAACACCA-1
train_Monocyte_00085,Monocyte,train,ATTGGTGAGCCAGAAC-1,GACACGCCAGCATACT-1
train_Monocyte_00086,Monocyte,train,ATCATGGCACGCTTTC-1,TGGCCAGGTATTACCG-1
train_Monocyte_00087,Monocyte,train,AGCAGCCCATACTACG-1,GCGCAACGTGTCCTCT-1
train_Monocyte_00088,Monocyte,train,ATCATGGCACGCTTTC-1,TTATGCTGTCTAGCCG-1
train_Monocyte_00089,Monocyte,train,AGTGTCACATAGTAAG-1,ATTCTACGTCCTAGCG-1
train_Monocyte_00090,Monocyte,train,CCACGGACAGACGCCT-1,CAGAATCGTTGGAGGT-1
train_Monocyte_00091,Monocyte,train,ATTGGACTCTCAACTT-1,CGGTTAAAGCACCGCT-1
train_Monocyte_00092,Monocyte,train,TGGACGCGTCCTCTTG-1,CAGTCCTGTCCGAAGA-1
train_Monocyte_00093,Monocyte,train,CAGCAGCAGACAGACC-1,TCCACACTCAGCTGGC-1
train_Monocyte_00094,Monocyte,train,TACACGATCGAACGGA-1,CGAGAAGAGCTAGCCC-1
train_Monocyte_00095,Monocyte,train,CTTAGGAAGTGACATA-1,TTAACTCTCGGCGCTA-1
train_Monocyte_00096,Monocyte,train,GTGCATAGTCCAACTA-1,CGACCTTAGAATTCCC-1
train_Monocyte_00097,Monocyte,train,TTAGTTCCACATGGGA-1,TGGGAAGAGGCCCTTG-1
train_Monocyte_00098,Monocyte,train,CTCCTAGGTTCGTCTC-1,GCAGTTAAGTCATGCT-1
train_Monocyte_00099,Monocyte,train,CTGCGGAGTTACGCGC-1,AGGGTGAAGTAGCCGA-1
train_Monocyte_00100,Monocyte,train,AAGGAGCCAAACCCAT-1,ATGGGAGCAGCCTTGG-1
train_Monocyte_00101,Monocyte,train,GAACCTAAGCTAACTC-1,GGGATGAAGGCCCTCA-1
train_Monocyte_00102,Monocyte,train,GACGTGCTCTCGGACG-1,ATTCTACGTCCTAGCG-1
train_Monocyte_00103,Monocyte,train,GCAGCCAGTGACCAAG-1,ACTGAACAGTGACATA-1
train_Monocyte_00104,Monocyte,train,TGACTTTCAAGAGTCG-1,TGATTTCTCCTAGAAC-1
train_Monocyte_00105,Monocyte,train,GAAGCAGAGTGGACGT-1,CGGAGCTAGGGATGGG-1
train_Monocyte_00106,Monocyte,train,CCTTCCCCAATCCAAC-1,CATCCACGTGAAAGAG-1
train_Monocyte_00107,Monocyte,train,AACTCCCCATGTTCCC-1,GTCCTCATCGAGAACG-1
train_Monocyte_00108,Monocyte,train,CCGTTCAAGTGAAGAG-1,ATTGGTGGTTAGTGGG-1
train_Monocyte_00109,Monocyte,train,ACTGCTCCAGCGATCC-1,GCGAGAATCGCAAGCC-1
train_Monocyte_00110,Monocyte,train,AAGACCTAGTATCGAA-1,CTTAGGACAAAGCAAT-1
train_Monocyte_00111,Monocyte,train,TCGTAGAAGCAATATG-1,TATCTCACAGGTGCCT-1
train_Monocyte_00112,Monocyte,train,CAGCAGCAGTGTTGAA-1,AACTTTCAGTACGTAA-1
train_Monocyte_00113,Monocyte,train,GACTGCGTCTTGACGA-1,TGCCCATCAGCGTCCA-1
train_Monocyte_00114,Monocyte,train,GGACAAGTCTAACGGT-1,CTTACCGAGTAATCCC-1
train_Monocyte_00115,Monocyte,train,GCAATCATCCCACTTG-1,GACACGCAGCAGACTG-1
train_Monocyte_00116,Monocyte,train,TACCTATAGGATGCGT-1,GGCGACTGTATTACCG-1
train_Monocyte_00117,Monocyte,train,CTCGTACAGATGTGGC-1,TGGTTCCAGCCGATTT-1
train_Monocyte_00118,Monocyte,train,GTCACGGGTACCGAGA-1,CATATGGAGAACAACT-1
train_Monocyte_00119,Monocyte,train,GAGCAGATCTCAACTT-1,GTATCTTCAAGCCGTC-1
train_Monocyte_00120,Monocyte,train,ACATACGTCAACGCTA-1,ATTGGTGGTTAGTGGG-1
train_Monocyte_00121,Monocyte,train,GGACAAGCAATGTAAG-1,AACCATGGTTATTCTC-1
train_Monocyte_00122,Monocyte,train,CTCGTCATCTTGACGA-1,GATGAGGCATCATCCC-1
train_Monocyte_00123,Monocyte,train,TAAGTGCGTTCCATGA-1,ACTGATGGTAGCGATG-1
train_Monocyte_00124,Monocyte,train,TCTCATAAGAAGAAGC-1,CACCTTGCATTCCTCG-1
train_Monocyte_00125,Monocyte,train,ATTTCTGAGCAATCTC-1,CGCTATCAGCGCCTCA-1
train_Monocyte_00126,Monocyte,train,ACTTGTTAGCCCTAAT-1,TCTTTCCCAGTCCTTC-1
train_Monocyte_00127,Monocyte,train,GAAGCAGAGTGGACGT-1,TAGACCAAGCAAATCA-1
train_Monocyte_00128,Monocyte,train,GGCCGATGTATAAACG-1,TCCCGATGTAGGACAC-1
train_Monocyte_00129,Monocyte,train,TGGCCAGGTCTGGAGA-1,TAGGCATCAGGATTGG-1
train_Monocyte_00130,Monocyte,train,GCGGGTTCAAGCGATG-1,GGGAGATAGTCGTACT-1
train_Monocyte_00131,Monocyte,train,GCAGCCAGTGACCAAG-1,TGCCAAAAGCTCCTCT-1
train_Monocyte_00132,Monocyte,train,CATCGAACAGTGAGTG-1,CGTTGGGCACGTTGGC-1
train_Monocyte_00133,Monocyte,train,TCGGGACCAGTGACAG-1,AGACGTTAGATGGGTC-1
train_Monocyte_00134,Monocyte,train,GATGCTAGTGCTTCTC-1,TGCCCATGTTCCCGAG-1
train_Monocyte_00135,Monocyte,train,GGTGCGTGTACGCTGC-1,GATGCTACAGTGGGAT-1
train_Monocyte_00136,Monocyte,train,TGACTAGGTGTTTGGT-1,TTTGCGCAGATGCCTT-1
train_Monocyte_00137,Monocyte,train,CCTACCACATATACGC-1,CTCGTCAGTGTAAGTA-1
train_Monocyte_00138,Monocyte,train,GCAATCATCCAGGGCT-1,TAGTGGTAGGCAAAGA-1
train_Monocyte_00139,Monocyte,train,TTTGGTTTCCTATGTT-1,ATTGGTGTCTGAGTGT-1
train_Monocyte_00140,Monocyte,train,GGACAAGCACGAGAGT-1,CGAGAAGAGCTAGCCC-1
train_Monocyte_00141,Monocyte,train,GCGCAGTAGAAACCGC-1,TCGTAGAGTGTCAATC-1
train_Monocyte_00142,Monocyte,train,GAACCTAAGCTAACTC-1,GAAACTCGTCGCTTCT-1
train_Monocyte_00143,Monocyte,train,ACAGCCGTCAACACAC-1,GCAGTTAAGTCATGCT-1
train_Monocyte_00144,Monocyte,train,AAGGAGCCAAACCCAT-1,TAGCCGGCAACGCACC-1
train_Monocyte_00145,Monocyte,train,ATGGGAGTCTTGCATT-1,TACGGTAGTGCGAAAC-1
train_Monocyte_00146,Monocyte,train,TTCGAAGTCCGCTGTT-1,GGCAATTGTTCAGTAC-1
train_Monocyte_00147,Monocyte,train,ATGTGTGCATAAGACA-1,AGGGTGAAGTAGCCGA-1
train_Monocyte_00148,Monocyte,train,TTTCCTCGTAAGGATT-1,TACTTGTAGAATTCCC-1
train_Monocyte_00149,Monocyte,train,CGTCAGGGTACTCGCG-1,CGACTTCGTCCGACGT-1
train_Monocyte_00150,Monocyte,train,GATGAGGGTTAAGAAC-1,TACTTGTAGAATTCCC-1
train_Monocyte_00151,Monocyte,train,AGACGTTGTTCTGAAC-1,CCACGGAAGCTAGTGG-1
train_Monocyte_00152,Monocyte,train,CGTAGCGGTACTTAGC-1,ACACTGATCGCCGTGA-1
train_Monocyte_00153,Monocyte,train,GTCATTTGTCTTCAAG-1,CACTCCAAGAGTCGGT-1
train_Monocyte_00154,Monocyte,train,TAGGCATTCAGCGATT-1,GTAGTCAAGTGAAGTT-1
train_Monocyte_00155,Monocyte,train,AGGGAGTAGGTGTGGT-1,TCGGTAAAGTTCGATC-1
train_Monocyte_00156,Monocyte,train,ACGAGCCTCATTATCC-1,ATAGACCCATGGAATA-1
train_Monocyte_00157,Monocyte,train,CAAGGCCAGCTGTTCA-1,GCACATATCAGGTAAA-1
train_Monocyte_00158,Monocyte,train,ACGGAGAGTAGCGTGA-1,TAGTGGTTCGATCCCT-1
train_Monocyte_00159,Monocyte,train,GTGTTAGTCCATTCTA-1,ACTGATGGTAGCGATG-1
train_Monocyte_00160,Monocyte,train,CATCCACGTCTCATCC-1,GCGCAACGTGTCCTCT-1
train_Monocyte_00161,Monocyte,train,ATAACGCTCCGCATAA-1,CGATGTAAGTGTACCT-1
train_Monocyte_00162,Monocyte,train,GTTCATTAGGCTCAGA-1,CGTCCATCACCATGTA-1
train_Monocyte_00163,Monocyte,train,TGACTAGGTGTTTGGT-1,TGCGCAGAGCACCGCT-1
train_Monocyte_00164,Monocyte,train,TTAGGCAGTGTTCGAT-1,CTTACCGAGTAATCCC-1
train_Monocyte_00165,Monocyte,train,GTTCATTAGGCTCAGA-1,TGCTGCTGTCCATGAT-1
train_Monocyte_00166,Monocyte,train,AAGACCTAGAGTAATC-1,ATCATCTCAAGGACTG-1
train_Monocyte_00167,Monocyte,train,CACAAACTCGCGTAGC-1,CTTCTCTGTAGGGACT-1
train_Monocyte_00168,Monocyte,train,TACTCATCAGAAGCAC-1,CTGTTTACAGCTCGAC-1
train_Monocyte_00169,Monocyte,train,CGTTCTGCAGTAAGCG-1,ACGGCCACAGCTTCGG-1
train_Monocyte_00170,Monocyte,train,TGACTAGGTGTTTGTG-1,CGTTGGGCACGTTGGC-1
train_Monocyte_00171,Monocyte,train,AGTGAGGGTTCCAACA-1,GACCAATGTGAAATCA-1
train_Monocyte_00172,Monocyte,train,TCAACGACAGATGGCA-1,GTTACAGTCAACACCA-1
train_Monocyte_00173,Monocyte,train,AACTGGTGTATTCGTG-1,GATTCAGAGTGCGATG-1
train_Monocyte_00174,Monocyte,train,TGGCCAGGTCTGGAGA-1,TTGCCGTTCGGTGTTA-1
train_Monocyte_00175,Monocyte,train,TACCTATCATGCATGT-1,GCGACCACATTCGACA-1
train_Monocyte_00176,Monocyte,train,GGAAAGCAGGACTGGT-1,CACCTTGCATTCCTCG-1
train_Monocyte_00177,Monocyte,train,TCCCGATAGGTAGCCA-1,TCTATTGAGTCGTTTG-1
train_Monocyte_00178,Monocyte,train,ATGGGAGTCTTGCATT-1,GTTTCTAAGGGTATCG-1
train_Monocyte_00179,Monocyte,train,GCGGGTTCAAGCGATG-1,GTCCTCATCGAGAACG-1
train_Monocyte_00180,Monocyte,train,AAGCCGCGTAAACGCG-1,AAGCCGCGTTTAGGAA-1
train_Monocyte_00181,Monocyte,train,TCAGATGTCTACTCAT-1,CAACTAGCAGCCTGTG-1
train_Monocyte_00182,Monocyte,train,CATATTCTCCACGTTC-1,AAAGCAAAGCGTGAAC-1
train_Monocyte_00183,Monocyte,train,CGGAGTCAGTGTTGAA-1,AGCTCTCAGTCTCCTC-1
train_Monocyte_00184,Monocyte,train,AATCCAGAGAAGGTTT-1,ATAAGAGGTCTGCCAG-1
train_Monocyte_00185,Monocyte,train,GTGCAGCCAATCGGTT-1,GGCGACTGTATTACCG-1
train_Monocyte_00186,Monocyte,train,GTCACGGGTACCGAGA-1,ACTGAACAGTGACATA-1
train_Monocyte_00187,Monocyte,train,AGGTCCGAGCTCAACT-1,CTGAAGTTCCTAGGGC-1
train_Monocyte_00188,Monocyte,train,TGACTAGGTGTTTGTG-1,GCCAAATAGCGACGTA-1
train_Monocyte_00189,Monocyte,train,CGGACGTAGAGTCTGG-1,TTCTCCTCACCACCAG-1
train_Monocyte_00190,Monocyte,train,AGCAGCCCATAGAAAC-1,GCGCCAAAGTTGAGAT-1
train_Monocyte_00191,Monocyte,train,CTTTGCGAGAATTCCC-1,TGACTAGTCGTCACGG-1
train_Monocyte_00192,Monocyte,train,GGACAAGCACGAGAGT-1,AGGGTGATCGCCATAA-1
train_Monocyte_00193,Monocyte,train,ATGCGATCAAGAGTCG-1,AAATGCCTCCCTGACT-1
train_Monocyte_00194,Monocyte,train,TTAGTTCGTAGTACCT-1,TTCTACAGTATATCCG-1
train_Monocyte_00195,Monocyte,train,GGTGTTAGTCAATGTC-1,CAAGATCAGAACAACT-1
train_Monocyte_00196,Monocyte,train,GATCGCGCACATCTTT-1,AAAGATGGTTCTGGTA-1
train_Monocyte_00197,Monocyte,train,TTAGTTCGTAGTACCT-1,TCGCGTTTCGCCCTTA-1
train_Monocyte_00198,Monocyte,train,AATCGGTGTCGATTGT-1,AGTCTTTTCAGCTTAG-1
train_Monocyte_00199,Monocyte,train,TTTATGCAGTACGACG-1,GCGCCAAAGTTGAGAT-1
train_Monocyte_00200,Monocyte,train,CATATTCTCCACGTTC-1,GCGCAGTGTCAACATC-1
train_Monocyte_00201,Monocyte,train,AGCGGTCGTCCGAAGA-1,CATTATCCATATACGC-1
train_Monocyte_00202,Monocyte,train,CCACGGACAGACGCCT-1,ATCATCTCAAGGACTG-1
train_Monocyte_00203,Monocyte,train,CGGGTCACACATTAGC-1,TACACGAAGTTAAGTG-1
train_Monocyte_00204,Monocyte,train,CTGCGGAGTTACGCGC-1,TCAGGTATCCACGACG-1
train_Monocyte_00205,Monocyte,train,GGATGTTGTTCCTCCA-1,GCTTGAAGTATGAATG-1
train_Monocyte_00206,Monocyte,train,GTGCTTCGTAGAAGGA-1,TTCTACATCGGAATCT-1
train_Monocyte_00207,Monocyte,train,TGCCCATGTCAACTGT-1,CAGGTGCGTTCGTGAT-1
train_Monocyte_00208,Monocyte,train,ATCATCTCATTACCTT-1,TGGGAAGAGGCCCTTG-1
train_Monocyte_00209,Monocyte,train,ATCATGGCACGCTTTC-1,CTTTGCGGTGAAAGAG-1
train_Monocyte_00210,Monocyte,train,GACTAACGTACGACCC-1,AAAGATGTCGCGATCG-1
train_Monocyte_00211,Monocyte,train,AACACGTGTCTCCATC-1,TATGCCCAGCTAAGAT-1
train_Monocyte_00212,Monocyte,train,CTAGCCTGTGCGAAAC-1,AACTCTTCAGGAATCG-1
train_Monocyte_00213,Monocyte,train,CTGCGGAGTTACGCGC-1,CACCTTGCATTCCTCG-1
train_Monocyte_00214,Monocyte,train,GGACAAGCAATGTAAG-1,CAGTCCTGTCCGAAGA-1
train_Monocyte_00215,Monocyte,train,TGACTAGAGATGTTAG-1,CGTGTCTTCTTGCCGT-1
train_Monocyte_00216,Monocyte,train,GTCACGGCACAGGTTT-1,GGGTTGCCAGGGTACA-1
train_Monocyte_00217,Monocyte,train,TGAGGGAGTCGGATCC-1,ACGGCCACAGCTTCGG-1
train_Monocyte_00218,Monocyte,train,CGTGTCTAGTCTTGCA-1,ACTTACTGTACTTCTT-1
train_Monocyte_00219,Monocyte,train,CTCTAATCACCCAGTG-1,TAGCCGGCAACGCACC-1
train_Monocyte_00220,Monocyte,train,TAGGCATTCAGCGATT-1,CGGCTAGGTCAAACTC-1
train_Monocyte_00221,Monocyte,train,GGACAAGGTTCACGGC-1,ACGGAGAAGCTGAAAT-1
train_Monocyte_00222,Monocyte,train,TAAACCGGTCTCGTTC-1,TGCGCAGGTCCTAGCG-1
train_Monocyte_00223,Monocyte,train,AACTGGTGTATTCGTG-1,TGATTTCTCCTAGAAC-1
train_Monocyte_00224,Monocyte,train,TAGGCATGTCAAGCGA-1,GATTCAGAGTGCGATG-1
train_Monocyte_00225,Monocyte,train,CCTACCACATATACGC-1,GCACATATCAGGTAAA-1
train_Monocyte_00226,Monocyte,train,TGATTTCCATTGAGCT-1,CACCTTGCATTCCTCG-1
train_Monocyte_00227,Monocyte,train,GCTGGGTAGGTGCAAC-1,GCTGCGAAGCCCAGCT-1
train_Monocyte_00228,Monocyte,train,GAAGCAGAGTGGACGT-1,CCCAGTTAGCTGCAAG-1
train_Monocyte_00229,Monocyte,train,GACACGCAGATGCCTT-1,CTCGTCAGTGTAAGTA-1
train_Monocyte_00230,Monocyte,train,AGATTGCGTCCGAACC-1,TTGTAGGAGTGGTAGC-1
train_Monocyte_00231,Monocyte,train,GAACGGAGTAGAGGAA-1,GCTTGAAGTATGAATG-1
train_Monocyte_00232,Monocyte,train,ATGTGTGGTTTGACAC-1,CCTTCCCAGTGTTGAA-1
train_Monocyte_00233,Monocyte,train,GACGTGCTCTGCGACG-1,GCTTGAAGTATGAATG-1
train_Monocyte_00234,Monocyte,train,CACAAACCACAAGCCC-1,ACTGAACAGTACGCCC-1
train_Monocyte_00235,Monocyte,train,TAAGCGTAGATACACA-1,CTGAAGTTCCTAGGGC-1
train_Monocyte_00236,Monocyte,train,ATTGGACTCTCAACTT-1,GTGCGGTCAACTTGAC-1
train_Monocyte_00237,Monocyte,train,GTAACTGGTTTGGGCC-1,TACACGAAGTTAAGTG-1
train_Monocyte_00238,Monocyte,train,AGACGTTGTTCTGAAC-1,GTCGTAATCAAGAAGT-1
train_Monocyte_00239,Monocyte,train,AGCGTATAGTACGACG-1,AACTCAGCATGGATGG-1
train_Monocyte_00240,Monocyte,train,CAGCAGCAGTGTTGAA-1,TTGCCGTCATTCACTT-1
train_Monocyte_00241,Monocyte,train,ACTGCTCCAGCGATCC-1,TGACTAGTCGTCACGG-1
train_Monocyte_00242,Monocyte,train,AGCTTGAAGTACCGGA-1,GCTCTGTAGGCTACGA-1
train_Monocyte_00243,Monocyte,train,ACACCGGAGAATCTCC-1,CAGCTAAAGGCGTACA-1
train_Monocyte_00244,Monocyte,train,GTGCATACAGCCAATT-1,TTAACTCTCGGCGCTA-1
train_Monocyte_00245,Monocyte,train,ACCCACTCACGGTAGA-1,CCTACCACATAACCTG-1
train_Monocyte_00246,Monocyte,train,TTTCCTCGTAAGGATT-1,TGCCAAAAGCTCCTCT-1
train_Monocyte_00247,Monocyte,train,AAACGGGGTAAAGGAG-1,AAGCCGCGTTTAGGAA-1
train_Monocyte_00248,Monocyte,train,CATGCCTTCAATACCG-1,GTAACGTTCCCGGATG-1
train_Monocyte_00249,Monocyte,train,TCTGAGAGTTACCGAT-1,AACCATGTCTGCAGTA-1
train_Monocyte_00250,Monocyte,train,GGCGACTTCATGGTCA-1,CGTGTCTTCTTGCCGT-1
train_Monocyte_00251,Monocyte,train,AAGTCTGGTGTCCTCT-1,ATTATCCAGCGTTTAC-1
train_Monocyte_00252,Monocyte,train,CAACCTCAGGTGTTAA-1,ATTCTACGTCCTAGCG-1
train_Monocyte_00253,Monocyte,train,TGTGTTTCACAACTGT-1,GTCAAGTCATTGGCGC-1
train_Monocyte_00254,Monocyte,train,AAGACCTAGAGTAATC-1,CAGTCCTGTCCGAAGA-1
train_Monocyte_00255,Monocyte,train,ACGATGTGTAAGTAGT-1,GTCGTAATCAAGAAGT-1
train_Monocyte_00256,Monocyte,train,CGTGTCTGTCGCATCG-1,AAATGCCTCCCTGACT-1
train_Monocyte_00257,Monocyte,train,GCGCGATAGCGATCCC-1,CAGGTGCGTTCGTGAT-1
train_Monocyte_00258,Monocyte,train,GGGAGATAGCCACGTC-1,GCTCTGTAGGCTACGA-1
train_Monocyte_00259,Monocyte,train,TTAGTTCCACATGGGA-1,TAGTGGTAGGCAAAGA-1
train_Monocyte_00260,Monocyte,train,ACGGAGAGTAGCGTGA-1,GGGTTGCCAGGGTACA-1
train_Monocyte_00261,Monocyte,train,TGGACGCAGTTTCCTT-1,AGGGTGATCGCCATAA-1
train_Monocyte_00262,Monocyte,train,GGGCACTGTACCGAGA-1,TCGTAGAGTGTCAATC-1
train_Monocyte_00263,Monocyte,train,AATCGGTGTCGGCACT-1,AGTGGGACAAGTCATC-1
train_Monocyte_00264,Monocyte,train,TGGCCAGGTCTGGAGA-1,TGAGCATGTTAAGACA-1
train_Monocyte_00265,Monocyte,train,GTCCTCAAGCGCCTCA-1,CTCGAGGCAAAGTCAA-1
train_Monocyte_00266,Monocyte,train,CAGAATCTCCGCATCT-1,ACTGAACAGTGACATA-1
train_Monocyte_00267,Monocyte,train,ACAGCCGTCAACACAC-1,CTTAGGACAAAGCAAT-1
train_Monocyte_00268,Monocyte,train,AAATGCCAGTACCGGA-1,CTTAGGACAAAGCAAT-1
train_Monocyte_00269,Monocyte,train,CCGGTAGAGTGTCCAT-1,AGTAGTCTCAGGATCT-1
train_Monocyte_00270,Monocyte,train,GCGCGATAGCGATCCC-1,AACTCTTCAGGAATCG-1
train_Monocyte_00271,Monocyte,train,TTAGGACCACAGGTTT-1,AACCGCGCAGATAATG-1
train_Monocyte_00272,Monocyte,train,GACTGCGTCTTGACGA-1,CGACTTCAGCGTTTAC-1
train_Monocyte_00273,Monocyte,train,TACTCATAGCATCATC-1,AACCATGTCTGCAGTA-1
train_Monocyte_00274,Monocyte,train,GGGAGATCAAAGCAAT-1,CATCAGATCTCGGACG-1
train_Monocyte_00275,Monocyte,train,TCTCATAAGACAGGCT-1,GTGCGGTCAACTTGAC-1
train_Monocyte_00276,Monocyte,train,GCACTCTCAATAACGA-1,GGCAATTGTTCAGTAC-1
train_Monocyte_00277,Monocyte,train,GACTGCGGTTCGGGCT-1,TGCTGCTGTCCATGAT-1
train_Monocyte_00278,Monocyte,train,TAGACCAAGTCATGCT-1,GGGACCTGTCGAGATG-1
train_Monocyte_00279,Monocyte,train,GCGCAACGTAGGGTAC-1,AACCGCGCAGATAATG-1
train_Monocyte_00280,Monocyte,train,ACTATCTCAAACAACA-1,ATCATCTCAAGGACTG-1
train_Monocyte_00281,Monocyte,train,TCGGGACCAGGGTTAG-1,CCTACCACATAACCTG-1
train_Monocyte_00282,Monocyte,train,TCTCATAAGACAGGCT-1,TAGGCATTCATGCATG-1
train_Monocyte_00283,Monocyte,train,AGATTGCGTCCGAACC-1,CATGGCGGTAAATACG-1
train_Monocyte_00284,Monocyte,train,AGCCTAAGTATCTGCA-1,TTAACTCTCGGCGCTA-1
train_Monocyte_00285,Monocyte,train,CGGACGTCAAGGTTCT-1,TGCTACCAGGACCACA-1
train_Monocyte_00286,Monocyte,train,CGTTAGATCTCGTATT-1,TGCGCAGAGGGTTTCT-1
train_Monocyte_00287,Monocyte,train,CAACCTCAGGTGTTAA-1,TGCCCTAAGTACGACG-1
train_Monocyte_00288,Monocyte,train,TAAACCGGTCTCGTTC-1,CATATGGAGAACAACT-1
train_Monocyte_00289,Monocyte,train,CGTGTCTCAGGTTTCA-1,AACTCTTCAGGAATCG-1
train_Monocyte_00290,Monocyte,train,TGAGCCGGTCGAGATG-1,CAACTAGTCTCTTATG-1
train_Monocyte_00291,Monocyte,train,TTAACTCCATTACCTT-1,TGCGCAGAGGGTTTCT-1
train_Monocyte_00292,Monocyte,train,TACGGGCCAGCCACCA-1,GATGAAATCGTGGACC-1
train_Monocyte_00293,Monocyte,train,CGATGGCGTAGCGCTC-1,GCTTGAAGTATGAATG-1
train_Monocyte_00294,Monocyte,train,ACATACGTCAACGCTA-1,ACACCGGCACCCAGTG-1
train_Monocyte_00295,Monocyte,train,CCAATCCAGCTGCCCA-1,AGCTCTCAGTCTCCTC-1
train_Monocyte_00296,Monocyte,train,TTCTTAGCATGCAATC-1,GGCGACTGTATTACCG-1
train_Monocyte_00297,Monocyte,train,ACGCCAGAGACGACGT-1,GCGCAGTGTCAACATC-1
train_Monocyte_00298,Monocyte,train,AAACGGGGTAAAGGAG-1,CAGTCCTGTCCGAAGA-1
train_Monocyte_00299,Monocyte,train,ATCACGAAGTACACCT-1,ATGGGAGTCAACACGT-1
train_Monocyte_00300,Monocyte,train,GATGAGGGTTAAGAAC-1,AACTCTTCAGGAATCG-1
train_Monocyte_00301,Monocyte,train,ACTGAACGTGTGACCC-1,CTTAGGACAAAGCAAT-1
train_Monocyte_00302,Monocyte,train,GTCCTCAAGCGCCTCA-1,GATCGTAAGACAGGCT-1
train_Monocyte_00303,Monocyte,train,GGGCACTGTACCGAGA-1,CGTTCTGTCTGCTGTC-1
train_Monocyte_00304,Monocyte,train,CATCGAACAGTGAGTG-1,AGATCTGCACGGCGTT-1
train_Monocyte_00305,Monocyte,train,CGTTCTGGTCTTCGTC-1,TCGGTAAAGTTCGATC-1
train_Monocyte_00306,Monocyte,train,CTTAGGAAGTGACATA-1,TAAGTGCAGAGGTTGC-1
train_Monocyte_00307,Monocyte,train,GTACGTAGTACGACCC-1,CTCGAAAGTCGTGGCT-1
train_Monocyte_00308,Monocyte,train,CGCGGTACAGATGGGT-1,ACGGCCACAGCTTCGG-1
train_Monocyte_00309,Monocyte,train,TGGCTGGGTTCGTTGA-1,GTGCGGTCAACTTGAC-1
train_Monocyte_00310,Monocyte,train,ATCGAGTAGTAAGTAC-1,CCTACACTCTTTCCTC-1
train_Monocyte_00311,Monocyte,train,GAACCTAAGCTAACTC-1,TACACGAAGTTAAGTG-1
train_Monocyte_00312,Monocyte,train,TGAGCATCAGATAATG-1,CCATGTCAGCCAGAAC-1
train_Monocyte_00313,Monocyte,train,AAGCCGCCACAACTGT-1,GACCAATGTGAAATCA-1
train_Monocyte_00314,Monocyte,train,AGCAGCCCATACTACG-1,ATAGACCCAGACTCGC-1
train_Monocyte_00315,Monocyte,train,GCTGCAGTCTGGCGAC-1,GGCAATTAGGCGACAT-1
train_Monocyte_00316,Monocyte,train,GATCGCGGTCAAAGCG-1,CGGTTAAAGCACCGCT-1
train_Monocyte_00317,Monocyte,train,CATATGGTCCTCTAGC-1,TCTGAGAGTCCGAATT-1
train_Monocyte_00318,Monocyte,train,AAGGAGCCAAACCCAT-1,GCCAAATAGCGACGTA-1
train_Monocyte_00319,Monocyte,train,TCAACGATCTCCAGGG-1,CAGCTAAAGGCGTACA-1
train_Monocyte_00320,Monocyte,train,GTTCGGGGTCATACTG-1,GCGCCAAAGTTGAGAT-1
train_Monocyte_00321,Monocyte,train,TGAGGGAGTCGGATCC-1,CGAGCCAAGGAATTAC-1
train_Monocyte_00322,Monocyte,train,GGGCACTGTACCGAGA-1,GCGAGAATCGCAAGCC-1
train_Monocyte_00323,Monocyte,train,CTCGTACAGATGTGGC-1,GCAGTTAAGTCATGCT-1
train_Monocyte_00324,Monocyte,train,CCTTCCCCAATCCAAC-1,TGCTGCTAGTAACCCT-1
train_Monocyte_00325,Monocyte,train,CACAAACTCGCGTAGC-1,AGCGTCGTCTTATCTG-1
train_Monocyte_00326,Monocyte,train,CGGACGTCAAGGTTCT-1,TAGGCATCAGGATTGG-1
train_Monocyte_00327,Monocyte,train,GTATTCTTCAGCTGGC-1,CGTCACTGTCAAGCGA-1
train_Monocyte_00328,Monocyte,train,AGATCTGTCTAACTGG-1,GCACATATCAGGTAAA-1
train_Monocyte_00329,Monocyte,train,TGGCTGGGTTCGTTGA-1,ACAGCCGCACACCGCA-1
train_Monocyte_00330,Monocyte,train,TTTGTCAAGTCTCGGC-1,GCTGCTTAGATGTCGG-1
train_Monocyte_00331,Monocyte,train,ACTGAACAGACCTAGG-1,CGTGTAAGTATATCCG-1
train_Monocyte_00332,Monocyte,train,CTGCTGTAGAGCTATA-1,CAGGTGCGTTCGTGAT-1
train_Monocyte_00333,Monocyte,train,TCTCATAAGACAGGCT-1,GTTCATTCAGGGTACA-1
train_Monocyte_00334,Monocyte,train,CGGACGTAGAGTCTGG-1,AGCGTCGTCTTATCTG-1
train_Monocyte_00335,Monocyte,train,CATGCCTTCAATACCG-1,CGGAGTCCACTTCTGC-1
train_Monocyte_00336,Monocyte,train,CATATGGTCCTCTAGC-1,TTAACTCTCGGCGCTA-1
train_Monocyte_00337,Monocyte,train,AGTGTCACATAGTAAG-1,GCGAGAATCGCAAGCC-1
train_Monocyte_00338,Monocyte,train,GTCAAGTCAGTCAGAG-1,CCTACACGTCTCACCT-1
train_Monocyte_00339,Monocyte,train,TTTGTCAAGTCTCGGC-1,ACACCGGCACCCAGTG-1
train_Monocyte_00340,Monocyte,train,AAGACCTCAAGCTGGA-1,GTTACAGTCAACACCA-1
train_Monocyte_00341,Monocyte,train,CGAATGTCAGACAAGC-1,GGACGTCCATCCTAGA-1
train_Monocyte_00342,Monocyte,train,TGGCCAGAGTCCGTAT-1,CGAACATGTAAGGGCT-1
train_Monocyte_00343,Monocyte,train,GCGGGTTCAAGCGATG-1,GTTTCTAAGGGTATCG-1
train_Monocyte_00344,Monocyte,train,AGTGGGACAGTTAACC-1,AGCATACGTTTAAGCC-1
train_Monocyte_00345,Monocyte,train,GAACATCTCACTTACT-1,TAGGCATCAGGATTGG-1
train_Monocyte_00346,Monocyte,train,ACCCACTCACGGTAGA-1,TTGGCAAGTCAATACC-1
train_Monocyte_00347,Monocyte,train,GATGAGGGTTAAGAAC-1,GATCGTAAGACAGGCT-1
train_Monocyte_00348,Monocyte,train,AAGACCTAGAATTCCC-1,GAACCTAAGATCTGCT-1
train_Monocyte_00349,Monocyte,train,AGGGTGAGTTCACGGC-1,CAGAATCGTTGGAGGT-1
train_Monocyte_00350,Monocyte,train,GTTCATTAGGCTCAGA-1,CGTTGGGCACGTTGGC-1
train_Monocyte_00351,Monocyte,train,TTTCCTCGTAAGGATT-1,GGTGAAGGTTGGAGGT-1
train_Monocyte_00352,Monocyte,train,TACTCATCAGAAGCAC-1,ACAGCTATCAGAAATG-1
train_Monocyte_00353,Monocyte,train,TACTCATCAGAAGCAC-1,CGCCAAGTCCATGAGT-1
train_Monocyte_00354,Monocyte,train,GATGAGGGTTAAGAAC-1,CACAGTAGTGATGTCT-1
train_Monocyte_00355,Monocyte,train,AAACCTGAGTGGAGTC-1,AAAGATGTCGCGATCG-1
train_Monocyte_00356,Monocyte,train,AGCCTAAGTATCTGCA-1,GGGTTGCGTATAGTAG-1
train_Monocyte_00357,Monocyte,train,TACGGGCCAGCCACCA-1,TCTTTCCCAGTCCTTC-1
train_Monocyte_00358,Monocyte,train,TTAGGACCACAGGTTT-1,AGTGTCACATCTGGTA-1
train_Monocyte_00359,Monocyte,train,ATGGGAGTCTTGCATT-1,TTCTCAATCTTGGGTA-1
train_Monocyte_00360,Monocyte,train,CGATGGCCACGTAAGG-1,GGCAATTGTTCAGTAC-1
train_Monocyte_00361,Monocyte,train,TACACGATCGAACGGA-1,CACTCCAAGAGTCGGT-1
train_Monocyte_00362,Monocyte,train,GAAGCAGCAGGACCCT-1,TTGACTTGTCATCGGC-1
train_Monocyte_00363,Monocyte,train,CGTAGCGGTACTTAGC-1,AACCATGGTTATTCTC-1
train_Monocyte_00364,Monocyte,train,CGTTCTGGTCTTCGTC-1,TATGCCCAGCTAAGAT-1
train_Monocyte_00365,Monocyte,train,AGGTCATTCGCCCTTA-1,TACGGGCAGCTAGGCA-1
train_Monocyte_00366,Monocyte,train,TGCCCATGTCAACTGT-1,TAGACCAAGCAAATCA-1
train_Monocyte_00367,Monocyte,train,GGTATTGGTAAACCTC-1,TTCTACAGTATATCCG-1
train_Monocyte_00368,Monocyte,train,TTCTCAAAGTTATCGC-1,CAAGATCAGAACAACT-1
train_Monocyte_00369,Monocyte,train,GGAGCAAAGAGTACAT-1,TGGGAAGAGGCCCTTG-1
train_Monocyte_00370,Monocyte,train,CGTGTCTAGTCTTGCA-1,GGTGTTAGTCCCTTGT-1
train_Monocyte_00371,Monocyte,train,TAAACCGGTCTCGTTC-1,GACACGCAGCAGACTG-1
train_Monocyte_00372,Monocyte,train,TCTCATAAGACAGGCT-1,TTGCCGTTCGGTGTTA-1
train_Monocyte_00373,Monocyte,train,GATCGCGCACATCTTT-1,CGGTTAAAGCACCGCT-1
train_Monocyte_00374,Monocyte,train,TGTGTTTAGCGCCTCA-1,TGAGCATGTTAAGACA-1
train_Monocyte_00375,Monocyte,train,GATGAGGGTTAAGAAC-1,TTGCCGTTCGGTGTTA-1
train_Monocyte_00376,Monocyte,train,GATCGCGGTCAAAGCG-1,TGATTTCTCACGGTTA-1
train_Monocyte_00377,Monocyte,train,ATGGGAGTCTTGCATT-1,GTATCTTCAAGCCGTC-1
train_Monocyte_00378,Monocyte,train,GCTGGGTGTCAACTGT-1,TAGGCATCAGGATTGG-1
train_Monocyte_00379,Monocyte,train,GGACATTTCTCTGAGA-1,ACGGAGAAGCTGAAAT-1
train_Monocyte_00380,Monocyte,train,TTAGGCACAAACTGTC-1,AACTTTCAGTACGTAA-1
train_Monocyte_00381,Monocyte,train,GCGCAACGTAGGGTAC-1,GACACGCAGCAGACTG-1
train_Monocyte_00382,Monocyte,train,CATTCGCGTAGCTAAA-1,CGACTTCAGCGTTTAC-1
train_Monocyte_00383,Monocyte,train,AATCCAGAGAAGGTTT-1,GCGGGTTAGCTAGGCA-1
train_Monocyte_00384,Monocyte,train,AAAGTAGCAATCGGTT-1,CCTTTCTTCTTTACGT-1
train_Monocyte_00385,Monocyte,train,TCGCGAGAGCGATTCT-1,CGGACTGTCCGTAGTA-1
train_Monocyte_00386,Monocyte,train,GATGAGGGTTAAGAAC-1,GGCAATTGTTCAGTAC-1
train_Monocyte_00387,Monocyte,train,TAAGCGTAGATACACA-1,CGTCACTGTGTTAAGA-1
train_Monocyte_00388,Monocyte,train,ATAACGCTCCGCATAA-1,TGCGTGGCAGACGCTC-1
train_Monocyte_00389,Monocyte,train,CATGCCTAGAGTGACC-1,TACGGTAGTGCGAAAC-1
train_Monocyte_00390,Monocyte,train,TGGACGCAGTTTCCTT-1,AGACGTTAGATGGGTC-1
train_Monocyte_00391,Monocyte,train,AAAGTAGCAATCGGTT-1,GACACGCCACAACTGT-1
train_Monocyte_00392,Monocyte,train,TGCTACCAGCGTCAAG-1,CCATGTCTCTGCCAGG-1
train_Monocyte_00393,Monocyte,train,TGATTTCCATTGAGCT-1,CATATGGGTGTTCGAT-1
train_Monocyte_00394,Monocyte,train,TACCTTAAGGTGTGGT-1,TTCGGTCAGTACGTTC-1
train_Monocyte_00395,Monocyte,train,CCACGGAGTCTTGTCC-1,AGGGTGAAGTAGCCGA-1
train_Monocyte_00396,Monocyte,train,TAGCCGGGTCAAAGAT-1,AGACGTTAGATGGGTC-1
train_Monocyte_00397,Monocyte,train,GCGCAACGTAGGGTAC-1,CATGGCGGTAAATACG-1
train_Monocyte_00398,Monocyte,train,AGGTCATAGATATGCA-1,CGGACTGTCCGTAGTA-1
train_Monocyte_00399,Monocyte,train,TCGTAGAGTCAGAGGT-1,CTGAAGTTCCTAGGGC-1
train_Monocyte_00400,Monocyte,train,TCGCGAGAGCGATTCT-1,GGACGTCCATCCTAGA-1
train_Monocyte_00401,Monocyte,train,GCGGGTTCAAGCGATG-1,AACCATGGTTATTCTC-1
train_Monocyte_00402,Monocyte,train,TCACAAGAGATATGGT-1,CTACCCAGTCTCCCTA-1
train_Monocyte_00403,Monocyte,train,TACACGAGTCTAGTGT-1,TGCCCATCAGCGTCCA-1
train_Monocyte_00404,Monocyte,train,CAACCAACAGTTTACG-1,TGCTGCTCATTACCTT-1
train_Monocyte_00405,Monocyte,train,TTTGGTTTCCTATGTT-1,TGCGCAGTCGGCTTGG-1
train_Monocyte_00406,Monocyte,train,CGGCTAGCAAAGCAAT-1,TCAGCTCAGATGGGTC-1
train_Monocyte_00407,Monocyte,train,GTATTCTTCAGCTCGG-1,CGTCCATCACCATGTA-1
train_Monocyte_00408,Monocyte,train,CGTTAGATCTCGTATT-1,ACGCCAGTCAGGTTCA-1
train_Monocyte_00409,Monocyte,train,ACTTGTTAGCCCTAAT-1,CCTACACTCTTTCCTC-1
train_Monocyte_00410,Monocyte,train,GCGGGTTCAAGCGATG-1,TGATTTCTCCTAGAAC-1
train_Monocyte_00411,Monocyte,train,TACCTATAGGATGCGT-1,GTTCATTCAGGGTACA-1
train_Monocyte_00412,Monocyte,train,TACAGTGCATACCATG-1,CCTTCCCAGTGTTGAA-1
train_Monocyte_00413,Monocyte,train,GCGCGATAGCGATCCC-1,GCGACCACATTCGACA-1
train_Monocyte_00414,Monocyte,train,CCATTCGGTGATGCCC-1,GCATGCGGTGCAGTAG-1
train_Monocyte_00415,Monocyte,train,GAACCTAAGCTAACTC-1,ACTGAACAGTACGCCC-1
train_Monocyte_00416,Monocyte,train,ACGCAGCCAGTGACAG-1,CTACATTCACATGGGA-1
train_Monocyte_00417,Monocyte,train,GAACGGAGTAGAGGAA-1,AAGGAGCTCTGAAAGA-1
train_Monocyte_00418,Monocyte,train,GCATGTAAGACCTTTG-1,TAGGCATCAGGATTGG-1
train_Monocyte_00419,Monocyte,train,TACACGAGTCTAGTGT-1,TCAGCAACACCCATGG-1
train_Monocyte_00420,Monocyte,train,GAATAAGAGACAGACC-1,CTCTACGCATAGGATA-1
train_Monocyte_00421,Monocyte,train,TAGGCATGTCAAGCGA-1,CCCTCCTTCCCATTAT-1
train_Monocyte_00422,Monocyte,train,TTTGTCACACGAAATA-1,CATATGGGTGTTCGAT-1
train_Monocyte_00423,Monocyte,train,GACGGCTAGCCTATGT-1,ATAGACCCATGGAATA-1
train_Monocyte_00424,Monocyte,train,AGGCCACCATCCGTGG-1,CGGACGTTCTAAGCCA-1
train_Monocyte_00425,Monocyte,train,TTTGGTTTCCTATGTT-1,GTAACGTTCCCGGATG-1
train_Monocyte_00426,Monocyte,train,CTAGCCTGTGCGAAAC-1,AGCATACGTAGTAGTA-1
train_Monocyte_00427,Monocyte,train,ACTTACTCATCCGCGA-1,TACACGACATGCCCGA-1
train_Monocyte_00428,Monocyte,train,AAGCCGCCACAACTGT-1,CTCGTCAAGGAATCGC-1
train_Monocyte_00429,Monocyte,train,TTTCCTCGTAAGGATT-1,GGGACCTGTCGAGATG-1
train_Monocyte_00430,Monocyte,train,AGATCTGTCTAACTGG-1,CACATTTCACTGTTAG-1
train_Monocyte_00431,Monocyte,train,AGATTGCAGTTGTAGA-1,AAAGCAAAGCGTGAAC-1
train_Monocyte_00432,Monocyte,train,GAGTCCGTCTACTCAT-1,GTCGGGTCACGGTTTA-1
train_Monocyte_00433,Monocyte,train,GAATAAGAGACAGACC-1,GGGAGATAGTCGTACT-1
train_Monocyte_00434,Monocyte,train,TGGCCAGGTCTGGAGA-1,TACGGTACAGTCGATT-1
train_Monocyte_00435,Monocyte,train,TGGCCAGGTCTGGAGA-1,CCTTCCCAGTGTTGAA-1
train_Monocyte_00436,Monocyte,train,CAACCAACAGTTTACG-1,TGCGTGGCAGACGCTC-1
train_Monocyte_00437,Monocyte,train,GAACCTATCTTGTTTG-1,CAGAATCGTTGGAGGT-1
train_Monocyte_00438,Monocyte,train,AGACGTTGTTCTGAAC-1,AGAATAGAGGCAAAGA-1
train_Monocyte_00439,Monocyte,train,AGGGATGCAAGTCATC-1,TAGACCAAGCAAATCA-1
train_Monocyte_00440,Monocyte,train,CTCTAATCACCCAGTG-1,TCAGCTCAGATGGGTC-1
train_Monocyte_00441,Monocyte,train,TTAACTCTCTTGTATC-1,ACTATCTGTTTGTTTC-1
train_Monocyte_00442,Monocyte,train,TACACGAGTCTAGTGT-1,CTGTTTAAGTGGTAAT-1
train_Monocyte_00443,Monocyte,train,GAAGCAGAGTGGACGT-1,GATCGATCATCCTTGC-1
train_Monocyte_00444,Monocyte,train,TGGTTCCGTAAGTAGT-1,GCTCCTAGTCTCTTTA-1
train_Monocyte_00445,Monocyte,train,GTTCATTAGGCTCAGA-1,GCATGCGGTGCAGTAG-1
train_Monocyte_00446,Monocyte,train,TGACTAGAGATGTTAG-1,CGACCTTAGAATTCCC-1
train_Monocyte_00447,Monocyte,train,GACTGCGTCTTGACGA-1,GATCGTAAGACAGGCT-1
train_Monocyte_00448,Monocyte,train,TTTCCTCGTTGAGGTG-1,CGGACTGTCCGTAGTA-1
train_Monocyte_00449,Monocyte,train,CAAGGCCAGCTGTTCA-1,ACAGCTACACATGACT-1
train_Monocyte_00450,Monocyte,train,TCGTAGAGTCAGAGGT-1,GCTGCGAAGCCCAGCT-1
train_Monocyte_00451,Monocyte,train,TTCGAAGTCCGCTGTT-1,TGCGCAGGTCCTAGCG-1
train_Monocyte_00452,Monocyte,train,ACGGGCTTCGGTCTAA-1,GATCGATCATCCTTGC-1
train_Monocyte_00453,Monocyte,train,CGATGGCGTAGCGCTC-1,GAAACTCAGGTGGGTT-1
train_Monocyte_00454,Monocyte,train,GCGGGTTTCGGACAAG-1,AACCGCGCAGATAATG-1
train_Monocyte_00455,Monocyte,train,CCACGGACAGACGCCT-1,AAGGAGCTCTTGTACT-1
train_Monocyte_00456,Monocyte,train,ATCATCTCATTACCTT-1,CGGACTGTCCGTAGTA-1
train_Monocyte_00457,Monocyte,train,TGAGCCGGTCGAGATG-1,GGCAATTAGGCGACAT-1
train_Monocyte_00458,Monocyte,train,TCAGGTACACGAAATA-1,ACAGCTACACATGACT-1
train_Monocyte_00459,Monocyte,train,GACTGCGGTTCGGGCT-1,GGAATAACAGAAGCAC-1
train_Monocyte_00460,Monocyte,train,GGTATTGGTAAACCTC-1,AGGGTGAAGTAGCCGA-1
train_Monocyte_00461,Monocyte,train,TCAACGACAGATGGCA-1,GCTCTGTAGGCTACGA-1
train_Monocyte_00462,Monocyte,train,CATATTCTCCACGTTC-1,CAGAATCGTTGGAGGT-1
train_Monocyte_00463,Monocyte,train,TCAGGTACACTCTGTC-1,AACTCTTCAGGAATCG-1
train_Monocyte_00464,Monocyte,train,CCTTCCCTCGATGAGG-1,TGCGCAGTCGGCTTGG-1
train_Monocyte_00465,Monocyte,train,GGCTGGTTCTTAGAGC-1,GCGCCAAAGTTGAGAT-1
train_Monocyte_00466,Monocyte,train,CTCTAATCACCCAGTG-1,TTTGCGCCAACCGCCA-1
train_Monocyte_00467,Monocyte,train,AGGTCATTCGTTACGA-1,GCGGGTTAGCTAGGCA-1
train_Monocyte_00468,Monocyte,train,AGCGGTCGTCCGAAGA-1,CATCCACGTGAAAGAG-1
train_Monocyte_00469,Monocyte,train,AGGGATGCACAGAGGT-1,CTTAGGACAAAGCAAT-1
train_Monocyte_00470,Monocyte,train,TGCCCATGTCAACTGT-1,AGACGTTAGATGGGTC-1
train_Monocyte_00471,Monocyte,train,CGTGTCTCAGGTTTCA-1,TGGTTCCAGCCGATTT-1
train_Monocyte_00472,Monocyte,train,CACATAGGTAGCCTCG-1,CACTCCAAGAGTCGGT-1
train_Monocyte_00473,Monocyte,train,ACCGTAATCGTTACGA-1,ACTGAACAGTGACATA-1
train_Monocyte_00474,Monocyte,train,CACATAGGTAGCCTCG-1,GCGACCAAGACTACAA-1
train_Monocyte_00475,Monocyte,train,CGTAGCGGTACTTAGC-1,TAGACCAAGCAAATCA-1
train_Monocyte_00476,Monocyte,train,TTTCCTCGTAAGGATT-1,CCTTTCTTCTTTACGT-1
train_Monocyte_00477,Monocyte,train,TACACGATCGAACGGA-1,GTCGTAATCAAGAAGT-1
train_Monocyte_00478,Monocyte,train,GAACCTAAGCTAACTC-1,GGGAGATTCACGAAGG-1
train_Monocyte_00479,Monocyte,train,GTAGTCAAGCGGATCA-1,TGCTACCAGGACCACA-1
train_Monocyte_00480,Monocyte,train,CGGACGTAGAGTCTGG-1,CGCTATCAGCGCCTCA-1
train_Monocyte_00481,Monocyte,train,TAGACCAAGTCATGCT-1,AACTCAGCATGGATGG-1
train_Monocyte_00482,Monocyte,train,ATAACGCTCCGCATAA-1,TTGCGTCCAGGTTTCA-1
train_Monocyte_00483,Monocyte,train,TGGGCGTGTACAGACG-1,CACAGTAGTGATGTCT-1
train_Monocyte_00484,Monocyte,train,CCTTCCCCAATCCAAC-1,CATCAGAAGAGAACAG-1
train_Monocyte_00485,Monocyte,train,TACACGAGTCTAGTGT-1,CCTTTCTTCTTTACGT-1
train_Monocyte_00486,Monocyte,train,TCACAAGCAGACGCCT-1,GACACGCCACAACTGT-1
train_Monocyte_00487,Monocyte,train,TACAGTGCATACCATG-1,TACGGTACAGTCGATT-1
train_Monocyte_00488,Monocyte,train,TATCTCAGTACAGTGG-1,TCAGCTCAGATGGGTC-1
train_Monocyte_00489,Monocyte,train,CTGCCTAGTGCCTGGT-1,AGTCTTTTCAGCTTAG-1
train_Monocyte_00490,Monocyte,train,TGACAACGTGGCAAAC-1,ATAAGAGGTCTGCCAG-1
train_Monocyte_00491,Monocyte,train,AGTGAGGTCTGCTTGC-1,GGTATTGGTTAAGGGC-1
train_Monocyte_00492,Monocyte,train,CGCGGTACAGATGGGT-1,ATAAGAGGTCTGCCAG-1
train_Monocyte_00493,Monocyte,train,TGCGTGGTCCCTAACC-1,TACACGAAGTTAAGTG-1
train_Monocyte_00494,Monocyte,train,GGGAGATAGCCACGTC-1,ATTGGTGGTTAGTGGG-1
train_Monocyte_00495,Monocyte,train,GTATTCTTCAGCTGGC-1,TACGGTAGTGCGAAAC-1
train_Monocyte_00496,Monocyte,train,TACGGATGTGTGGTTT-1,CGGACTGTCCGTAGTA-1
train_Monocyte_00497,Monocyte,train,CCTAAAGTCAAGAAGT-1,ACGAGGATCTACCTGC-1
train_Monocyte_00498,Monocyte,train,CGTGTCTGTCGCATCG-1,CGAGAAGAGCTAGCCC-1
train_Monocyte_00499,Monocyte,train,TGTGTTTAGCGCCTCA-1,TTTGGTTCAAGGTTTC-1
train_Monocyte_00500,Monocyte,train,GACAGAGGTCTCTCTG-1,GTCCTCATCTGTCTCG-1
train_Monocyte_00501,Monocyte,train,TCCACACGTTGAGTTC-1,CTGCGGAAGCGTAATA-1
train_Monocyte_00502,Monocyte,train,TACGGATGTGTGGTTT-1,CACTCCAAGAGTCGGT-1
train_Monocyte_00503,Monocyte,train,GGACAAGTCTAACGGT-1,GGCAATTAGGCGACAT-1
train_Monocyte_00504,Monocyte,train,TCAACGATCTCCAGGG-1,GGCGACTGTATTACCG-1
train_Monocyte_00505,Monocyte,train,GGGAGATCAACGCACC-1,TTGAACGGTTGACGTT-1
train_Monocyte_00506,Monocyte,train,TGCTACCAGCGTCAAG-1,GGGACCTGTCGAGATG-1
train_Monocyte_00507,Monocyte,train,ACGCAGCCAGTGACAG-1,CATATGGAGAACAACT-1
train_Monocyte_00508,Monocyte,train,GTATCTTTCCAAAGTC-1,ACAGCTATCAGAAATG-1
train_Monocyte_00509,Monocyte,train,CACATAGTCTTCTGGC-1,CGATGTAAGTGTACCT-1
train_Monocyte_00510,Monocyte,train,ACTGCTCCAGCGATCC-1,CCATTCGTCCCGGATG-1
train_Monocyte_00511,Monocyte,train,GTAGTCAAGCGGATCA-1,CGGACGTTCTAAGCCA-1
train_Monocyte_00512,Monocyte,train,CACAAACTCGCGTAGC-1,GCATGCGGTGCAGTAG-1
train_Monocyte_00513,Monocyte,train,GGACAGAAGTGGGATC-1,TGCGCAGGTCCTAGCG-1
train_Monocyte_00514,Monocyte,train,GCTGCAGTCTGGCGAC-1,GCACTCTTCGTACCGG-1
train_Monocyte_00515,Monocyte,train,ACCCACTCACGGTAGA-1,ATTCTACGTCCTAGCG-1
train_Monocyte_00516,Monocyte,train,GTCACGGGTACCGAGA-1,TACACGAAGTTAAGTG-1
train_Monocyte_00517,Monocyte,train,CGACCTTTCCTATGTT-1,AGCGTCGTCTTATCTG-1
train_Monocyte_00518,Monocyte,train,TAGTTGGAGGGATACC-1,TACTTGTAGAATTCCC-1
train_Monocyte_00519,Monocyte,train,AGGTCATTCGTTACGA-1,TAGTGGTTCAGCTCTC-1
train_Monocyte_00520,Monocyte,train,GAGTCCGTCTACTCAT-1,CAACTAGTCTCTTATG-1
train_Monocyte_00521,Monocyte,train,AAAGTAGGTAAGGGCT-1,TGGGAAGAGGCCCTTG-1
train_Monocyte_00522,Monocyte,train,CCGTTCAAGTGAAGAG-1,TTAACTCTCTTCTGGC-1
train_Monocyte_00523,Monocyte,train,GCGGGTTTCGGACAAG-1,CGTGTCTCAGCTATTG-1
train_Monocyte_00524,Monocyte,train,AGTGGGACAGTTAACC-1,CCTACCACATAACCTG-1
train_Monocyte_00525,Monocyte,train,CCCAATCCATTATCTC-1,CATCCACGTGAAAGAG-1
train_Monocyte_00526,Monocyte,train,TCGAGGCGTATGAATG-1,CATGGCGGTAAATACG-1
train_Monocyte_00527,Monocyte,train,GGGAGATAGCCACGTC-1,TTAACTCTCTTCTGGC-1
train_Monocyte_00528,Monocyte,train,ACTGAACGTGTGACCC-1,TCCACACTCAGCTGGC-1
train_Monocyte_00529,Monocyte,train,GGTATTGGTAAACCTC-1,TAGGCATTCATGCATG-1
train_Monocyte_00530,Monocyte,train,CTCCTAGGTTCGTCTC-1,TGCCCATGTTCCCGAG-1
train_Monocyte_00531,Monocyte,train,CAGATCAAGTATCGAA-1,CAGCTAAAGGCGTACA-1
train_Monocyte_00532,Monocyte,train,GTATTCTTCAGCTCGG-1,TTCGGTCAGTACGTTC-1
train_Monocyte_00533,Monocyte,train,TGGCTGGCATGAGCGA-1,ACGCCAGGTGTTGGGA-1
train_Monocyte_00534,Monocyte,train,GGCCGATGTATAAACG-1,CGATGTAAGTGTACCT-1
train_Monocyte_00535,Monocyte,train,ACTTACTCATCCGCGA-1,AACTCAGCATGGATGG-1
train_Monocyte_00536,Monocyte,train,GGCTGGTTCTTAGAGC-1,GATGCTACAGTGGGAT-1
train_Monocyte_00537,Monocyte,train,TGGACGCGTCCTCTTG-1,TTGCGTCCAGGTTTCA-1
train_Monocyte_00538,Monocyte,train,TTAGTTCGTAGTACCT-1,CGGACTGTCCGTAGTA-1
train_Monocyte_00539,Monocyte,train,GTAACTGGTTTGGGCC-1,ATGCGATGTTCGTTGA-1
train_Monocyte_00540,Monocyte,train,CTCGAAAAGAATCTCC-1,CTACATTCACATGGGA-1
train_Monocyte_00541,Monocyte,train,TTAGTTCCACATGGGA-1,TTGACTTTCATTGCCC-1
train_Monocyte_00542,Monocyte,train,TAGCCGGGTCAAAGAT-1,TACGGTAAGATGAGAG-1
train_Monocyte_00543,Monocyte,train,GTCATTTGTCTTCAAG-1,TTGCCGTCATTCACTT-1
train_Monocyte_00544,Monocyte,train,CTCATTAGTGTGCCTG-1,CATGGCGGTAAATACG-1
train_Monocyte_00545,Monocyte,train,GCGAGAAGTCAGAGGT-1,CGAGCCAAGGAATTAC-1
train_Monocyte_00546,Monocyte,train,TGGCTGGGTTCGTTGA-1,ATAGACCCATGGAATA-1
train_Monocyte_00547,Monocyte,train,AAGGAGCGTGATGTCT-1,CGTTGGGCACGTTGGC-1
train_Monocyte_00548,Monocyte,train,GCGCGATAGCGATCCC-1,ACCCACTGTCTAGCCG-1
train_Monocyte_00549,Monocyte,train,CTTTGCGGTAGCTGCC-1,GGGTTGCCAGGGTACA-1
train_Monocyte_00550,Monocyte,train,GCGGGTTGTGTAACGG-1,GATCAGTCAGGCAGTA-1
train_Monocyte_00551,Monocyte,train,CGTAGCGGTACTTAGC-1,GCTCTGTAGGCTACGA-1
train_Monocyte_00552,Monocyte,train,CAGCAGCAGACAGACC-1,TGGCCAGGTATTACCG-1
train_Monocyte_00553,Monocyte,train,TGACTTTCAAGAGTCG-1,TCACAAGCACATCTTT-1
train_Monocyte_00554,Monocyte,train,CGGCTAGCAAAGCAAT-1,ACTGAACAGTACGCCC-1
train_Monocyte_00555,Monocyte,train,CCGTTCAGTTTGACTG-1,CGCTATCAGCGCCTCA-1
train_Monocyte_00556,Monocyte,train,AGCATACTCAGCCTAA-1,ACTGAACAGTACGCCC-1
train_Monocyte_00557,Monocyte,train,GTTCGGGGTCATACTG-1,TGATTTCTCCTAGAAC-1
train_Monocyte_00558,Monocyte,train,GTAGTCAAGCGGATCA-1,CCTTCCCAGTGTTGAA-1
train_Monocyte_00559,Monocyte,train,CAGCATACACGAAACG-1,CGTGTCTCAGCTATTG-1
train_Monocyte_00560,Monocyte,train,AACTGGTGTATTCGTG-1,AACTTTCAGTACGTAA-1
train_Monocyte_00561,Monocyte,train,AGATCTGTCTAACTGG-1,CGATGTAAGTGTACCT-1
train_Monocyte_00562,Monocyte,train,ACGAGGATCGGCTACG-1,TCCACACTCAGCTGGC-1
train_Monocyte_00563,Monocyte,train,GAGCAGATCTCAACTT-1,AGTGGGACACTGAAGG-1
train_Monocyte_00564,Monocyte,train,TGTGTTTAGCGCCTCA-1,AGCATACGTTTAAGCC-1
train_Monocyte_00565,Monocyte,train,CACAAACCACAAGCCC-1,GTACTCCGTACACCGC-1
train_Monocyte_00566,Monocyte,train,AGTGAGGTCTGCTTGC-1,ATAGACCCATGGAATA-1
train_Monocyte_00567,Monocyte,train,AGGCCACCATCCGTGG-1,ACTGATGGTAGCGATG-1
train_Monocyte_00568,Monocyte,train,TCGGTAATCCCTTGTG-1,CTCGAAAGTCGTGGCT-1
train_Monocyte_00569,Monocyte,train,AGCTTGAAGTACCGGA-1,GCCAAATAGCGACGTA-1
train_Monocyte_00570,Monocyte,train,GGATTACCACCTCGGA-1,CCATTCGTCCCGGATG-1
train_Monocyte_00571,Monocyte,train,TGAGGGAGTCGGATCC-1,CCTACCACATAACCTG-1
train_Monocyte_00572,Monocyte,train,CATTCGCGTAGCTAAA-1,CATGACACATCCGTGG-1
train_Monocyte_00573,Monocyte,train,GCGCAGTAGAAACCGC-1,AACCATGGTTATTCTC-1
train_Monocyte_00574,Monocyte,train,CCGGTAGAGTGTCCAT-1,CGAGAAGAGCTAGCCC-1
train_Monocyte_00575,Monocyte,train,GTGCATAGTCCAACTA-1,CTACCCAAGGAGTCTG-1
train_Monocyte_00576,Monocyte,train,TCCACACGTTGAGTTC-1,GTGCAGCAGGTGCACA-1
train_Monocyte_00577,Monocyte,train,GAAGCAGCAGGACCCT-1,TCCACACTCAGCTGGC-1
train_Monocyte_00578,Monocyte,train,TGAGCCGGTCGAGATG-1,CTGCGGAAGCGTAATA-1
train_Monocyte_00579,Monocyte,train,GTATCTTCATGGGAAC-1,TATCTCACAGGTGCCT-1
train_Monocyte_00580,Monocyte,train,TTCTCAAAGTTATCGC-1,GGACGTCCATCCTAGA-1
train_Monocyte_00581,Monocyte,train,GAACGGAGTAGAGGAA-1,CATCCACGTGAAAGAG-1
train_Monocyte_00582,Monocyte,train,GAGTCCGTCTACTCAT-1,GCTGCTTAGATGTCGG-1
train_Monocyte_00583,Monocyte,train,TGACTAGGTGTTTGGT-1,AACTCTTCAGGAATCG-1
train_Monocyte_00584,Monocyte,train,CGACCTTTCTCATTCA-1,CACCTTGCATTCCTCG-1
train_Monocyte_00585,Monocyte,train,GCATGCGAGTCATCCA-1,TTAGGACCATGGTAGG-1
train_Monocyte_00586,Monocyte,train,TACTCATCAGAAGCAC-1,CACTCCAAGAGTCGGT-1
train_Monocyte_00587,Monocyte,train,TTAGGACCACAGGTTT-1,TATCTCACAGGTGCCT-1
train_Monocyte_00588,Monocyte,train,GGACAAGTCTAACGGT-1,CGGCTAGAGCCACGTC-1
train_Monocyte_00589,Monocyte,train,TTCTTAGCATGCAATC-1,GTCCTCAAGCTATGCT-1
train_Monocyte_00590,Monocyte,train,GATCGCGGTCAAAGCG-1,CGTCACTGTGTTAAGA-1
train_Monocyte_00591,Monocyte,train,ACTGTCCTCCCTAATT-1,CGTGTAACAATCTACG-1
train_Monocyte_00592,Monocyte,train,ACCGTAACACGGCTAC-1,TGATTTCTCCTAGAAC-1
train_Monocyte_00593,Monocyte,train,ACTTGTTAGCCCTAAT-1,CTTAGGACAAAGCAAT-1
train_Monocyte_00594,Monocyte,train,TAGTTGGAGGGATACC-1,CAGCTAAAGGCGTACA-1
train_Monocyte_00595,Monocyte,train,AGGTCCGAGCTCAACT-1,CTGGTCTGTCTTGATG-1
train_Monocyte_00596,Monocyte,train,TCTGAGAGTTACCGAT-1,CGATGTAAGTGTACCT-1
train_Monocyte_00597,Monocyte,train,AAGTCTGGTGTCCTCT-1,ATTGGTGGTTAGTGGG-1
train_Monocyte_00598,Monocyte,train,TCGTAGAGTCAGAGGT-1,TTGACTTGTCATCGGC-1
train_Monocyte_00599,Monocyte,train,CGCGGTACAGATGGGT-1,CAGAATCGTTGGAGGT-1
train_Monocyte_00600,Monocyte,train,GGTATTGGTAAACCTC-1,CATGGCGGTAAATACG-1
train_Monocyte_00601,Monocyte,train,TCAGGTACACGAAATA-1,ATAGACCCAGACTCGC-1
train_Monocyte_00602,Monocyte,train,GAGCAGAGTTAAGAAC-1,CGACCTTAGAATTCCC-1
train_Monocyte_00603,Monocyte,train,TGGCTGGGTTCGTTGA-1,CGACTTCAGCGTTTAC-1
train_Monocyte_00604,Monocyte,train,AAAGTAGGTAAGGGCT-1,CCTTACGGTGTAACGG-1
train_Monocyte_00605,Monocyte,train,CATCAAGTCAGATAAG-1,CTGGTCTTCACATAGC-1
train_Monocyte_00606,Monocyte,train,CCGTGGACAGTCGATT-1,TGCGCAGTCGGCTTGG-1
train_Monocyte_00607,Monocyte,train,TGCCCTAGTGATGTGG-1,CTTACCGAGTAATCCC-1
train_Monocyte_00608,Monocyte,train,GGTATTGGTAAACCTC-1,ACCCACTGTCTAGCCG-1
train_Monocyte_00609,Monocyte,train,ATTTCTGAGCAATCTC-1,AGAATAGAGGCAAAGA-1
train_Monocyte_00610,Monocyte,train,GGGAATGTCAGGTAAA-1,CTCGTCAAGGAATCGC-1
train_Monocyte_00611,Monocyte,train,ATCACGAAGTACACCT-1,CGTTCTGTCTGCTGTC-1
train_Monocyte_00612,Monocyte,train,ATTTCTGAGCAATCTC-1,CATGGCGGTAAATACG-1
train_Monocyte_00613,Monocyte,train,CTCGTCATCTGAGTGT-1,ACTGAACAGTGACATA-1
train_Monocyte_00614,Monocyte,train,TAGGCATGTCAAGCGA-1,AGGGTGAAGTAGCCGA-1
train_Monocyte_00615,Monocyte,train,GTAACGTCAATGCCAT-1,ACACCGGCACCCAGTG-1
train_Monocyte_00616,Monocyte,train,GATGCTAGTAAGGGCT-1,CTGAAGTTCCTAGGGC-1
train_Monocyte_00617,Monocyte,train,TCAACGACAGATGGCA-1,AGGGTGATCGCCATAA-1
train_Monocyte_00618,Monocyte,train,GGACAAGCACGAGAGT-1,AGTAGTCGTGTTTGTG-1
train_Monocyte_00619,Monocyte,train,GACTGCGGTTCGGGCT-1,TACGGTACAGTCGATT-1
train_Monocyte_00620,Monocyte,train,CTAATGGCAGAGTGTG-1,GGAATAACAGAAGCAC-1
train_Monocyte_00621,Monocyte,train,AAGACCTCAAGCTGGA-1,ATAGACCCATGGAATA-1
train_Monocyte_00622,Monocyte,train,GAACATCTCACTTACT-1,TGGTTCCAGCCGATTT-1
train_Monocyte_00623,Monocyte,train,CTTAGGAAGCGTTGCC-1,CAACTAGTCTCTTATG-1
train_Monocyte_00624,Monocyte,train,CATTCGCTCTGTACGA-1,GATCAGTCAGGCAGTA-1
train_Monocyte_00625,Monocyte,train,AACTCCCCATGTTCCC-1,GTATCTTCAAGCCGTC-1
train_Monocyte_00626,Monocyte,train,TATCTCAGTACAGTGG-1,TTTGCGCCAACCGCCA-1
train_Monocyte_00627,Monocyte,train,GTCCTCAAGCGCCTCA-1,CCATGTCAGCCAGAAC-1
train_Monocyte_00628,Monocyte,train,ACGGAGAGTAGCGTGA-1,GGGTTGCCAGGGTACA-1
train_Monocyte_00629,Monocyte,train,GCGACCAGTTCCACTC-1,AACTTTCAGAAGGTGA-1
train_Monocyte_00630,Monocyte,train,CGCTATCCACGGCTAC-1,ATTCTACGTCCTAGCG-1
train_Monocyte_00631,Monocyte,train,GCATGCGAGTCATCCA-1,GACACGCCACAACTGT-1
train_Monocyte_00632,Monocyte,train,TGACTAGAGATGTTAG-1,CAGCTAAAGGCGTACA-1
train_Monocyte_00633,Monocyte,train,CATATGGTCCTCTAGC-1,CCTTCCCAGTGTTGAA-1
train_Monocyte_00634,Monocyte,train,GACTGCGGTTCGGGCT-1,AGCATACGTTTAAGCC-1
train_Monocyte_00635,Monocyte,train,TTCTCAAGTTAGATGA-1,GGCAATTAGGCGACAT-1
train_Monocyte_00636,Monocyte,train,TGGGCGTTCGTACGGC-1,CGGTTAAAGCACCGCT-1
train_Monocyte_00637,Monocyte,train,GAACGGAGTAGAGGAA-1,GTCGGGTCACGGTTTA-1
train_Monocyte_00638,Monocyte,train,CTCCTAGGTTCGTCTC-1,ACGCCAGGTGTTGGGA-1
train_Monocyte_00639,Monocyte,train,TTAGGACCACTAAGTC-1,CAGGTGCGTTCGTGAT-1
train_Monocyte_00640,Monocyte,train,GACGTTACAGGCTCAC-1,CCACGGAAGCTAGTGG-1
train_Monocyte_00641,Monocyte,train,GTAACGTAGGCCCGTT-1,TGCCAAAAGCTCCTCT-1
train_Monocyte_00642,Monocyte,train,AAGCCGCCAAACCTAC-1,ACAGCCGCACACCGCA-1
train_Monocyte_00643,Monocyte,train,ACAGCCGCAAGTCTGT-1,CATCCACGTGAAAGAG-1
train_Monocyte_00644,Monocyte,train,GTGCATAGTCCAACTA-1,TCGCGTTTCGCCCTTA-1
train_Monocyte_00645,Monocyte,train,ATTTCTGAGCAATCTC-1,ACAGCCGCACACCGCA-1
train_Monocyte_00646,Monocyte,train,AGGGAGTAGGTGTGGT-1,AGTGGGACAAGTCATC-1
train_Monocyte_00647,Monocyte,train,GCGCGATAGCGATCCC-1,GTGTTAGCACCGTTGG-1
train_Monocyte_00648,Monocyte,train,AAGTCTGGTGTCCTCT-1,CCATGTCTCTGCCAGG-1
train_Monocyte_00649,Monocyte,train,GTATCTTTCCAAAGTC-1,TGCCAAAAGCTCCTCT-1
train_Monocyte_00650,Monocyte,train,CGGACACCACAGACTT-1,CATCCACGTGAAAGAG-1
train_Monocyte_00651,Monocyte,train,GACGTGCAGTGAAGTT-1,TATGCCCGTGCGAAAC-1
train_Monocyte_00652,Monocyte,train,CTCTAATCACCCAGTG-1,AAAGATGGTTCTGGTA-1
train_Monocyte_00653,Monocyte,train,GTCACGGGTACCGAGA-1,ACTGAACAGTACGCCC-1
train_Monocyte_00654,Monocyte,train,GAAGCAGAGTGGACGT-1,GCGCCAATCCTAAGTG-1
train_Monocyte_00655,Monocyte,train,CAGCTGGAGATCGGGT-1,TGCACCTAGTGGTAGC-1
train_Monocyte_00656,Monocyte,train,AAGCCGCCACAACTGT-1,GCGCCAAAGTTGAGAT-1
train_Monocyte_00657,Monocyte,train,CGTTGGGAGAGCTGCA-1,CGTCCATCACCATGTA-1
train_Monocyte_00658,Monocyte,train,TACGGATGTGTGGTTT-1,CAGATCAGTGACTACT-1
train_Monocyte_00659,Monocyte,train,GGACAGAAGTGGGATC-1,AACCATGGTTATTCTC-1
train_Monocyte_00660,Monocyte,train,TAAGTGCGTTCCATGA-1,AAGGAGCTCTTGTACT-1
train_Monocyte_00661,Monocyte,train,TTTCCTCGTAAGGATT-1,AGTAGTCTCAGGATCT-1
train_Monocyte_00662,Monocyte,train,GATCGCGGTATGAAAC-1,AGGGTGATCGCCATAA-1
train_Monocyte_00663,Monocyte,train,GGCCGATGTATAAACG-1,AGTAGTCTCAGGATCT-1
train_Monocyte_00664,Monocyte,train,CTCTGGTTCAGTTAGC-1,TCGTAGAGTGTGACCC-1
train_Monocyte_00665,Monocyte,train,CGGACGTAGAGTCTGG-1,CATGGCGGTAAATACG-1
train_Monocyte_00666,Monocyte,train,CGCGGTACAGATGGGT-1,CTCTACGTCTAACTCT-1
train_Monocyte_00667,Monocyte,train,ATAACGCTCCGCATAA-1,GTAGTCAAGTGAAGTT-1
train_Monocyte_00668,Monocyte,train,CAGATCAAGTATCGAA-1,TTCTACAGTATATCCG-1
train_Monocyte_00669,Monocyte,train,TCGGGACCAGTGACAG-1,TTCTACAGTATATCCG-1
train_Monocyte_00670,Monocyte,train,ACAGCCGTCAACACAC-1,ATTGGTGTCTGAGTGT-1
train_Monocyte_00671,Monocyte,train,GCGCAACGTAGGGTAC-1,CATATGGGTGTTCGAT-1
train_Monocyte_00672,Monocyte,train,ACTGAGTAGGTGCTTT-1,ATAGACCCAGACTCGC-1
train_Monocyte_00673,Monocyte,train,GATCGCGCACATCTTT-1,CTCGGAGGTCCGAATT-1
train_Monocyte_00674,Monocyte,train,CCTACCACATATACGC-1,CTTAGGACAAAGCAAT-1
train_Monocyte_00675,Monocyte,train,GACGGCTAGCCTATGT-1,CGTGTAAGTATATCCG-1
train_Monocyte_00676,Monocyte,train,GGGAGATAGCCACGTC-1,CGATGTAAGTGTACCT-1
train_Monocyte_00677,Monocyte,train,ACTGCTCCAGCGATCC-1,AACTCAGCATGGATGG-1
train_Monocyte_00678,Monocyte,train,ATCATCTTCAACGGCC-1,TGCTACCAGTGTTGAA-1
train_Monocyte_00679,Monocyte,train,TCTATTGCATCCCACT-1,CCCATACAGTTGTCGT-1
train_Monocyte_00680,Monocyte,train,TCAGGTACACGAAATA-1,TATGCCCGTGCGAAAC-1
train_Monocyte_00681,Monocyte,train,ACCGTAACACGGCTAC-1,CCTACCACAGGGAGAG-1
train_Monocyte_00682,Monocyte,train,ACACCGGGTCCAGTAT-1,ACTTACTCACCGTTGG-1
train_Monocyte_00683,Monocyte,train,ATGCGATCAAGAGTCG-1,GATTCAGAGTGCGATG-1
train_Monocyte_00684,Monocyte,train,GGATGTTGTTCCTCCA-1,GCTCTGTGTGCAACTT-1
train_Monocyte_00685,Monocyte,train,GTCACGGGTACCGAGA-1,TCAGCAACACCCATGG-1
train_Monocyte_00686,Monocyte,train,CATTCGCTCTGTACGA-1,TTGAACGGTTGACGTT-1
train_Monocyte_00687,Monocyte,train,CTTAGGAAGTGACATA-1,GTTACAGTCAACACCA-1
train_Monocyte_00688,Monocyte,train,CGTTCTGGTCTTCGTC-1,ATAGACCCATGGAATA-1
train_Monocyte_00689,Monocyte,train,GATCGCGGTATGAAAC-1,TCGTAGACATTTGCCC-1
train_Monocyte_00690,Monocyte,train,TCCACACGTTGAGTTC-1,ATTGGTGTCTGAGTGT-1
train_Monocyte_00691,Monocyte,train,TACCTATAGGATGCGT-1,AAAGCAAAGCGTGAAC-1
train_Monocyte_00692,Monocyte,train,TCTCATAAGACAGGCT-1,AACTTTCAGTACGTAA-1
train_Monocyte_00693,Monocyte,train,TTTCCTCGTAAGGATT-1,GGTATTGGTTAAGGGC-1
train_Monocyte_00694,Monocyte,train,GGATTACCACCTCGGA-1,GTCACGGGTGACTACT-1
train_Monocyte_00695,Monocyte,train,TACTCATCAGAAGCAC-1,TTAACTCTCGGCGCTA-1
train_Monocyte_00696,Monocyte,train,ATAACGCTCCGCATAA-1,GGCAATTGTTCAGTAC-1
train_Monocyte_00697,Monocyte,train,ATCCACCAGTTGTCGT-1,CCTACACGTCTCACCT-1
train_Monocyte_00698,Monocyte,train,CGTCAGGCACCGTTGG-1,TAGTGGTAGGCAAAGA-1
train_Monocyte_00699,Monocyte,train,TGGGCGTGTACAGACG-1,GATCAGTCAGGCAGTA-1
train_Monocyte_00700,Monocyte,train,GACTGCGGTTCGGGCT-1,AAAGATGGTTCTGGTA-1
train_Monocyte_00701,Monocyte,train,CATGCCTTCAATACCG-1,ACAGCCGCACACCGCA-1
train_Monocyte_00702,Monocyte,train,TCAGGTACACTCTGTC-1,GTGTGCGGTTATCCGA-1
train_Monocyte_00703,Monocyte,train,ACTGAACGTGTGACCC-1,TCAGCAACACCCATGG-1
train_Monocyte_00704,Monocyte,train,TCACAAGAGATATGGT-1,AACCATGGTTATTCTC-1
train_Monocyte_00705,Monocyte,train,CATATGGTCCTCTAGC-1,GAACCTAAGATCTGCT-1
train_Monocyte_00706,Monocyte,train,ACGCCAGTCTCCGGTT-1,ACCCACTGTCTAGCCG-1
train_Monocyte_00707,Monocyte,train,AAGGAGCCAAACCCAT-1,CATCGGGCATAAGACA-1
train_Monocyte_00708,Monocyte,train,GAAGCAGCAGGACCCT-1,CCTACACTCTTTCCTC-1
train_Monocyte_00709,Monocyte,train,GGCGACTTCATGGTCA-1,TCGTAGAGTGTGACCC-1
train_Monocyte_00710,Monocyte,train,GTATCTTGTCTTCTCG-1,CGACTTCGTCCGACGT-1
train_Monocyte_00711,Monocyte,train,AGTGAGGTCTGCTTGC-1,GTCCTCATCGAGAACG-1
train_Monocyte_00712,Monocyte,train,GCTGCAGTCTGGCGAC-1,CGGCTAGGTCAAACTC-1
train_Monocyte_00713,Monocyte,train,GTGTTAGTCCATTCTA-1,GTTCATTCAGGGTACA-1
train_Monocyte_00714,Monocyte,train,CGGCTAGCAAAGCAAT-1,ACGATGTTCTGACCTC-1
train_Monocyte_00715,Monocyte,train,TGAGCATCAGATAATG-1,GACTGCGTCCGTCATC-1
train_Monocyte_00716,Monocyte,train,TACTCATCAGAAGCAC-1,CTTCTCTGTAGGGACT-1
train_Monocyte_00717,Monocyte,train,CGGGTCACACATTAGC-1,TAGTGGTTCAGCTCTC-1
train_Monocyte_00718,Monocyte,train,GTATCTTGTCTTCTCG-1,CGGAGCTAGGGATGGG-1
train_Monocyte_00719,Monocyte,train,ACGGAGAGTAGCGTGA-1,TGATTTCTCCTAGAAC-1
train_Monocyte_00720,Monocyte,train,TAGACCAGTTTGTTTC-1,ATTGGTGGTTAGTGGG-1
train_Monocyte_00721,Monocyte,train,ACTATCTCAAACAACA-1,CATTATCCATATACGC-1
train_Monocyte_00722,Monocyte,train,CCTAAAGCAGTAGAGC-1,ATAAGAGGTCTGCCAG-1
train_Monocyte_00723,Monocyte,train,GGACAAGTCTAACGGT-1,GTGCGGTCAACTTGAC-1
train_Monocyte_00724,Monocyte,train,GCAGCCAGTGACCAAG-1,CGGAGTCCACTTCTGC-1
train_Monocyte_00725,Monocyte,train,CGTTGGGAGAGCTGCA-1,AAGCCGCGTTTAGGAA-1
train_Monocyte_00726,Monocyte,train,CATGGCGAGGGATACC-1,AGCGTCGCACCGAATT-1
train_Monocyte_00727,Monocyte,train,GTCACGGGTACCGAGA-1,TCGTAGAGTGTCAATC-1
train_Monocyte_00728,Monocyte,train,CAGAGAGCATGGTAGG-1,CGAGAAGAGCTAGCCC-1
train_Monocyte_00729,Monocyte,train,GCTGGGTGTCAACTGT-1,TGATTTCTCCTAGAAC-1
train_Monocyte_00730,Monocyte,train,GACTGCGTCTTGACGA-1,AAGGAGCTCTTGTACT-1
train_Monocyte_00731,Monocyte,train,TTAGGCACAAACTGTC-1,CAGGTGCGTTCGTGAT-1
train_Monocyte_00732,Monocyte,train,CTAGCCTGTGCGAAAC-1,TCAGCTCAGATGGGTC-1
train_Monocyte_00733,Monocyte,train,AAGTCTGTCGGCGCTA-1,TAGTGGTTCAGCTCTC-1
train_Monocyte_00734,Monocyte,train,TTTGTCAAGTCGAGTG-1,TTGACTTCAATCCAAC-1
train_Monocyte_00735,Monocyte,train,ACTTGTTAGCCCTAAT-1,CCTTTCTTCTTTACGT-1
train_Monocyte_00736,Monocyte,train,ACTATCTCAAACAACA-1,TACACGACATGCCCGA-1
train_Monocyte_00737,Monocyte,train,CGTTGGGAGAGCTGCA-1,TGCTGCTAGTAACCCT-1
train_Monocyte_00738,Monocyte,train,GCGCGATAGCGATCCC-1,AGCATACGTTTAAGCC-1
train_Monocyte_00739,Monocyte,train,TCTTTCCTCTGCGTAA-1,GATCGTAAGACAGGCT-1
train_Monocyte_00740,Monocyte,train,CCACGGAGTCTTGTCC-1,TGACTAGTCGTCACGG-1
train_Monocyte_00741,Monocyte,train,TGATTTCCATTGAGCT-1,GCGGGTTAGCTAGGCA-1
train_Monocyte_00742,Monocyte,train,CACAGTATCGAGGTAG-1,GTTCTCGTCACCTTAT-1
train_Monocyte_00743,Monocyte,train,CGATGGCCAAACGCGA-1,GCATGCGTCTGCGGCA-1
train_Monocyte_00744,Monocyte,train,ACTTTCAGTCCGAAGA-1,AGACGTTAGATGGGTC-1
train_Monocyte_00745,Monocyte,train,TCAGGTACACTCTGTC-1,AAGGAGCTCTGAAAGA-1
train_Monocyte_00746,Monocyte,train,GGGAGATCAACGCACC-1,AGTAGTCTCAGGATCT-1
train_Monocyte_00747,Monocyte,train,TTAGTTCCAGCTCCGA-1,AACCGCGCAGATAATG-1
train_Monocyte_00748,Monocyte,train,ACGGGCTTCGGTCTAA-1,ACGCCAGTCAGGTTCA-1
train_Monocyte_00749,Monocyte,train,TTAACTCTCTTGTATC-1,GCTGCTTGTGAAATCA-1
train_Monocyte_00750,Monocyte,train,ATGCGATCAAGAGTCG-1,ATAAGAGTCTTACCGC-1
train_Monocyte_00751,Monocyte,train,ATTGGACTCTCAACTT-1,GCTGCTTGTGAAATCA-1
train_Monocyte_00752,Monocyte,train,TGGGCGTTCGTACGGC-1,GCTGCAGTCCAACCAA-1
train_Monocyte_00753,Monocyte,train,AAAGTAGGTAAGGGCT-1,AACTCTTCAGGAATCG-1
train_Monocyte_00754,Monocyte,train,ACACCGGAGAATCTCC-1,GGTATTGGTTAAGGGC-1
train_Monocyte_00755,Monocyte,train,CATCCACGTCTCATCC-1,ACGCCAGGTGTTGGGA-1
train_Monocyte_00756,Monocyte,train,GTAACGTAGGCCCGTT-1,GAAACTCAGGTGGGTT-1
train_Monocyte_00757,Monocyte,train,AGGGAGTAGGTGTGGT-1,AGTAGTCGTGTTTGTG-1
train_Monocyte_00758,Monocyte,train,GCGGGTTCAAGCGATG-1,GCATACAAGGCGACAT-1
train_Monocyte_00759,Monocyte,train,GTGAAGGTCTACTCAT-1,AGATCTGCACGGCGTT-1
train_Monocyte_00760,Monocyte,train,CTACACCAGGGCACTA-1,TCGGTAAAGTTCGATC-1
train_Monocyte_00761,Monocyte,train,CCAATCCAGCTGCCCA-1,CTGCGGAAGCGTAATA-1
train_Monocyte_00762,Monocyte,train,ATTGGACTCTCAACTT-1,CCTACACGTCTCACCT-1
train_Monocyte_00763,Monocyte,train,AGATTGCGTCCGAACC-1,GCGGGTTAGCTAGGCA-1
train_Monocyte_00764,Monocyte,train,CCTACACTCCGCTGTT-1,ACACCGGCACCCAGTG-1
train_Monocyte_00765,Monocyte,train,CATGCCTTCAATACCG-1,AGTAGTCGTGTTTGTG-1
train_Monocyte_00766,Monocyte,train,CCTCTGATCCTGCCAT-1,CCCAGTTAGCTGCAAG-1
train_Monocyte_00767,Monocyte,train,GTGCTTCGTAGAAGGA-1,TCGGTAAAGTTCGATC-1
train_Monocyte_00768,Monocyte,train,CTCGTACAGATGTGGC-1,TAGGCATTCATGCATG-1
train_Monocyte_00769,Monocyte,train,AAGACCTAGAATTCCC-1,GGCAATTGTTCAGTAC-1
train_Monocyte_00770,Monocyte,train,TACACGATCGAACGGA-1,ACCCACTGTCTAGCCG-1
train_Monocyte_00771,Monocyte,train,TTGCGTCCAAGCCGCT-1,AAAGATGTCGCGATCG-1
train_Monocyte_00772,Monocyte,train,TTAGTTCGTAGTACCT-1,CAAGATCAGAACAACT-1
train_Monocyte_00773,Monocyte,train,ACGAGGATCGGCTACG-1,TCTATTGAGTCGTTTG-1
train_Monocyte_00774,Monocyte,train,AGCAGCCCATAGAAAC-1,GGTGCGTAGGCTAGCA-1
train_Monocyte_00775,Monocyte,train,AAACGGGGTAAAGGAG-1,TTAACTCTCGGCGCTA-1
train_Monocyte_00776,Monocyte,train,GAACGGAGTAGAGGAA-1,GTTTCTAAGGGTATCG-1
train_Monocyte_00777,Monocyte,train,CAGAGAGCATGGTAGG-1,GATCGATCATCCTTGC-1
train_Monocyte_00778,Monocyte,train,CTTAGGAAGTGACATA-1,CGGAGTCCACTTCTGC-1
train_Monocyte_00779,Monocyte,train,AGTCTTTGTCAGAGGT-1,ACGGCCACAGCTTCGG-1
train_Monocyte_00780,Monocyte,train,ACTTTCAGTCCGAAGA-1,GATGAGGCATCATCCC-1
train_Monocyte_00781,Monocyte,train,CGTCAGGGTACTCGCG-1,GCTGCGAAGCCCAGCT-1
train_Monocyte_00782,Monocyte,train,GAACATCTCACTTACT-1,AGTGGGACAAGTCATC-1
train_Monocyte_00783,Monocyte,train,CATCAAGTCAGATAAG-1,ACTGAACAGTACGCCC-1
train_Monocyte_00784,Monocyte,train,AGGGATGCAAGTCATC-1,AACCATGGTTATTCTC-1
train_Monocyte_00785,Monocyte,train,TGACTAGGTGTTTGTG-1,GGGATGAAGGCCCTCA-1
train_Monocyte_00786,Monocyte,train,CTCTAATCACCCAGTG-1,ATAGACCCAGACTCGC-1
train_Monocyte_00787,Monocyte,train,TCAGATGTCTACTCAT-1,GGAATAACAGAAGCAC-1
train_Monocyte_00788,Monocyte,train,GCACATACACGGTTTA-1,CGAACATGTAAGGGCT-1
train_Monocyte_00789,Monocyte,train,TTTCCTCGTAAGGATT-1,GACTGCGTCCGTCATC-1
train_Monocyte_00790,Monocyte,train,AGAGCGAGTCAGCTAT-1,GCTTGAAGTATGAATG-1
train_Monocyte_00791,Monocyte,train,CTCGTCATCTGAGTGT-1,CCTACACTCTTTCCTC-1
train_Monocyte_00792,Monocyte,train,AGGGATGCAAGTCATC-1,GATTCAGAGTGCGATG-1
train_Monocyte_00793,Monocyte,train,TTCGAAGTCCGCTGTT-1,TATCTCACAGGTGCCT-1
train_Monocyte_00794,Monocyte,train,TCTCATAAGACAGGCT-1,AAATGCCTCCCTGACT-1
train_Monocyte_00795,Monocyte,train,GTAACGTGTTGTGGAG-1,GGGATGAAGGCCCTCA-1
train_Monocyte_00796,Monocyte,train,ACGAGGATCGGCTACG-1,TGCGCAGAGGGTTTCT-1
train_Monocyte_00797,Monocyte,train,TACCTATCATGCATGT-1,TAAGTGCAGAGGTTGC-1
train_Monocyte_00798,Monocyte,train,GACTGCGTCTTGACGA-1,TCGCGTTTCGCCCTTA-1
train_Monocyte_00799,Monocyte,train,CACAGTATCGAGGTAG-1,CAGCAGCTCGCTGATA-1
train_Monocyte_00800,Monocyte,train,CCCAATCCAAGTTCTG-1,TGACTAGTCGTCACGG-1
train_Monocyte_00801,Monocyte,train,GACTAACGTACGACCC-1,GCTGCAGTCCAACCAA-1
train_Monocyte_00802,Monocyte,train,CTCATTAGTACCGTAT-1,TTGACTTTCATTGCCC-1
train_Monocyte_00803,Monocyte,train,GTATTCTTCAGCTCGG-1,CAGCTAATCAACGGGA-1
train_Monocyte_00804,Monocyte,train,GGACAGAAGTGGGATC-1,TAGACCAAGCAAATCA-1
train_Monocyte_00805,Monocyte,train,GTAACTGGTTTGGGCC-1,AGCGTCGCACCGAATT-1
train_Monocyte_00806,Monocyte,train,TATCAGGAGCATCATC-1,GCATACAAGGCGACAT-1
train_Monocyte_00807,Monocyte,train,TTGTAGGAGGGTTCCC-1,AGCATACGTAGTAGTA-1
train_Monocyte_00808,Monocyte,train,GTATCTTCATGGGAAC-1,CATCAGATCTCGGACG-1
train_Monocyte_00809,Monocyte,train,TTAGTTCCAGCTCCGA-1,CGGCTAGGTCGAACAG-1
train_Monocyte_00810,Monocyte,train,ACGGAGAGTACTTCTT-1,TTTGCGCAGATGCCTT-1
train_Monocyte_00811,Monocyte,train,CGTTGGGAGAGCTGCA-1,TTGAACGGTTGACGTT-1
train_Monocyte_00812,Monocyte,train,TCTATTGCATCCCACT-1,TACACGAAGTTAAGTG-1
train_Monocyte_00813,Monocyte,train,GATCGCGCACATCTTT-1,AGAATAGAGGCAAAGA-1
train_Monocyte_00814,Monocyte,train,GTAACGTCAATGCCAT-1,TCTGAGAGTCCGAATT-1
train_Monocyte_00815,Monocyte,train,ACGGAGAGTACTTCTT-1,ATCATGGTCTCTGTCG-1
train_Monocyte_00816,Monocyte,train,CAAGGCCAGCTGTTCA-1,ATAGACCCAGACTCGC-1
train_Monocyte_00817,Monocyte,train,TGGCCAGAGTCCGTAT-1,AGGGTGACAAAGGCGT-1
train_Monocyte_00818,Monocyte,train,GTGCATACAGCCAATT-1,TACGGTAAGATGAGAG-1
train_Monocyte_00819,Monocyte,train,CGACCTTTCTCATTCA-1,GCGGGTTAGCTAGGCA-1
train_Monocyte_00820,Monocyte,train,TTTACTGCACTTAAGC-1,CGAGCCAAGGAATTAC-1
train_Monocyte_00821,Monocyte,train,CTGGTCTGTCTAAACC-1,CCCTCCTTCCCATTAT-1
train_Monocyte_00822,Monocyte,train,GCAATCACATCTATGG-1,GCTTGAAGTATGAATG-1
train_Monocyte_00823,Monocyte,train,TTAGGCAGTGTTCGAT-1,CCTACCACAGGGAGAG-1
train_Monocyte_00824,Monocyte,train,CTTTGCGGTAGCTGCC-1,TGGCCAGGTATTACCG-1
train_Monocyte_00825,Monocyte,train,AGCTTGAAGTACCGGA-1,TCTGAGAGTCCGAATT-1
train_Monocyte_00826,Monocyte,train,GCTGCAGGTACCGAGA-1,CGTTCTGTCTGCTGTC-1
train_Monocyte_00827,Monocyte,train,CTTAGGAAGCGTTGCC-1,CAAGATCAGAACAACT-1
train_Monocyte_00828,Monocyte,train,CAGCAGCAGACAGACC-1,GATGCTACAGTGGGAT-1
train_Monocyte_00829,Monocyte,train,GCTCCTAGTCTGGTCG-1,ATGGGAGTCAACACGT-1
train_Monocyte_00830,Monocyte,train,GCGCAACGTAGGGTAC-1,GGTGCGTAGGCTAGCA-1
train_Monocyte_00831,Monocyte,train,CTCATTAGTACCGTAT-1,ACTGATGGTAGCGATG-1
train_Monocyte_00832,Monocyte,train,CTGCTGTAGAGCTATA-1,CGAACATGTAAGGGCT-1
train_Monocyte_00833,Monocyte,train,GGTGTTAGTCAATGTC-1,ACGGCCACAGCTTCGG-1
train_Monocyte_00834,Monocyte,train,GAACGGAGTAGAGGAA-1,CATCGGGCATAAGACA-1
train_Monocyte_00835,Monocyte,train,TTTCCTCGTAAGGATT-1,GCGCAACGTGTCCTCT-1
train_Monocyte_00836,Monocyte,train,GCAATCATCCCACTTG-1,TCAGCAACACCCATGG-1
train_Monocyte_00837,Monocyte,train,AGTAGTCAGTGGAGAA-1,TCAGCTCAGATGGGTC-1
train_Monocyte_00838,Monocyte,train,TATCTCAGTACAGTGG-1,AGACGTTAGATGGGTC-1
train_Monocyte_00839,Monocyte,train,GGGCACTGTACCGAGA-1,TACGGGCAGCTAGGCA-1
train_Monocyte_00840,Monocyte,train,CCTTCCCCAATCCAAC-1,CATATTCGTATGGTTC-1
train_Monocyte_00841,Monocyte,train,TCAACGATCTCCAGGG-1,TGATTTCTCCTAGAAC-1
train_Monocyte_00842,Monocyte,train,CGACCTTTCCTATGTT-1,GGGTTGCGTATAGTAG-1
train_Monocyte_00843,Monocyte,train,ACCGTAACACGGCTAC-1,CTCGTCAGTGTAAGTA-1
train_Monocyte_00844,Monocyte,train,ATCGAGTAGTAAGTAC-1,GTCCTCATCGAGAACG-1
train_Monocyte_00845,Monocyte,train,ACGCAGCCAGTGACAG-1,GCGACCAAGACTACAA-1
train_Monocyte_00846,Monocyte,train,ACAGCCGCAAGTCTGT-1,GGGTTGCCAGGGTACA-1
train_Monocyte_00847,Monocyte,train,GGATTACCACCTCGGA-1,AGTAGTCTCAGGATCT-1
train_Monocyte_00848,Monocyte,train,ACCGTAATCGTTACGA-1,CATCAGAAGAGAACAG-1
train_Monocyte_00849,Monocyte,train,AGATTGCGTCCGAACC-1,TAGTGGTAGGCAAAGA-1
train_Monocyte_00850,Monocyte,train,ATGGGAGTCTTGCATT-1,TTTGCGCAGATGCCTT-1
train_Monocyte_00851,Monocyte,train,ACTTACTCATCCGCGA-1,AAGCCGCAGTGTTAGA-1
train_Monocyte_00852,Monocyte,train,CTCCTAGGTTCGTCTC-1,TTATGCTGTCTAGCCG-1
train_Monocyte_00853,Monocyte,train,AATCCAGAGAAGGTTT-1,CGCTATCAGCGCCTCA-1
train_Monocyte_00854,Monocyte,train,GTCACGGGTACCGAGA-1,CATCAGATCTCGGACG-1
train_Monocyte_00855,Monocyte,train,CCTACCACATATACGC-1,CAGTCCTGTCCGAAGA-1
train_Monocyte_00856,Monocyte,train,TACGGGCCAGCCACCA-1,AGTGTCACATCTGGTA-1
train_Monocyte_00857,Monocyte,train,TCGGGACCAGTGACAG-1,TCCACACTCAGCTGGC-1
train_Monocyte_00858,Monocyte,train,CGACCTTCAAGTTGTC-1,GCGACCACATTCGACA-1
train_Monocyte_00859,Monocyte,train,TGGCTGGGTTCGTTGA-1,ACGGCCACAGCTTCGG-1
train_Monocyte_00860,Monocyte,train,CCACGGAGTCTTGTCC-1,AGACGTTAGATGGGTC-1
train_Monocyte_00861,Monocyte,train,TACGGGCGTGTTGGGA-1,GCATGCGTCTGCGGCA-1
train_Monocyte_00862,Monocyte,train,GGCGACTTCATGGTCA-1,CCATGTCTCTGCCAGG-1
train_Monocyte_00863,Monocyte,train,GACGTTACAGGCTCAC-1,TTCTCAATCTTGGGTA-1
train_Monocyte_00864,Monocyte,train,TACACGATCGAACGGA-1,CAAGATCAGAACAACT-1
train_Monocyte_00865,Monocyte,train,GCGGGTTTCGGACAAG-1,TTAACTCTCGGCGCTA-1
train_Monocyte_00866,Monocyte,train,AGATTGCAGTTGTAGA-1,ATGGGAGCAGCCTTGG-1
train_Monocyte_00867,Monocyte,train,GGCTGGTAGAAACCGC-1,TTGCGTCCACAGTCGC-1
train_Monocyte_00868,Monocyte,train,TAGGCATGTCAAGCGA-1,CGAACATGTAAGGGCT-1
train_Monocyte_00869,Monocyte,train,AAGACCTAGAGTAATC-1,TACGGTAGTGCGAAAC-1
train_Monocyte_00870,Monocyte,train,GACGTGCTCTCGGACG-1,CAGATCAGTGACTACT-1
train_Monocyte_00871,Monocyte,train,ACGGGCTTCGGTCTAA-1,CTCGTCAGTGTAAGTA-1
train_Monocyte_00872,Monocyte,train,TTAGTTCGTAGTACCT-1,CTTAGGACAAAGCAAT-1
train_Monocyte_00873,Monocyte,train,GGAAAGCAGGACTGGT-1,TCGCGTTTCGCCCTTA-1
train_Monocyte_00874,Monocyte,train,GTATTCTTCAGCTCGG-1,AAAGATGTCGCGATCG-1
train_Monocyte_00875,Monocyte,train,GGTATTGGTAAACCTC-1,CGATGTAAGTGTACCT-1
train_Monocyte_00876,Monocyte,train,CCCAATCCATTATCTC-1,ATTGGTGGTTAGTGGG-1
train_Monocyte_00877,Monocyte,train,TACCTATAGGATGCGT-1,TAAGTGCAGAGGTTGC-1
train_Monocyte_00878,Monocyte,train,CTGAAACAGTTGTCGT-1,AGTAGTCGTGTTTGTG-1
train_Monocyte_00879,Monocyte,train,TATTACCTCAATCACG-1,GTTACAGTCAACACCA-1
train_Monocyte_00880,Monocyte,train,TTTCCTCGTAAGGATT-1,TTATGCTGTCTAGCCG-1
train_Monocyte_00881,Monocyte,train,GGCTGGTTCTTAGAGC-1,CTTAGGACAAAGCAAT-1
train_Monocyte_00882,Monocyte,train,AGCAGCCCATACTACG-1,TTGCGTCCACGGTAGA-1
train_Monocyte_00883,Monocyte,train,CGATGGCCACGTAAGG-1,CATCGGGCATAAGACA-1
train_Monocyte_00884,Monocyte,train,ACCGTAACACGGCTAC-1,ACACCGGCACCCAGTG-1
train_Monocyte_00885,Monocyte,train,TCCCGATAGGTAGCCA-1,TTTGGTTCAAGGTTTC-1
train_Monocyte_00886,Monocyte,train,GGGAGATAGCCACGTC-1,CGTGTCTTCTTGCCGT-1
train_Monocyte_00887,Monocyte,train,TTAGGCACAAACTGTC-1,CAGGTGCGTTCGTGAT-1
train_Monocyte_00888,Monocyte,train,GTAACGTCAATGCCAT-1,GGGAGATAGTCGTACT-1
train_Monocyte_00889,Monocyte,train,AGGGTGAGTTCACGGC-1,CGCTGGAAGGTCGGAT-1
train_Monocyte_00890,Monocyte,train,ACACCGGGTCCAGTAT-1,GCTTGAAAGGGAAACA-1
train_Monocyte_00891,Monocyte,train,GACGTGCAGTGAAGTT-1,AGGGTGACAGCTGCTG-1
train_Monocyte_00892,Monocyte,train,GTGAAGGTCTACTCAT-1,GAAACTCGTCGCTTCT-1
train_Monocyte_00893,Monocyte,train,CTCATTAGTGTGCCTG-1,TTTGCGCAGATGCCTT-1
train_Monocyte_00894,Monocyte,train,GTGAAGGTCTACTCAT-1,CCTAGCTGTAACGCGA-1
train_Monocyte_00895,Monocyte,train,GGATGTTGTTCCTCCA-1,ACTGAACAGTACGCCC-1
train_Monocyte_00896,Monocyte,train,ACGTCAAGTTCTGGTA-1,GCTTGAAAGGGAAACA-1
train_Monocyte_00897,Monocyte,train,TTATGCTGTAGTGAAT-1,TGCTGCTGTCCATGAT-1
train_Monocyte_00898,Monocyte,train,GTAGTCAAGCGGATCA-1,CGGAGCTTCCACGTTC-1
train_Monocyte_00899,Monocyte,train,AGGGAGTCAAGTCTGT-1,GGGAGATTCACGAAGG-1
train_Monocyte_00900,Monocyte,train,CCTAAAGTCAAGAAGT-1,ATGCGATGTTCGTTGA-1
train_Monocyte_00901,Monocyte,train,GAGTCCGTCTACTCAT-1,CAGTCCTGTCCGAAGA-1
train_Monocyte_00902,Monocyte,train,CTAATGGCAGAGTGTG-1,TGCTGCTCATTACCTT-1
train_Monocyte_00903,Monocyte,train,GTAACGTCAATGCCAT-1,GTCATTTGTTTAAGCC-1
train_Monocyte_00904,Monocyte,train,CTACCCATCTGTCCGT-1,CCTACACGTCTCACCT-1
train_Monocyte_00905,Monocyte,train,TCAACGACAGATGGCA-1,TAGGCATTCATGCATG-1
train_Monocyte_00906,Monocyte,train,GACTGCGGTTCGGGCT-1,CCTACCACATAACCTG-1
train_Monocyte_00907,Monocyte,train,GTGCTTCGTAGAAGGA-1,GTTCTCGTCAACACTG-1
train_Monocyte_00908,Monocyte,train,CGTGTCTGTCGCATCG-1,GAACCTAAGATCTGCT-1
train_Monocyte_00909,Monocyte,train,AACCGCGGTACTTCTT-1,AGATCTGCACGGCGTT-1
train_Monocyte_00910,Monocyte,train,CTCGTACAGATGTGGC-1,GCGCCAAAGTTGAGAT-1
train_Monocyte_00911,Monocyte,train,TACGGATGTGGGTCAA-1,AACCATGTCTGCAGTA-1
train_Monocyte_00912,Monocyte,train,CTTAGGAAGCGTTGCC-1,CTCGTCAAGGAATCGC-1
train_Monocyte_00913,Monocyte,train,AAAGTAGCAATCGGTT-1,TTCTACAGTATATCCG-1
train_Monocyte_00914,Monocyte,train,CGTTCTGGTCTTCGTC-1,TACGGTACAGTCGATT-1
train_Monocyte_00915,Monocyte,train,TCCCGATAGGTAGCCA-1,CCTTACGGTGTAACGG-1
train_Monocyte_00916,Monocyte,train,AGGGTGAGTTCACGGC-1,CGGAGCTAGGGATGGG-1
train_Monocyte_00917,Monocyte,train,GGACAAGCACGAGAGT-1,TGCTGCTAGTAACCCT-1
train_Monocyte_00918,Monocyte,train,CATATTCTCCACGTTC-1,CAGAATCGTTGGAGGT-1
train_Monocyte_00919,Monocyte,train,AAGACCTCAAGCTGGA-1,CATCAGATCTCGGACG-1
train_Monocyte_00920,Monocyte,train,ACAGCCGCAAGTCTGT-1,CTCGTCAAGGAATCGC-1
train_Monocyte_00921,Monocyte,train,AGGGTGAGTTCACGGC-1,GCTTGAAAGGGAAACA-1
train_Monocyte_00922,Monocyte,train,CTAGAGTAGTCCTCCT-1,CGGCTAGGTCAAACTC-1
train_Monocyte_00923,Monocyte,train,TATCTCAGTACAGTGG-1,CACCTTGCATTCCTCG-1
train_Monocyte_00924,Monocyte,train,ACTTGTTTCAAACCAC-1,AAGGAGCTCTTGTACT-1
train_Monocyte_00925,Monocyte,train,TGGCCAGAGTCCGTAT-1,GTTACAGTCAACACCA-1
train_Monocyte_00926,Monocyte,train,TCCCGATAGGTAGCCA-1,TTGCGTCTCGAATGCT-1
train_Monocyte_00927,Monocyte,train,TACACGAGTCTAGTGT-1,CCATTCGTCCCGGATG-1
train_Monocyte_00928,Monocyte,train,CGTTCTGGTCTTCGTC-1,GTGTTAGCACCGTTGG-1
train_Monocyte_00929,Monocyte,train,TTAACTCCATTACCTT-1,TTGCCGTCATTCACTT-1
train_Monocyte_00930,Monocyte,train,GCGCAGTAGAAACCGC-1,AAGGAGCTCTTGTACT-1
train_Monocyte_00931,Monocyte,train,GCATGTAAGACCTTTG-1,CCTTACGGTGTAACGG-1
train_Monocyte_00932,Monocyte,train,GCACTCTCAATAACGA-1,ACAGCTACACATGACT-1
train_Monocyte_00933,Monocyte,train,AAAGTAGGTAAGGGCT-1,TGCCCATGTTCCCGAG-1
train_Monocyte_00934,Monocyte,train,CTTAGGAAGCGTTGCC-1,GCTCCTAGTCTCTTTA-1
train_Monocyte_00935,Monocyte,train,GGAGCAAAGAGTACAT-1,CGTGTAAGTATATCCG-1
train_Monocyte_00936,Monocyte,train,GGCCGATGTATAAACG-1,CCATGTCAGCCAGAAC-1
train_Monocyte_00937,Monocyte,train,CCATTCGGTGATGCCC-1,GTCCTCATCGAGAACG-1
train_Monocyte_00938,Monocyte,train,CGATGGCGTAGCGCTC-1,ACTTACTGTACTTCTT-1
train_Monocyte_00939,Monocyte,train,CGACCTTTCTCCGGTT-1,ACGCCAGTCAGGTTCA-1
train_Monocyte_00940,Monocyte,train,CATATTCTCCACGTTC-1,TTGCGTCCAGGTTTCA-1
train_Monocyte_00941,Monocyte,train,TCACAAGCAGACGCCT-1,CGGAGCTAGGGATGGG-1
train_Monocyte_00942,Monocyte,train,ACGGAGAGTAGCGTGA-1,GATGAGGCATCATCCC-1
train_Monocyte_00943,Monocyte,train,CTCGAAAAGAATCTCC-1,TGCACCTAGTGGTAGC-1
train_Monocyte_00944,Monocyte,train,GCATGTAGTCCTAGCG-1,AGGGTGACAAAGGCGT-1
train_Monocyte_00945,Monocyte,train,GATCGCGCACATCTTT-1,GGTGTTACACCAGATT-1
train_Monocyte_00946,Monocyte,train,AAGCCGCCACAACTGT-1,GTTCTCGTCACCTTAT-1
train_Monocyte_00947,Monocyte,train,TGGTTAGGTTTACTCT-1,GATGAGGCATCATCCC-1
train_Monocyte_00948,Monocyte,train,ATGGGAGTCTTGCATT-1,TGCGCAGAGCACCGCT-1
train_Monocyte_00949,Monocyte,train,ACTGTCCTCCCTAATT-1,CGTGTAACAATCTACG-1
train_Monocyte_00950,Monocyte,train,GCAATCATCCCACTTG-1,CCTAGCTGTAACGCGA-1
train_Monocyte_00951,Monocyte,train,AAGCCGCGTAAACGCG-1,GTCGGGTCACGGTTTA-1
train_Monocyte_00952,Monocyte,train,GGACATTTCTCTGAGA-1,GGGAGATTCACGAAGG-1
train_Monocyte_00953,Monocyte,train,GGCGACTAGGAGTCTG-1,CGGTTAAAGCACCGCT-1
train_Monocyte_00954,Monocyte,train,ACGCAGCCAGTGACAG-1,GCGAGAATCGCAAGCC-1
train_Monocyte_00955,Monocyte,train,CATTCGCGTAGCTAAA-1,CCATGTCAGCCAGAAC-1
train_Monocyte_00956,Monocyte,train,AGGCCACCATCCGTGG-1,TGCTACCAGGACCACA-1
train_Monocyte_00957,Monocyte,train,GGACAAGGTTCACGGC-1,ACCAGTAGTTTCGCTC-1
train_Monocyte_00958,Monocyte,train,CGACCTTTCCTATGTT-1,TGCTACCAGGACCACA-1
train_Monocyte_00959,Monocyte,train,CACAAACCACAAGCCC-1,CGACTTCGTCCGACGT-1
train_Monocyte_00960,Monocyte,train,TATCTCAGTACAGTGG-1,CGTTGGGCACGTTGGC-1
train_Monocyte_00961,Monocyte,train,CTACCCATCTGTCCGT-1,ATAGACCCAGACTCGC-1
train_Monocyte_00962,Monocyte,train,TACCTATAGGATGCGT-1,CTGTTTACAGCTCGAC-1
train_Monocyte_00963,Monocyte,train,TCTGAGAGTTACCGAT-1,ACAGCTACACATGACT-1
train_Monocyte_00964,Monocyte,train,CGTCAGGCACCGTTGG-1,ACACCGGCACCCAGTG-1
train_Monocyte_00965,Monocyte,train,GGACAAGTCTAACGGT-1,TAGACCAAGCAAATCA-1
train_Monocyte_00966,Monocyte,train,AGGGATGCACAGAGGT-1,ACAGCTATCGTGGGAA-1
train_Monocyte_00967,Monocyte,train,ACATACGTCAACGCTA-1,CTACCCAAGGAGTCTG-1
train_Monocyte_00968,Monocyte,train,TGAGCCGGTCGAGATG-1,ATTGGTGTCTGAGTGT-1
train_Monocyte_00969,Monocyte,train,GTATTCTTCAGCTCGG-1,CGACCTTAGAATTCCC-1
train_Monocyte_00970,Monocyte,train,CCGTGGACAGTCGATT-1,CGGCTAGAGCCACGTC-1
train_Monocyte_00971,Monocyte,train,CTTAGGAAGCGTTGCC-1,CAGCTAATCAACGGGA-1
train_Monocyte_00972,Monocyte,train,GATCGCGCACATCTTT-1,TCAGCAACACCCATGG-1
train_Monocyte_00973,Monocyte,train,CATATGGTCCTCTAGC-1,AACCGCGCAGATAATG-1
train_Monocyte_00974,Monocyte,train,GGACAGAAGTGGGATC-1,TTCTACAGTATATCCG-1
train_Monocyte_00975,Monocyte,train,CGTCAGGCACCGTTGG-1,GGAATAACAGAAGCAC-1
train_Monocyte_00976,Monocyte,train,CTGCTGTAGAGCTATA-1,CAGTCCTAGTGCCAGA-1
train_Monocyte_00977,Monocyte,train,CAGCATACACGAAACG-1,AGTGGGACACTGAAGG-1
train_Monocyte_00978,Monocyte,train,CACCTTGTCGCGTTTC-1,ACAGCTATCGTGGGAA-1
train_Monocyte_00979,Monocyte,train,CGGGTCACACATTAGC-1,GTGTTAGCACCGTTGG-1
train_Monocyte_00980,Monocyte,train,TTTGTCAAGTCGAGTG-1,AGTGGGACAAGTCATC-1
train_Monocyte_00981,Monocyte,train,TACAGTGCATACCATG-1,CGAGAAGAGCTAGCCC-1
train_Monocyte_00982,Monocyte,train,GCATGCGAGTCATCCA-1,AAATGCCTCCCTGACT-1
train_Monocyte_00983,Monocyte,train,ACGCCAGTCTCCGGTT-1,AACTTTCAGAAGGTGA-1
train_Monocyte_00984,Monocyte,train,CCACTACGTTGAACTC-1,ATGGGAGTCAACACGT-1
train_Monocyte_00985,Monocyte,train,TACCTATAGGATGCGT-1,GCGCAGTGTCAACATC-1
train_Monocyte_00986,Monocyte,train,CCTTCCCCAATCCAAC-1,TTCTCCTCACCACCAG-1
train_Monocyte_00987,Monocyte,train,TGTGTTTAGCGCCTCA-1,ATAAGAGGTCTGCCAG-1
train_Monocyte_00988,Monocyte,train,AGACGTTGTTCTGAAC-1,CAACTAGCAGCCTGTG-1
train_Monocyte_00989,Monocyte,train,TGACTAGGTGTTTGGT-1,GCTCTGTAGGCTACGA-1
train_Monocyte_00990,Monocyte,train,GCGCCAACACCAGATT-1,ACACCGGCACCCAGTG-1
train_Monocyte_00991,Monocyte,train,AGGGATGCAAGTCATC-1,CGGAGTCCACTTCTGC-1
train_Monocyte_00992,Monocyte,train,GTGCAGCCAATCGGTT-1,GCGGGTTAGCTAGGCA-1
train_Monocyte_00993,Monocyte,train,TGGGCGTTCGTACGGC-1,TGCTGCTGTCCATGAT-1
train_Monocyte_00994,Monocyte,train,CGGACGTCAAGGTTCT-1,CGGAGCTAGGGATGGG-1
train_Monocyte_00995,Monocyte,train,ACTTTCAGTCCGAAGA-1,TCTGAGAGTCCGAATT-1
train_Monocyte_00996,Monocyte,train,AGTGGGACAGTTAACC-1,GGTGTTAGTCCCTTGT-1
train_Monocyte_00997,Monocyte,train,TCGGGACCAGTGACAG-1,GAACCTAAGATCTGCT-1
train_Monocyte_00998,Monocyte,train,GCGCGATAGCGATCCC-1,TAGTGGTAGGCAAAGA-1
train_Monocyte_00999,Monocyte,train,TGACAACGTGGCAAAC-1,TGCACCTAGTGGTAGC-1
train_Monocyte_01000,Monocyte,train,CGACCTTTCTCATTCA-1,TCGTAGAGTGTCAATC-1
train_Monocyte_01001,Monocyte,train,TCTCATAAGACAGGCT-1,TACGGTAAGATGAGAG-1
train_Monocyte_01002,Monocyte,train,AGTGTCACATAGTAAG-1,TACACGAAGTTAAGTG-1
train_Monocyte_01003,Monocyte,train,CCGTTCAAGTGAAGAG-1,CGCTGGAAGGTCGGAT-1
train_Monocyte_01004,Monocyte,train,GAAATGAAGAGTGACC-1,CATCAGAAGAGAACAG-1
train_Monocyte_01005,Monocyte,train,TGGCCAGGTCTGGAGA-1,CGACTTCAGCGTTTAC-1
train_Monocyte_01006,Monocyte,train,AGGTCATAGATATGCA-1,ATGGGAGCAGCCTTGG-1
train_Monocyte_01007,Monocyte,train,TCTATTGCATCCCACT-1,GATGCTACAGTGGGAT-1
train_Monocyte_01008,Monocyte,train,TACGGATGTGTGGTTT-1,GCTCTGTAGGCTACGA-1
train_Monocyte_01009,Monocyte,train,GGTATTGGTAAACCTC-1,TCGCGTTTCGCCCTTA-1
train_Monocyte_01010,Monocyte,train,TGCCCTAGTGATGTGG-1,GGTGTTACACCAGATT-1
train_Monocyte_01011,Monocyte,train,CTAGCCTGTGCGAAAC-1,CACAGTACATGCCTAA-1
train_Monocyte_01012,Monocyte,train,GCGGGTTGTGTAACGG-1,CTGTTTAAGTGGTAAT-1
train_Monocyte_01013,Monocyte,train,GTCATTTTCAGCATGT-1,CTCGAGGCAAAGTCAA-1
train_Monocyte_01014,Monocyte,train,TTGTAGGAGGGTTCCC-1,CCCATACAGTTGTCGT-1
train_Monocyte_01015,Monocyte,train,TTCGAAGTCCGCTGTT-1,TAGGCATCAGGATTGG-1
train_Monocyte_01016,Monocyte,train,CTAGAGTAGTCCTCCT-1,TAGACCAAGCAAATCA-1
train_Monocyte_01017,Monocyte,train,TGACTAGGTGTTTGTG-1,CGTTGGGCACGTTGGC-1
train_Monocyte_01018,Monocyte,train,AATCCAGAGAAGGTTT-1,GGGAATGGTGGCGAAT-1
train_Monocyte_01019,Monocyte,train,ACGCAGCCAGTGACAG-1,GCTGCTTAGATGTCGG-1
train_Monocyte_01020,Monocyte,train,CGATGGCCAAACGCGA-1,GCGAGAATCGCAAGCC-1
train_Monocyte_01021,Monocyte,train,TGGGCGTTCGTACGGC-1,TGAGCATGTTAAGACA-1
train_Monocyte_01022,Monocyte,train,CGTTCTGCAGTAAGCG-1,CTACCCAGTCTCCCTA-1
train_Monocyte_01023,Monocyte,train,TGACTTTCAAGAGTCG-1,ACCCACTGTCTAGCCG-1
train_Monocyte_01024,Monocyte,train,TACCTATCATGCATGT-1,CGGCTAGGTCAAACTC-1
train_Monocyte_01025,Monocyte,train,TTAACTCTCTTGTATC-1,TGCCAAAAGCTCCTCT-1
train_Monocyte_01026,Monocyte,train,TTTATGCAGTACGACG-1,GTAGTCAAGTGAAGTT-1
train_Monocyte_01027,Monocyte,train,GGACAAGTCTAACGGT-1,TGCCCATGTTCCCGAG-1
train_Monocyte_01028,Monocyte,train,ACTGAACGTGTGACCC-1,ACAGCTATCGTGGGAA-1
train_Monocyte_01029,Monocyte,train,ATTTCTGAGCAATCTC-1,CACCTTGCATTCCTCG-1
train_Monocyte_01030,Monocyte,train,TCAGATGTCTACTCAT-1,TCGGTAAAGTTCGATC-1
train_Monocyte_01031,Monocyte,train,GACAGAGGTCTCTCTG-1,AACCATGGTTATTCTC-1
train_Monocyte_01032,Monocyte,train,TACACGATCGAACGGA-1,CGCTATCAGCGCCTCA-1
train_Monocyte_01033,Monocyte,train,TTATGCTGTCCGAGTC-1,CTACCCAAGGAGTCTG-1
train_Monocyte_01034,Monocyte,train,GCAATCATCCAGGGCT-1,GTCACGGGTGACTACT-1
train_Monocyte_01035,Monocyte,train,ACTTTCAGTCCGAAGA-1,CATTATCCATATACGC-1
train_Monocyte_01036,Monocyte,train,GCTCCTAGTCTGGTCG-1,CGACTTCGTCCGACGT-1
train_Monocyte_01037,Monocyte,train,GACGTGCTCTGCGACG-1,TTGACTTCAATCCAAC-1
train_Monocyte_01038,Monocyte,train,ATCATGGCACGCTTTC-1,ATAGACCCAGACTCGC-1
train_Monocyte_01039,Monocyte,train,TCAGGTACACGAAATA-1,GTGCAGCAGGTGCACA-1
train_Monocyte_01040,Monocyte,train,CGATGGCCAAACGCGA-1,ATTGGTGTCTGAGTGT-1
train_Monocyte_01041,Monocyte,train,GGAGCAAAGAGTACAT-1,TTCTACAGTATATCCG-1
train_Monocyte_01042,Monocyte,train,CGGAGTCAGTGTTGAA-1,TACGGGCAGCTAGGCA-1
train_Monocyte_01043,Monocyte,train,TGTGTTTAGCGCCTCA-1,GCGCCAAAGTTGAGAT-1
train_Monocyte_01044,Monocyte,train,TTTCCTCGTAAGGATT-1,GTCCTCATCTGTCTCG-1
train_Monocyte_01045,Monocyte,train,TGGGCGTGTACAGACG-1,GTCACGGGTGACTACT-1
train_Monocyte_01046,Monocyte,train,CATGCCTTCAATACCG-1,CAGCTAATCAACGGGA-1
train_Monocyte_01047,Monocyte,train,GACACGCAGATGCCTT-1,TAGGCATTCATGCATG-1
train_Monocyte_01048,Monocyte,train,TTTACTGCACTTAAGC-1,CTGGTCTTCACATAGC-1
train_Monocyte_01049,Monocyte,train,CGGACGTAGAGTCTGG-1,TCAGGTATCCACGACG-1
train_Monocyte_01050,Monocyte,train,GTGCTTCGTAGAAGGA-1,CTGTTTAAGTGGTAAT-1
train_Monocyte_01051,Monocyte,train,CTCTAATCACCCAGTG-1,CGACTTCGTCCGACGT-1
train_Monocyte_01052,Monocyte,train,GTGCATAGTCCAACTA-1,TGGCCAGGTATTACCG-1
train_Monocyte_01053,Monocyte,train,TGATTTCCATTGAGCT-1,CATTATCCATATACGC-1
train_Monocyte_01054,Monocyte,train,ATTGGTGAGCCAGAAC-1,GGTATTGGTTAAGGGC-1
train_Monocyte_01055,Monocyte,train,CGGCTAGCAAAGCAAT-1,TACTTGTAGAATTCCC-1
train_Monocyte_01056,Monocyte,train,GACTGCGTCTTGACGA-1,GCACTCTTCGTACCGG-1
train_Monocyte_01057,Monocyte,train,CTCGTCATCTTGACGA-1,GCGACCAAGACTACAA-1
train_Monocyte_01058,Monocyte,train,GTAGTCAAGCGGATCA-1,TATGCCCAGCTAAGAT-1
train_Monocyte_01059,Monocyte,train,GATCGCGGTATGAAAC-1,CACTCCAAGAGTCGGT-1
train_Monocyte_01060,Monocyte,train,AAGTCTGGTGTCCTCT-1,CTGGTCTTCACATAGC-1
train_Monocyte_01061,Monocyte,train,GCGCCAACACCAGATT-1,CAACTAGTCTCTTATG-1
train_Monocyte_01062,Monocyte,train,GATCGTATCGCCCTTA-1,GATCGCGCAATTGCTG-1
train_Monocyte_01063,Monocyte,train,GGATGTTGTTCCTCCA-1,TGCTGCTAGTAACCCT-1
train_Monocyte_01064,Monocyte,train,GACGTTACAGGCTCAC-1,TCGTAGAGTGTGACCC-1
train_Monocyte_01065,Monocyte,train,CGTCACTAGAGCTTCT-1,AAATGCCTCCCTGACT-1
train_Monocyte_01066,Monocyte,train,GTCATTTTCAGCATGT-1,GCTCCTAGTCTCTTTA-1
train_Monocyte_01067,Monocyte,train,CTGCCTAGTGCCTGGT-1,AAAGCAAAGCGTGAAC-1
train_Monocyte_01068,Monocyte,train,CATTCGCGTAGCTAAA-1,TTTGCGCCAACCGCCA-1
train_Monocyte_01069,Monocyte,train,GAACGGAAGCCGATTT-1,AGTAGTCTCAGGATCT-1
train_Monocyte_01070,Monocyte,train,ACTTACTCATCCGCGA-1,ACCAGTAGTTTCGCTC-1
train_Monocyte_01071,Monocyte,train,CCGTACTGTCAAACTC-1,CGTGTAACAATCTACG-1
train_Monocyte_01072,Monocyte,train,TGGGCGTGTACAGACG-1,TTGTAGGTCCTCTAGC-1
train_Monocyte_01073,Monocyte,train,GGATGTTGTTCCTCCA-1,AGCGTCGCACCGAATT-1
train_Monocyte_01074,Monocyte,train,AGGTCATTCGTTACGA-1,TCGTAGAGTGTGACCC-1
train_Monocyte_01075,Monocyte,train,CCTCTGATCCTGCCAT-1,ATTGGTGTCTGAGTGT-1
train_Monocyte_01076,Monocyte,train,CAGATCAAGTATCGAA-1,GGTGAAGGTTGGAGGT-1
train_Monocyte_01077,Monocyte,train,CTACACCAGGGCACTA-1,CCTACACGTCTCACCT-1
train_Monocyte_01078,Monocyte,train,TGGCCAGGTCTGGAGA-1,CATCCACGTGAAAGAG-1
train_Monocyte_01079,Monocyte,train,CGATGGCCACGTAAGG-1,TTAACTCTCGGCGCTA-1
train_Monocyte_01080,Monocyte,train,ACACCGGGTCCAGTAT-1,CATCCACGTGAAAGAG-1
train_Monocyte_01081,Monocyte,train,CCGTACTGTCAAACTC-1,ACATACGCATGAAGTA-1
train_Monocyte_01082,Monocyte,train,AAGCCGCCACAACTGT-1,CATATGGAGAACAACT-1
train_Monocyte_01083,Monocyte,train,TGGTTCCGTAAGTAGT-1,CCTTTCTTCTTTACGT-1
train_Monocyte_01084,Monocyte,train,CTCTAATCACCCAGTG-1,AAGCCGCGTTTAGGAA-1
train_Monocyte_01085,Monocyte,train,CTTTGCGGTAGCTGCC-1,CGGCTAGAGCCACGTC-1
train_Monocyte_01086,Monocyte,train,TATCAGGAGCATCATC-1,GATCGTAAGTCAATAG-1
train_Monocyte_01087,Monocyte,train,ACGGAGAGTAGCGTGA-1,GCTCTGTAGGCTACGA-1
train_Monocyte_01088,Monocyte,train,AAACCTGAGTGGAGTC-1,TTGACTTTCGATCCCT-1
train_Monocyte_01089,Monocyte,train,CATCAAGTCAGATAAG-1,GTCATTTGTTTAAGCC-1
train_Monocyte_01090,Monocyte,train,AAGACCTCAAGCTGGA-1,CAACTAGCAGCCTGTG-1
train_Monocyte_01091,Monocyte,train,AGTCTTTGTCAGAGGT-1,TACGGGCGTAGCGATG-1
train_Monocyte_01092,Monocyte,train,GCGCGATAGCGATCCC-1,CGAACATGTAAGGGCT-1
train_Monocyte_01093,Monocyte,train,TTAGGCAGTGTTCGAT-1,AGAATAGAGGCAAAGA-1
train_Monocyte_01094,Monocyte,train,CATTCGCGTAGCTAAA-1,TTCTACAGTATATCCG-1
train_Monocyte_01095,Monocyte,train,TACCTATCATGCATGT-1,CCCTCCTTCCCATTAT-1
train_Monocyte_01096,Monocyte,train,CAGATCAAGTATCGAA-1,TTAACTCCATATGGTC-1
train_Monocyte_01097,Monocyte,train,ACGCAGCCAGTGACAG-1,TGAGCATGTTAAGACA-1
train_Monocyte_01098,Monocyte,train,TGAGCCGGTCGAGATG-1,CCTAGCTGTAACGCGA-1
train_Monocyte_01099,Monocyte,train,AGATTGCAGTTGTAGA-1,ACAGCTATCAGAAATG-1
train_Monocyte_01100,Monocyte,train,TGGCCAGGTCTGGAGA-1,GGAATAACAGAAGCAC-1
train_Monocyte_01101,Monocyte,train,CGGGTCACACATTAGC-1,AGTAGTCTCAGGATCT-1
train_Monocyte_01102,Monocyte,train,TTATGCTGTCCGAGTC-1,ACTGAACAGTGACATA-1
train_Monocyte_01103,Monocyte,train,GTCACGGCACAGGTTT-1,GCGCAGTGTCAACATC-1
train_Monocyte_01104,Monocyte,train,CGGCTAGCAAAGCAAT-1,CTGAAGTTCCTAGGGC-1
train_Monocyte_01105,Monocyte,train,GAGCAGAGTTAAGAAC-1,ACTGAACAGTACGCCC-1
train_Monocyte_01106,Monocyte,train,AAGACCTAGTATCGAA-1,TCACAAGAGTGGTCCC-1
train_Monocyte_01107,Monocyte,train,GTATCTTTCCAAAGTC-1,TCGGTAAAGTTCGATC-1
train_Monocyte_01108,Monocyte,train,GGCTGGTTCTTAGAGC-1,GGGTTGCCAGGGTACA-1
train_Monocyte_01109,Monocyte,train,ATGCGATCAAGAGTCG-1,CCCTCCTTCCCATTAT-1
train_Monocyte_01110,Monocyte,train,TGATTTCCAGGCGATA-1,CGAACATGTAAGGGCT-1
train_Monocyte_01111,Monocyte,train,GTATTCTTCAGCTCGG-1,CGAGAAGAGCTAGCCC-1
train_Monocyte_01112,Monocyte,train,TAGACCAAGTCATGCT-1,TCTTTCCCAGTCCTTC-1
train_Monocyte_01113,Monocyte,train,CGGACGTCAAGGTTCT-1,TACGGTAGTGCGAAAC-1
train_Monocyte_01114,Monocyte,train,ACATACGTCAACGCTA-1,GTGCGGTCAACTTGAC-1
train_Monocyte_01115,Monocyte,train,CGATGGCGTAGCGCTC-1,TCAGGTATCCACGACG-1
train_Monocyte_01116,Monocyte,train,AAGGAGCCAAACCCAT-1,GCTCTGTGTGCAACTT-1
train_Monocyte_01117,Monocyte,train,CAACCAACAGTTTACG-1,ATAGACCCAGACTCGC-1
train_Monocyte_01118,Monocyte,train,GCAATCATCCAAGTAC-1,TAGGCATCAGGATTGG-1
train_Monocyte_01119,Monocyte,train,ACACCGGGTCCAGTAT-1,ACCAGTAGTTTCGCTC-1
train_Monocyte_01120,Monocyte,train,CGCTATCCACGGCTAC-1,TGCCAAAAGCTCCTCT-1
train_Monocyte_01121,Monocyte,train,GGCTGGTAGAAACCGC-1,GGCAATTAGGCGACAT-1
train_Monocyte_01122,Monocyte,train,GACGTGCTCTGCGACG-1,CTGTTTAAGTGGTAAT-1
train_Monocyte_01123,Monocyte,train,TTAGGCAGTGTTCGAT-1,CAGTCCTAGTGCCAGA-1
train_Monocyte_01124,Monocyte,train,GAACCTATCTTGTTTG-1,GTAACGTTCCCGGATG-1
train_Monocyte_01125,Monocyte,train,AAGACCTAGTATCGAA-1,TAGTGGTTCAGCTCTC-1
train_Monocyte_01126,Monocyte,train,ACCCACTCACGGTAGA-1,ATCATCTCAAGGACTG-1
train_Monocyte_01127,Monocyte,train,GGTGTTAGTCAATGTC-1,GCACTCTTCGTACCGG-1
train_Monocyte_01128,Monocyte,train,GGCGACTTCATGGTCA-1,AAGCCGCAGTGTTAGA-1
train_Monocyte_01129,Monocyte,train,CGATGGCGTGTGTGCC-1,TGCACCTAGTGGTAGC-1
train_Monocyte_01130,Monocyte,train,TGGGCGTTCGTACGGC-1,TTGACTTCAATCCAAC-1
train_Monocyte_01131,Monocyte,train,TCGAGGCGTATGAATG-1,CCTACCACAGGGAGAG-1
train_Monocyte_01132,Monocyte,train,TCTCATAAGAAGAAGC-1,TAGTGGTAGGCAAAGA-1
train_Monocyte_01133,Monocyte,train,GGTGCGTGTACGCTGC-1,TCGTAGAGTGTCAATC-1
train_Monocyte_01134,Monocyte,train,AGGGTGAGTTCACGGC-1,GCTGCGAAGCCCAGCT-1
train_Monocyte_01135,Monocyte,train,GAAATGAAGAGTGACC-1,TGGTTCCAGCCGATTT-1
train_Monocyte_01136,Monocyte,train,GCGGGTTTCGGACAAG-1,TTAACTCCATATGGTC-1
train_Monocyte_01137,Monocyte,train,TTATGCTGTCCGAGTC-1,CAGCAGCTCGCTGATA-1
train_Monocyte_01138,Monocyte,train,GATCGCGGTCAAAGCG-1,ACTGAACAGTACGCCC-1
train_Monocyte_01139,Monocyte,train,CGGGTCACACATTAGC-1,ACTGATGGTAGCGATG-1
train_Monocyte_01140,Monocyte,train,TGGACGCGTCCTCTTG-1,GAAACTCGTCGCTTCT-1
train_Monocyte_01141,Monocyte,train,ACATACGCACTTAACG-1,TACTCATGTAAGTTCC-1
train_Monocyte_01142,Monocyte,train,ATGGGAGTCTTGCATT-1,TACGGGCGTAGCGATG-1
train_Monocyte_01143,Monocyte,train,CGATGGCGTAGCGCTC-1,GCGGGTTAGCTAGGCA-1
train_Monocyte_01144,Monocyte,train,TTATGCTGTAGTGAAT-1,TTGCGTCCAGGTTTCA-1
train_Monocyte_01145,Monocyte,train,TTTGGTTTCCTATGTT-1,AACTCAGCATGGATGG-1
train_Monocyte_01146,Monocyte,train,GGCCGATGTATAAACG-1,TCGTAGAGTGTCAATC-1
train_Monocyte_01147,Monocyte,train,GAACATCTCCTCAATT-1,AGTAGTCGTGTTTGTG-1
train_Monocyte_01148,Monocyte,train,AAGCCGCGTAAACGCG-1,TACGGTAGTGCGAAAC-1
train_Monocyte_01149,Monocyte,train,TCACAAGAGATATGGT-1,TAGACCAAGCAAATCA-1
train_Monocyte_01150,Monocyte,train,ACTGAACGTGTGACCC-1,GCATGCGTCTGCGGCA-1
train_Monocyte_01151,Monocyte,train,AGCTCTCAGATAGCAT-1,AACTCAGCATGGATGG-1
train_Monocyte_01152,Monocyte,train,AGCGTATAGTACGACG-1,GATCAGTCAGGCAGTA-1
train_Monocyte_01153,Monocyte,train,TGACTAGAGATGTTAG-1,GGGTTGCCAGGGTACA-1
train_Monocyte_01154,Monocyte,train,ACCGTAACACGGCTAC-1,TTGACTTCAATCCAAC-1
train_Monocyte_01155,Monocyte,train,AGTGAGGTCTGCTTGC-1,CACATTTCACTGTTAG-1
train_Monocyte_01156,Monocyte,train,CTCGTCATCTTGACGA-1,ATAAGAGGTCTGCCAG-1
train_Monocyte_01157,Monocyte,train,GACACGCAGATGCCTT-1,ACAGCTATCGTGGGAA-1
train_Monocyte_01158,Monocyte,train,GCTGGGTTCCAGAGGA-1,GCGAGAATCGCAAGCC-1
train_Monocyte_01159,Monocyte,train,GACACGCAGATGCCTT-1,ACACCGGCACCCAGTG-1
train_Monocyte_01160,Monocyte,train,GGTGCGTGTACGCTGC-1,GCGCAGTGTCAACATC-1
train_Monocyte_01161,Monocyte,train,CATATTCTCCACGTTC-1,GCTTGAAAGGGAAACA-1
train_Monocyte_01162,Monocyte,train,TCCCGATAGGTAGCCA-1,TAGACCAAGCAAATCA-1
train_Monocyte_01163,Monocyte,train,TACGGGCGTGTTGGGA-1,GTTTCTAAGGGTATCG-1
train_Monocyte_01164,Monocyte,train,CGAATGTCAGACAAGC-1,ACCCACTGTCTAGCCG-1
train_Monocyte_01165,Monocyte,train,GCGCCAACACCAGATT-1,AGGGTGAAGTAGCCGA-1
train_Monocyte_01166,Monocyte,train,ACTTGTTTCAAACCAC-1,GCACATATCAGGTAAA-1
train_Monocyte_01167,Monocyte,train,ACATACGCACTTAACG-1,GCTGCTTGTGAAATCA-1
train_Monocyte_01168,Monocyte,train,GCACTCTCAATAACGA-1,TCAGGTATCCACGACG-1
train_Monocyte_01169,Monocyte,train,TACACGATCGAACGGA-1,TAGCCGGCAACGCACC-1
train_Monocyte_01170,Monocyte,train,AAGGAGCCAAACCCAT-1,AGCATACGTAGTAGTA-1
train_Monocyte_01171,Monocyte,train,GCTTGAATCTGCGTAA-1,ACGAGGATCTACCTGC-1
train_Monocyte_01172,Monocyte,train,CATTCGCTCTGTACGA-1,AGTGTCACATCTGGTA-1
train_Monocyte_01173,Monocyte,train,CGTGTCTAGTCTTGCA-1,TCGTAGAGTGTGACCC-1
train_Monocyte_01174,Monocyte,train,TTCTCAAAGTTATCGC-1,ATGCGATGTTCGTTGA-1
train_Monocyte_01175,Monocyte,train,TTAGGCACAAACTGTC-1,TGCTGCTGTCCATGAT-1
train_Monocyte_01176,Monocyte,train,GAAGCAGAGTGGACGT-1,GATCGATCATCCTTGC-1
train_Monocyte_01177,Monocyte,train,GCACTCTTCTCGATGA-1,TGCGCAGTCGGCTTGG-1
train_Monocyte_01178,Monocyte,train,CGATGGCCAAACGCGA-1,CATGACACATCCGTGG-1
train_Monocyte_01179,Monocyte,train,CGACCTTTCTCCGGTT-1,GTTACAGTCAACACCA-1
train_Monocyte_01180,Monocyte,train,GGAAAGCAGGACTGGT-1,CATGGCGGTAAATACG-1
train_Monocyte_01181,Monocyte,train,AGCCTAAAGCTGATAA-1,TTATGCTGTCTAGCCG-1
train_Monocyte_01182,Monocyte,train,CGAATGTCAGACAAGC-1,GCATACAAGGCGACAT-1
train_Monocyte_01183,Monocyte,train,AGGTCCGAGCTCAACT-1,CTGAAGTTCCTAGGGC-1
train_Monocyte_01184,Monocyte,train,GGATGTTGTTCCTCCA-1,CCTACACTCTTTCCTC-1
train_Monocyte_01185,Monocyte,train,GCGCAGTAGAAACCGC-1,CTGCGGAAGCGTAATA-1
train_Monocyte_01186,Monocyte,train,CGACCTTCAAGTTGTC-1,GCGAGAATCGCAAGCC-1
train_Monocyte_01187,Monocyte,train,CCGGTAGTCGCACTCT-1,GCTGCTTAGATGTCGG-1
train_Monocyte_01188,Monocyte,train,GCGACCAGTTCCACTC-1,AACTTTCAGTACGTAA-1
train_Monocyte_01189,Monocyte,train,TCTGAGAGTTACCGAT-1,CTACCCAAGGAGTCTG-1
train_Monocyte_01190,Monocyte,train,TCGGGACCAGTGACAG-1,ACTTACTGTACTTCTT-1
train_Monocyte_01191,Monocyte,train,AAGGAGCCAAACCCAT-1,TTGACTTCAATCCAAC-1
train_Monocyte_01192,Monocyte,train,CTGAAACAGTTGTCGT-1,GGTGCGTAGGCTAGCA-1
train_Monocyte_01193,Monocyte,train,TTTGTCAAGTCGAGTG-1,ACATACGCATGAAGTA-1
train_Monocyte_01194,Monocyte,train,AGGTCATTCGTTACGA-1,CGAACATGTAAGGGCT-1
train_Monocyte_01195,Monocyte,train,TGGTTCCGTAAGTAGT-1,CTGAAGTTCCTAGGGC-1
train_Monocyte_01196,Monocyte,train,GATGCTAGTAAGGGCT-1,CGACTTCGTCCGACGT-1
train_Monocyte_01197,Monocyte,train,GGACAAGCAATGTAAG-1,CTTACCGAGTAATCCC-1
train_Monocyte_01198,Monocyte,train,CCTCTGATCCTGCCAT-1,TCAGCTCAGATGGGTC-1
train_Monocyte_01199,Monocyte,train,CTAGCCTGTGCGAAAC-1,GTCCTCATCTGTCTCG-1
train_Monocyte_01200,Monocyte,train,CACAGTATCGAGGTAG-1,GGTATTGGTTAAGGGC-1
train_Monocyte_01201,Monocyte,train,ATTGGTGAGCCAGAAC-1,ACGCCAGCATGCATGT-1
train_Monocyte_01202,Monocyte,train,TAGACCACAGGAATGC-1,CGCTGGAAGGTCGGAT-1
train_Monocyte_01203,Monocyte,train,CGGGTCACACATTAGC-1,GATTCAGAGTGCGATG-1
train_Monocyte_01204,Monocyte,train,GTCAAGTGTGTCCTCT-1,TTCGGTCTCTGCGTAA-1
train_Monocyte_01205,Monocyte,train,GAACGGAAGCCGATTT-1,CTCTACGCATAGGATA-1
train_Monocyte_01206,Monocyte,train,AGTGTCACATAGTAAG-1,GAAACTCAGTCGCCGT-1
train_Monocyte_01207,Monocyte,train,TGGGCGTGTACAGACG-1,GGTGTTACACCAGATT-1
train_Monocyte_01208,Monocyte,train,GCTTGAATCTGCGTAA-1,GACACGCCACAACTGT-1
train_Monocyte_01209,Monocyte,train,GGTGCGTGTACGCTGC-1,AAGCCGCGTTTAGGAA-1
train_Monocyte_01210,Monocyte,train,TTAGGCAGTGTTCGAT-1,TACGGATGTAGATTAG-1
train_Monocyte_01211,Monocyte,train,CGACCTTTCTCCGGTT-1,CATATGGAGAACAACT-1
train_Monocyte_01212,Monocyte,train,GATCGTATCGCCCTTA-1,AAATGCCTCCCTGACT-1
train_Monocyte_01213,Monocyte,train,CAGCAGCAGTGTTGAA-1,TTAACTCTCTTCTGGC-1
train_Monocyte_01214,Monocyte,train,GTTCGGGGTCATACTG-1,AAGCCGCAGTGTTAGA-1
train_Monocyte_01215,Monocyte,train,GCATGCGAGTCATCCA-1,CCACGGAAGCTAGTGG-1
train_Monocyte_01216,Monocyte,train,AAGACCTAGAGTAATC-1,GCTGCGAAGCCCAGCT-1
train_Monocyte_01217,Monocyte,train,ATAACGCTCCGCATAA-1,TAGGCATTCATGCATG-1
train_Monocyte_01218,Monocyte,train,CGGGTCACACATTAGC-1,TGCTGCTCATTACCTT-1
train_Monocyte_01219,Monocyte,train,GCGCAACGTAGGGTAC-1,CCTACCACAGGGAGAG-1
train_Monocyte_01220,Monocyte,train,TTTCCTCGTAAGGATT-1,GACACGCCACAACTGT-1
train_Monocyte_01221,Monocyte,train,CAGCATAAGAATGTGT-1,GCGCCAAAGTTGAGAT-1
train_Monocyte_01222,Monocyte,train,CATGGCGAGGGATACC-1,GCTGCTTGTGAAATCA-1
train_Monocyte_01223,Monocyte,train,CTCGTACAGATGTGGC-1,GTGTGCGGTTATCCGA-1
train_Monocyte_01224,Monocyte,train,CATCCACGTCTCATCC-1,TCACAAGAGTGGTCCC-1
train_Monocyte_01225,Monocyte,train,GATGCTAGTGCTTCTC-1,TGCTGCTGTCCATGAT-1
train_Monocyte_01226,Monocyte,train,CTCCTAGGTTCGTCTC-1,TTGCGTCCACGGTAGA-1
train_Monocyte_01227,Monocyte,train,TCGGTAATCCCTTGTG-1,CGTGTAACAATCTACG-1
train_Monocyte_01228,Monocyte,train,ACGCCAGTCTCCGGTT-1,ATAAGAGTCTTACCGC-1
train_Monocyte_01229,Monocyte,train,TAAGTGCGTTCCATGA-1,CTGGTCTGTCTTGATG-1
train_Monocyte_01230,Monocyte,train,CCTACCACATATACGC-1,GTTCTCGTCAACACTG-1
train_Monocyte_01231,Monocyte,train,CAGCTGGAGATCGGGT-1,ATCATCTCAAGGACTG-1
train_Monocyte_01232,Monocyte,train,GCTGGGTAGGTGCAAC-1,GTATCTTCAAGCCGTC-1
train_Monocyte_01233,Monocyte,train,GTATCTTGTCTTCTCG-1,TTTGGTTCAAGGTTTC-1
train_Monocyte_01234,Monocyte,train,TGACTAGGTGTTTGTG-1,TGAGCATGTTAAGACA-1
train_Monocyte_01235,Monocyte,train,CTCGAAAAGAATCTCC-1,ACGATGTTCTGACCTC-1
train_Monocyte_01236,Monocyte,train,CGTTCTGGTCTTCGTC-1,GCTTGAAAGGGAAACA-1
train_Monocyte_01237,Monocyte,train,CCTACCACATATACGC-1,ACTGAACAGTACGCCC-1
train_Monocyte_01238,Monocyte,train,GATCGCGCACATCTTT-1,TTGAACGGTTGACGTT-1
train_Monocyte_01239,Monocyte,train,GATCGCGGTCAAAGCG-1,CATATGGAGAACAACT-1
train_Monocyte_01240,Monocyte,train,TAGACCAAGTCATGCT-1,CACAGTACATGCCTAA-1
train_Monocyte_01241,Monocyte,train,GCTGCAGGTACCGAGA-1,GTTCTCGTCAACACTG-1
train_Monocyte_01242,Monocyte,train,GAAATGAAGAGTGACC-1,TGGTTCCAGCCGATTT-1
train_Monocyte_01243,Monocyte,train,ATGTGTGCATAAGACA-1,GACACGCCACAACTGT-1
train_Monocyte_01244,Monocyte,train,AGGGAGTAGGTGTGGT-1,TTGAACGGTTGACGTT-1
train_Monocyte_01245,Monocyte,train,CGTTAGATCTCGTATT-1,CATTATCCATATACGC-1
train_Monocyte_01246,Monocyte,train,GTCAAGTCAGTCAGAG-1,TTGTAGGAGTGGTAGC-1
train_Monocyte_01247,Monocyte,train,AACCGCGGTACTTCTT-1,CACAGTAGTGATGTCT-1
train_Monocyte_01248,Monocyte,train,TCGGTAATCCCTTGTG-1,CACTCCAAGAGTCGGT-1
train_Monocyte_01249,Monocyte,train,TCACAAGAGATATGGT-1,CTCTACGTCTAACTCT-1
train_Monocyte_01250,Monocyte,train,CGTGTCTCAGGTTTCA-1,TAGCCGGCAACGCACC-1
train_Monocyte_01251,Monocyte,train,CTTAGGAAGCGTTGCC-1,TCAGCTCAGATGGGTC-1
train_Monocyte_01252,Monocyte,train,TCGTAGAAGCAATATG-1,GCGACCAAGACTACAA-1
train_Monocyte_01253,Monocyte,train,GCACATACACGGTTTA-1,TTGCCGTTCGGTGTTA-1
train_Monocyte_01254,Monocyte,train,ACTGAACGTGTGACCC-1,CGGAGCTAGGGATGGG-1
train_Monocyte_01255,Monocyte,train,GAGCAGAGTTAAGAAC-1,TACACGAAGTTAAGTG-1
train_Monocyte_01256,Monocyte,train,CCGTGGACAGTCGATT-1,TCACAAGAGTGGTCCC-1
train_Monocyte_01257,Monocyte,train,GGGCACTGTACCGAGA-1,CGTCCATCACCATGTA-1
train_Monocyte_01258,Monocyte,train,TCCACACGTTGAGTTC-1,GCGCCAATCCTAAGTG-1
train_Monocyte_01259,Monocyte,train,GAGTCCGTCTACTCAT-1,CCTACCACAGGGAGAG-1
train_Monocyte_01260,Monocyte,train,CATGCCTAGAGTGACC-1,TACACGAAGTTAAGTG-1
train_Monocyte_01261,Monocyte,train,TGACTAGAGATGTTAG-1,AGGGTGACAGCTGCTG-1
train_Monocyte_01262,Monocyte,train,CTACACCAGGGCACTA-1,TATGCCCGTGCGAAAC-1
train_Monocyte_01263,Monocyte,train,CTCGTCATCTTGACGA-1,ACTTACTGTACTTCTT-1
train_Monocyte_01264,Monocyte,train,GATCGTATCGCCCTTA-1,GCTCTGTAGGCTACGA-1
train_Monocyte_01265,Monocyte,train,CTCGTCATCTTGACGA-1,CACAGTACATGCCTAA-1
train_Monocyte_01266,Monocyte,train,GAGCAGAGTTAAGAAC-1,GTACGTAAGCCGGTAA-1
train_Monocyte_01267,Monocyte,train,GTAACGTCAATGCCAT-1,TTGACTTTCATTGCCC-1
train_Monocyte_01268,Monocyte,train,CGTTAGATCTCGTATT-1,CCTACACTCTTTCCTC-1
train_Monocyte_01269,Monocyte,train,ACATACGTCAACGCTA-1,CCTTTCTTCTTTACGT-1
train_Monocyte_01270,Monocyte,train,GACCAATTCAAACAAG-1,GCGCAGTGTCAACATC-1
train_Monocyte_01271,Monocyte,train,TATCAGGAGCATCATC-1,TAGTGGTTCGATCCCT-1
train_Monocyte_01272,Monocyte,train,TCACAAGCAGACGCCT-1,ATAAGAGTCTTACCGC-1
train_Monocyte_01273,Monocyte,train,GTCATTTGTCTTCAAG-1,TGCTACCAGTGTTGAA-1
train_Monocyte_01274,Monocyte,train,GCTGCAGGTACCGAGA-1,TGCCAAAAGCTCCTCT-1
train_Monocyte_01275,Monocyte,train,TGACTAGGTGTATGGG-1,CCATGTCAGCCAGAAC-1
train_Monocyte_01276,Monocyte,train,GCAATCACATCTATGG-1,CAGCAGCTCGCTGATA-1
train_Monocyte_01277,Monocyte,train,GAACGGAGTAGAGGAA-1,TTGGCAAGTCAATACC-1
train_Monocyte_01278,Monocyte,train,CGGACACCACAGACTT-1,TACGGGCAGCTAGGCA-1
train_Monocyte_01279,Monocyte,train,ACGAGGATCGGCTACG-1,AGACGTTAGATGGGTC-1
train_Monocyte_01280,Monocyte,train,TTCTCAAAGTTATCGC-1,CTGATAGTCGAGAACG-1
train_Monocyte_01281,Monocyte,train,CGGACGTAGAGTCTGG-1,GTCCTCATCTGTCTCG-1
train_Monocyte_01282,Monocyte,train,CACATAGTCTTCTGGC-1,GGGTTGCCAGGGTACA-1
train_Monocyte_01283,Monocyte,train,TGCTACCAGCTTTGGT-1,CGTTGGGCACGTTGGC-1
train_Monocyte_01284,Monocyte,train,CAACCTCAGGTGTTAA-1,CAGTCCTGTCCGAAGA-1
train_Monocyte_01285,Monocyte,train,CACATAGTCTTCTGGC-1,ACGCCAGCATGCATGT-1
train_Monocyte_01286,Monocyte,train,AGGTCATTCGTTACGA-1,ACGGAGAAGCTGAAAT-1
train_Monocyte_01287,Monocyte,train,GAACGGAGTAGAGGAA-1,TTTGCGCAGATGCCTT-1
train_Monocyte_01288,Monocyte,train,GGCGACTTCATGGTCA-1,AAGGAGCTCTTGTACT-1
train_Monocyte_01289,Monocyte,train,TTCGAAGTCCGCTGTT-1,CATCCACGTGAAAGAG-1
train_Monocyte_01290,Monocyte,train,TACCTATAGGATGCGT-1,AGCTCTCAGTCTCCTC-1
train_Monocyte_01291,Monocyte,train,CGACCTTCAAGTTGTC-1,CATATGGGTGTTCGAT-1
train_Monocyte_01292,Monocyte,train,TAGACCAGTTTGTTTC-1,AGAATAGAGGCAAAGA-1
train_Monocyte_01293,Monocyte,train,GAACATCTCACTTACT-1,CATTATCCATATACGC-1
train_Monocyte_01294,Monocyte,train,AAGGAGCCAAACCCAT-1,CATTATCCATATACGC-1
train_Monocyte_01295,Monocyte,train,CGGGTCACACATTAGC-1,CGTGTCTTCTTGCCGT-1
train_Monocyte_01296,Monocyte,train,CCGTACTGTCAAACTC-1,TGCCCATCAGCGTCCA-1
train_Monocyte_01297,Monocyte,train,ACTTTCAGTCCGAAGA-1,GATGCTACAGTGGGAT-1
train_Monocyte_01298,Monocyte,train,AAATGCCAGTACCGGA-1,GCACTCTTCGTACCGG-1
train_Monocyte_01299,Monocyte,train,CCCAATCCATTATCTC-1,GCATGCGTCTGCGGCA-1
train_Monocyte_01300,Monocyte,train,CGTGTCTAGTCTTGCA-1,AACTTTCAGAAGGTGA-1
train_Monocyte_01301,Monocyte,train,CATATGGTCCTCTAGC-1,CAACTAGCAGCCTGTG-1
train_Monocyte_01302,Monocyte,train,AGTGAGGGTTCCAACA-1,GGAATAACAGAAGCAC-1
train_Monocyte_01303,Monocyte,train,ATGTGTGGTTTGACAC-1,GGGTTGCCAGGGTACA-1
train_Monocyte_01304,Monocyte,train,TGCGTGGGTCAGAGGT-1,AGACGTTAGATGGGTC-1
train_Monocyte_01305,Monocyte,train,GGGAGATAGCCACGTC-1,ACAGCCGCACACCGCA-1
train_Monocyte_01306,Monocyte,train,TGACTAGAGATGTTAG-1,ACTTACTCACCGTTGG-1
train_Monocyte_01307,Monocyte,train,CGTGTCTCAGGTTTCA-1,CCTACCAAGGAGTCTG-1
train_Monocyte_01308,Monocyte,train,TGACTAGAGATGTTAG-1,CATCGGGCATAAGACA-1
train_Monocyte_01309,Monocyte,train,GCAATCACATCTATGG-1,GCTCTGTGTGCAACTT-1
train_Monocyte_01310,Monocyte,train,AGCGGTCGTCCGAAGA-1,AGTCTTTTCAGCTTAG-1
train_Monocyte_01311,Monocyte,train,CGGACGTAGAGTCTGG-1,CATCGGGCATAAGACA-1
train_Monocyte_01312,Monocyte,train,GGACAAGCAATGTAAG-1,CATCAGAAGAGAACAG-1
train_Monocyte_01313,Monocyte,train,TACACGATCGAACGGA-1,AGGGTGAAGTAGCCGA-1
train_Monocyte_01314,Monocyte,train,TACCTATCATGCATGT-1,CTCGAAAGTCGTGGCT-1
train_Monocyte_01315,Monocyte,train,CGACCTTTCCTATGTT-1,GCTGCAGTCCAACCAA-1
train_Monocyte_01316,Monocyte,train,ACTTTCAGTCCGAAGA-1,TAGCCGGCAACGCACC-1
train_Monocyte_01317,Monocyte,train,CCTTCCCTCGATGAGG-1,CTCGTCAGTGTAAGTA-1
train_Monocyte_01318,Monocyte,train,GGGAGATCAACGCACC-1,TCCCGATGTAGGACAC-1
train_Monocyte_01319,Monocyte,train,CCCAATCCAAGTTCTG-1,GCGACCACATTCGACA-1
train_Monocyte_01320,Monocyte,train,AAGCCGCGTAAACGCG-1,CTTCTCTGTAGGGACT-1
train_Monocyte_01321,Monocyte,train,GTCATTTGTCTTCAAG-1,GACTGCGTCCGTCATC-1
train_Monocyte_01322,Monocyte,train,GAACATCTCACTTACT-1,TAGCCGGCAACGCACC-1
train_Monocyte_01323,Monocyte,train,CATATTCTCACCCGAG-1,ACTGAACAGTGACATA-1
train_Monocyte_01324,Monocyte,train,GCTGCAGGTACCGAGA-1,AACCATGTCTGCAGTA-1
train_Monocyte_01325,Monocyte,train,CTTAGGAAGTGACATA-1,AGTCTTTTCAGCTTAG-1
train_Monocyte_01326,Monocyte,train,AGCCTAAGTATCTGCA-1,TAGACCAAGCAAATCA-1
train_Monocyte_01327,Monocyte,train,GCAATCATCCAAGTAC-1,TAGCCGGCAACGCACC-1
train_Monocyte_01328,Monocyte,train,AGTGAGGTCTGCTTGC-1,ATAGACCCAGACTCGC-1
train_Monocyte_01329,Monocyte,train,GTGCATAGTCCAACTA-1,GCGCCAAAGTTGAGAT-1
train_Monocyte_01330,Monocyte,train,CGACTTCGTGCCTGCA-1,GCTGCAGTCCAACCAA-1
train_Monocyte_01331,Monocyte,train,TGCTACCAGCGTCAAG-1,GACACGCCAGCATACT-1
train_Monocyte_01332,Monocyte,train,TAGGCATGTCAAGCGA-1,CTCGTCAAGGAATCGC-1
train_Monocyte_01333,Monocyte,train,CCATTCGGTTATGTGC-1,GCATGCGTCTGCGGCA-1
train_Monocyte_01334,Monocyte,train,TAAGTGCGTTCCATGA-1,CATCCACGTGAAAGAG-1
train_Monocyte_01335,Monocyte,train,GTGCTTCGTAGAAGGA-1,TAGGCATCAGGATTGG-1
train_Monocyte_01336,Monocyte,train,AGGGTGAGTTCACGGC-1,GACTGCGTCCGTCATC-1
train_Monocyte_01337,Monocyte,train,GTGCATAGTCCAACTA-1,ACACCGGCACCCAGTG-1
train_Monocyte_01338,Monocyte,train,ACTGAACAGACCTAGG-1,ATGGGAGCAGCCTTGG-1
train_Monocyte_01339,Monocyte,train,AATCGGTGTCGATTGT-1,GCGCCAAAGTTGAGAT-1
train_Monocyte_01340,Monocyte,train,TCGGGACCAGTGACAG-1,ACGCCAGTCAGGTTCA-1
train_Monocyte_01341,Monocyte,train,ATGTGTGCATAAGACA-1,GGCAATTAGGCGACAT-1
train_Monocyte_01342,Monocyte,train,TCTATTGTCTGGCGAC-1,GTTTCTAAGGGTATCG-1
train_Monocyte_01343,Monocyte,train,TCTATTGTCTGGCGAC-1,CGTTGGGCACGTTGGC-1
train_Monocyte_01344,Monocyte,train,ACTGTCCTCCCTAATT-1,CAGCTAATCAACGGGA-1
train_Monocyte_01345,Monocyte,train,CGGAGTCAGTGTTGAA-1,TTGCCGTTCGGTGTTA-1
train_Monocyte_01346,Monocyte,train,GTATCTTGTCTTCTCG-1,CGTGTAACAATCTACG-1
train_Monocyte_01347,Monocyte,train,GACTGCGGTTCGGGCT-1,AGATCTGCACGGCGTT-1
train_Monocyte_01348,Monocyte,train,GTCAAGTCAGTCAGAG-1,AACTTTCAGTACGTAA-1
train_Monocyte_01349,Monocyte,train,AGATTGCAGTTGTAGA-1,CCATGTCAGCCAGAAC-1
train_Monocyte_01350,Monocyte,train,CTAGCCTGTGCGAAAC-1,TGCGTGGCAGACGCTC-1
train_Monocyte_01351,Monocyte,train,ACTTGTTTCAAACCAC-1,CACTCCAAGAGTCGGT-1
train_Monocyte_01352,Monocyte,train,TTTATGCAGTACGACG-1,AACTTTCAGTACGTAA-1
train_Monocyte_01353,Monocyte,train,AGCATACTCAGCCTAA-1,TGGGAAGAGGCCCTTG-1
train_Monocyte_01354,Monocyte,train,GCGCCAACACCAGATT-1,TACGGTACAGTCGATT-1
train_Monocyte_01355,Monocyte,train,CGTGTCTGTCGCATCG-1,GACCAATGTGAAATCA-1
train_Monocyte_01356,Monocyte,train,TAGGCATGTCAAGCGA-1,CACAGTACATGCCTAA-1
train_Monocyte_01357,Monocyte,train,TTATGCTGTAGTGAAT-1,CTTCTCTGTAGGGACT-1
train_Monocyte_01358,Monocyte,train,CATCAAGTCAGATAAG-1,GTGTTAGCACCGTTGG-1
train_Monocyte_01359,Monocyte,train,GAGCAGATCTCAACTT-1,TGGTTCCAGCCGATTT-1
train_Monocyte_01360,Monocyte,train,AATCGGTGTCGATTGT-1,AGACGTTAGATGGGTC-1
train_Monocyte_01361,Monocyte,train,GCGACCAGTTCCACTC-1,TCACAAGCACATCTTT-1
train_Monocyte_01362,Monocyte,train,GCTGGGTGTCAACTGT-1,AGTGTCACATCTGGTA-1
train_Monocyte_01363,Monocyte,train,CTAATGGCAGAGTGTG-1,ATGGGAGCAGCCTTGG-1
train_Monocyte_01364,Monocyte,train,TATTACCTCAATCACG-1,AGAATAGAGGCAAAGA-1
train_Monocyte_01365,Monocyte,train,GTGCTTCGTAGAAGGA-1,CTACCCAGTCTCCCTA-1
train_Monocyte_01366,Monocyte,train,GTGCTTCTCAAAGACA-1,CGGAGCTTCCACGTTC-1
train_Monocyte_01367,Monocyte,train,AATCGGTGTCGATTGT-1,GGCAATTAGGCGACAT-1
train_Monocyte_01368,Monocyte,train,TAGACCAGTTTGTTTC-1,TTCTCCTCACCACCAG-1
train_Monocyte_01369,Monocyte,train,CTCGTACAGATGTGGC-1,ATAAGAGGTCTGCCAG-1
train_Monocyte_01370,Monocyte,train,TGGCTGGGTTCGTTGA-1,GACACGCCAGCATACT-1
train_Monocyte_01371,Monocyte,train,CGCGGTACAGATGGGT-1,CAGCAGCCAGTACACT-1
train_Monocyte_01372,Monocyte,train,TTAGTTCCAGCTCCGA-1,CAGATCAGTGACTACT-1
train_Monocyte_01373,Monocyte,train,CCTTCCCCAATCCAAC-1,GACACGCAGCAGACTG-1
train_Monocyte_01374,Monocyte,train,CGGACGTAGAGTCTGG-1,GTACTCCGTACACCGC-1
train_Monocyte_01375,Monocyte,train,TGGCCAGAGTCCGTAT-1,CTCTACGTCTAACTCT-1
train_Monocyte_01376,Monocyte,train,GCATGTAAGACCTTTG-1,GATCGTAAGTCAATAG-1
train_Monocyte_01377,Monocyte,train,GGGATGACACAACTGT-1,TGCGCAGAGCACCGCT-1
train_Monocyte_01378,Monocyte,train,TACGGATGTGGGTCAA-1,TGCCCTAAGTACGACG-1
train_Monocyte_01379,Monocyte,train,GTATCTTGTCTTCTCG-1,TTGCGTCTCGAATGCT-1
train_Monocyte_01380,Monocyte,train,ACATACGTCAACGCTA-1,TCAGCTCAGATGGGTC-1
train_Monocyte_01381,Monocyte,train,AGCGGTCGTCCGAAGA-1,GATGAGGCATCATCCC-1
train_Monocyte_01382,Monocyte,train,GACAGAGGTCTCTCTG-1,AGGGTGAAGTAGCCGA-1
train_Monocyte_01383,Monocyte,train,GTATCTTTCCAAAGTC-1,CACCTTGCATTCCTCG-1
train_Monocyte_01384,Monocyte,train,CCATTCGGTTATGTGC-1,CCTTACGGTGTAACGG-1
train_Monocyte_01385,Monocyte,train,AGGTCATTCGCCCTTA-1,AGCATACGTTTAAGCC-1
train_Monocyte_01386,Monocyte,train,GACACGCAGATGCCTT-1,TACGGTAGTGCGAAAC-1
train_Monocyte_01387,Monocyte,train,AACCGCGGTACTTCTT-1,TGCCAAAAGCTCCTCT-1
train_Monocyte_01388,Monocyte,train,ATCACGAAGTACACCT-1,TTGACTTCAATCCAAC-1
train_Monocyte_01389,Monocyte,train,TTAGGCACAAACTGTC-1,GCGCAACGTGTCCTCT-1
train_Monocyte_01390,Monocyte,train,TGGCTGGGTTCGTTGA-1,TGACTAGTCGTCACGG-1
train_Monocyte_01391,Monocyte,train,GTGCAGCCAATCGGTT-1,TAGACCAAGCAAATCA-1
train_Monocyte_01392,Monocyte,train,GCTGGGTTCCAGAGGA-1,GGTGTTACACCAGATT-1
train_Monocyte_01393,Monocyte,train,CTCTAATCACCCAGTG-1,CTTTGCGGTGAAAGAG-1
train_Monocyte_01394,Monocyte,train,CGGCTAGCAAAGCAAT-1,GTCGGGTCACGGTTTA-1
train_Monocyte_01395,Monocyte,train,AAGTCTGGTGTCCTCT-1,CCCATACAGTTGTCGT-1
train_Monocyte_01396,Monocyte,train,GCAGCCAGTGACCAAG-1,CAGAATCGTTGGAGGT-1
train_Monocyte_01397,Monocyte,train,CAGCATAAGAATGTGT-1,CTACCCAGTCTCCCTA-1
train_Monocyte_01398,Monocyte,train,TCGGGACCAGGGTTAG-1,GCTCTGTGTGCAACTT-1
train_Monocyte_01399,Monocyte,train,TGCGTGGGTCAGAGGT-1,ACTATCTGTTTGTTTC-1
train_NK_00000,NK,train,ACTGCTCTCCCTAACC-1,TTGACTTTCAATCACG-1
train_NK_00001,NK,train,CTCCTAGGTGTTCTTT-1,GTACTCCTCGTAGGTT-1
train_NK_00002,NK,train,ATGTGTGGTCTCCCTA-1,TGTATTCGTGTAACGG-1
train_NK_00003,NK,train,CCACCTAAGGCTCATT-1,CTCGTCATCTTGAGGT-1
train_NK_00004,NK,train,CTTAGGACAATGAATG-1,GTTTCTACAGGATTGG-1
train_NK_00005,NK,train,TCGGGACGTCACCCAG-1,AACACGTTCATCTGCC-1
train_NK_00006,NK,train,AAAGTAGGTAATAGCA-1,CATCGGGCAGGGTTAG-1
train_NK_00007,NK,train,CAGCTAATCGGTTCGG-1,CGGAGTCCATGAAGTA-1
train_NK_00008,NK,train,GCAGCCACACGGCGTT-1,GTGTGCGTCGCGCCAA-1
train_NK_00009,NK,train,TCCCGATCACGACTCG-1,GCTGCGAAGCTAGCCC-1
train_NK_00010,NK,train,AAGGCAGGTATGGTTC-1,TGCCCTAGTACATGTC-1
train_NK_00011,NK,train,ACTTTCACAGGACCCT-1,ATTTCTGTCGTATCAG-1
train_NK_00012,NK,train,GTCACGGTCAGGTAAA-1,ACAGCCGCATCCGGGT-1
train_NK_00013,NK,train,AGTAGTCTCGCGATCG-1,CGAACATCACCTCGTT-1
train_NK_00014,NK,train,TCAGGATTCAGCTTAG-1,TGACGGCCAGGATTGG-1
train_NK_00015,NK,train,GTATTCTGTATTCTCT-1,TCAGCAATCAATCACG-1
train_NK_00016,NK,train,AGCCTAAAGCTATGCT-1,TGGCTGGGTATATCCG-1
train_NK_00017,NK,train,TGTGTTTAGCTGATAA-1,GTACTTTTCAGAAATG-1
train_NK_00018,NK,train,CTCCTAGCATTCTTAC-1,GTGAAGGGTCCAGTGC-1
train_NK_00019,NK,train,GTATCTTCAGATTGCT-1,GACGGCTTCTCTGCTG-1
train_NK_00020,NK,train,TGAGGGAGTATGAATG-1,TATCAGGAGATCCGAG-1
train_NK_00021,NK,train,ACGGGCTCAGTTAACC-1,GGCAATTGTCACTGGC-1
train_NK_00022,NK,train,ATCTACTAGTCACGCC-1,GACGGCTTCTCTGCTG-1
train_NK_00023,NK,train,ACGGCCAGTACGCACC-1,GGTGTTAGTACGCTGC-1
train_NK_00024,NK,train,CCTAAAGTCCTTTCGG-1,GCATGCGAGCTATGCT-1
train_NK_00025,NK,train,ATCCGAAAGATAGCAT-1,AGGGATGCAATGGACG-1
train_NK_00026,NK,train,ACACCCTTCAAGGTAA-1,GTGCATAAGGGATCTG-1
train_NK_00027,NK,train,ACGAGCCTCCTTGGTC-1,CAGCCGAAGGATCGCA-1
train_NK_00028,NK,train,GTCCTCATCACCTTAT-1,GCATGCGCAAGAAGAG-1
train_NK_00029,NK,train,TAAGCGTCAGAGTGTG-1,TCTGGAAAGTGGGCTA-1
train_NK_00030,NK,train,GATGAAAAGAACAACT-1,TCTGGAAAGTGGGCTA-1
train_NK_00031,NK,train,GTCCTCACACAAGCCC-1,AAATGCCGTGCGGTAA-1
train_NK_00032,NK,train,GCGGGTTGTGTTCGAT-1,ATTTCTGCACACCGCA-1
train_NK_00033,NK,train,AGCAGCCCAGTAGAGC-1,GGAATAATCCTCCTAG-1
train_NK_00034,NK,train,ACTGCTCTCCCTAACC-1,CTAGCCTGTAGGCATG-1
train_NK_00035,NK,train,AACACGTGTTTGACAC-1,TCAGCAATCAATCACG-1
train_NK_00036,NK,train,ACTGCTCAGCGGCTTC-1,TGAGGGAGTAAGTGTA-1
train_NK_00037,NK,train,ATCATCTTCACAACGT-1,TCTGGAAGTGACTCAT-1
train_NK_00038,NK,train,TACTTGTGTGAGGGAG-1,TGGCCAGTCAATACCG-1
train_NK_00039,NK,train,TACTTGTAGTACGCCC-1,TTGGAACGTTCTCATT-1
train_NK_00040,NK,train,GGCTGGTAGCTGCCCA-1,CTCTGGTAGTGAATTG-1
train_NK_00041,NK,train,GAACATCTCCAATGGT-1,CCTCTGACAGCTGTAT-1
train_NK_00042,NK,train,CGTGAGCCAGTCCTTC-1,TTATGCTAGTTAGGTA-1
train_NK_00043,NK,train,AGAATAGTCGGCCGAT-1,AAACCTGAGTAGGCCA-1
train_NK_00044,NK,train,TACCTATGTGCCTTGG-1,CACAGTAAGGACAGCT-1
train_NK_00045,NK,train,CATATGGCAATAGCGG-1,CAACCAACATGCAACT-1
train_NK_00046,NK,train,TGGCCAGCATCGTCGG-1,TTGACTTTCAATCACG-1
train_NK_00047,NK,train,GCAATCAGTCTTCGTC-1,AGCGTCGCACGGACAA-1
train_NK_00048,NK,train,CTCATTACATCCCACT-1,CGCTTCATCGAGAACG-1
train_NK_00049,NK,train,ATCTACTAGTCACGCC-1,GATCTAGCAGCCTATA-1
train_NK_00050,NK,train,CGGTTAATCTCTGCTG-1,ACTGAACGTTCCATGA-1
train_NK_00051,NK,train,GGGCACTGTTAGGGTG-1,AGATTGCCACGTTGGC-1
train_NK_00052,NK,train,ACCGTAAGTCATATCG-1,CTACGTCTCAGTACGT-1
train_NK_00053,NK,train,TTAGTTCGTCCATGAT-1,TACAGTGCAAATTGCC-1
train_NK_00054,NK,train,ACGCCGAAGGAGTTTA-1,AGCCTAACAAGCCGCT-1
train_NK_00055,NK,train,ACACTGACAATGGATA-1,ACGGCCAAGATGTAAC-1
train_NK_00056,NK,train,TGTTCCGTCATGCATG-1,TGATTTCAGTGTGGCA-1
train_NK_00057,NK,train,AGCTCCTTCATGCAAC-1,TGGCCAGCATCCCACT-1
train_NK_00058,NK,train,ACGGGCTTCCTACAGA-1,CGTTAGACACGAGGTA-1
train_NK_00059,NK,train,GATCGCGAGTGTCCAT-1,CTAGCCTGTAGGCATG-1
train_NK_00060,NK,train,CACAGTATCTTGTACT-1,GTCATTTGTCTAAACC-1
train_NK_00061,NK,train,CGATGTAAGCCAGTTT-1,TGAAAGACAGCCACCA-1
train_NK_00062,NK,train,ACCGTAAGTCATATCG-1,TGACGGCCACGGATAG-1
train_NK_00063,NK,train,GCCAAATAGACCCACC-1,AGAGTGGTCTTACCGC-1
train_NK_00064,NK,train,CGACCTTCAGCTCCGA-1,CTGCCTATCTATCCCG-1
train_NK_00065,NK,train,CGTGTCTCAAACGCGA-1,CGTAGCGTCTTGGGTA-1
train_NK_00066,NK,train,TTTATGCAGTTGTAGA-1,TGAGGGAAGACAGACC-1
train_NK_00067,NK,train,GTAACGTCACAGCCCA-1,TTCTCAACAGTCGTGC-1
train_NK_00068,NK,train,CTCCTAGAGGGTCGAT-1,AACACGTAGCCAACAG-1
train_NK_00069,NK,train,GTACGTAAGATATACG-1,CGGTTAAAGGAGTTGC-1
train_NK_00070,NK,train,CACACTCAGCTAACTC-1,TACTCATTCATACGGT-1
train_NK_00071,NK,train,TGCTACCGTCTTGATG-1,AAGCCGCAGGCCCTCA-1
train_NK_00072,NK,train,GCTGCAGCAATCGAAA-1,TGGGCGTGTTAAGACA-1
train_NK_00073,NK,train,AGAATAGTCCGTAGGC-1,CATGACAAGATGTGTA-1
train_NK_00074,NK,train,CAACCTCCAAGCTGAG-1,TCAACGACATCATCCC-1
train_NK_00075,NK,train,TTAGTTCTCACTTCAT-1,AAGCCGCAGGCCCTCA-1
train_NK_00076,NK,train,GATCGATCATTCACTT-1,CATGACAAGATGTGTA-1
train_NK_00077,NK,train,GTAGTCACAGTCTTCC-1,AGGCCACTCTGTCTCG-1
train_NK_00078,NK,train,TACAGTGCAAGTAGTA-1,TAGTTGGGTCTCTCTG-1
train_NK_00079,NK,train,TGACAACCACTGTCGG-1,ACACCAAAGTCCGTAT-1
train_NK_00080,NK,train,CACACTCAGCTAACTC-1,CTAGCCTGTAGGCATG-1
train_NK_00081,NK,train,ACCAGTACACATCCAA-1,AGGGATGAGGAGTACC-1
train_NK_00082,NK,train,GAGGTGAGTCTCGTTC-1,CACTCCATCTGCTGTC-1
train_NK_00083,NK,train,TGGGAAGCATGATCCA-1,GACCAATTCTCCGGTT-1
train_NK_00084,NK,train,CGAACATAGCCACGTC-1,AGGTCATTCATTGCGA-1
train_NK_00085,NK,train,GTCGTAAAGCTATGCT-1,GAAATGAGTAGCCTAT-1
train_NK_00086,NK,train,GCTTGAAAGTGGTAAT-1,CACCACTGTTAGATGA-1
train_NK_00087,NK,train,TGTATTCAGGAGTTGC-1,GTTCGGGTCCCAAGAT-1
train_NK_00088,NK,train,ACTGCTCAGCGGCTTC-1,CTGGTCTTCTTGCCGT-1
train_NK_00089,NK,train,TTAGGACGTTGGACCC-1,CACCACTGTTAGATGA-1
train_NK_00090,NK,train,GATGAAATCTGCTTGC-1,AGAGTGGTCTTACCGC-1
train_NK_00091,NK,train,AGGGAGTTCGCGATCG-1,TCGTAGAAGGGTCGAT-1
train_NK_00092,NK,train,GATCGATCATTCACTT-1,CAACCAACACATTAGC-1
train_NK_00093,NK,train,ATTGGACTCGCATGGC-1,ATGGGAGCACCTGGTG-1
train_NK_00094,NK,train,AACGTTGGTAAGTGGC-1,GCTTCCACATCCCACT-1
train_NK_00095,NK,train,CACCTTGAGTAGCGGT-1,GGAGCAACACGGTAAG-1
train_NK_00096,NK,train,CTCCTAGCATTCTTAC-1,TCAACGACATCATCCC-1
train_NK_00097,NK,train,ACGAGGAAGCGTCAAG-1,CGGTTAAAGGAGTTGC-1
train_NK_00098,NK,train,CAAGAAATCAGCAACT-1,TTAGGCACAAACGTGG-1
train_NK_00099,NK,train,TTTCCTCTCGGAAATA-1,GCTTCCACATCCCACT-1
train_NK_00100,NK,train,GACTAACGTCGCGTGT-1,CACCACTTCGCCGTGA-1
train_NK_00101,NK,train,GGGAATGGTCCATCCT-1,TGACGGCTCGGCCGAT-1
train_NK_00102,NK,train,CCAGCGAGTCCAGTAT-1,GACGTGCCATGCCTAA-1
train_NK_00103,NK,train,GGGAATGGTCCATCCT-1,CAACCAACATGCAACT-1
train_NK_00104,NK,train,TTGGAACCATACCATG-1,TGAGGGAGTAAGTGTA-1
train_NK_00105,NK,train,ACTGATGAGAGTTGGC-1,AACACGTTCATCTGCC-1
train_NK_00106,NK,train,TCATTACGTCAAAGAT-1,ATGTGTGGTGAGCGAT-1
train_NK_00107,NK,train,GTAGTCAAGTAATCCC-1,TGGCCAGGTGGTTTCA-1
train_NK_00108,NK,train,GCCTCTAGTGCCTGGT-1,AGAATAGGTCATCGGC-1
train_NK_00109,NK,train,ATTTCTGTCCACTGGG-1,TATGCCCAGTACGTAA-1
train_NK_00110,NK,train,CTCGAAAGTCCATCCT-1,GAGCAGAAGGTAGCTG-1
train_NK_00111,NK,train,AGCATACGTCAAAGCG-1,GCTGCGAAGCTAGCCC-1
train_NK_00112,NK,train,TTAGTTCGTCCATGAT-1,TCTGGAAGTCTTCAAG-1
train_NK_00113,NK,train,CTACGTCCAATGGATA-1,GACGGCTTCTCTGCTG-1
train_NK_00114,NK,train,TGGTTAGTCATGCAAC-1,TTTGCGCCATGTTGAC-1
train_NK_00115,NK,train,TGGGAAGCATGATCCA-1,AGGGATGAGTGGACGT-1
train_NK_00116,NK,train,ATCTACTAGTCACGCC-1,ACGGCCATCGATAGAA-1
train_NK_00117,NK,train,ACCGTAAGTAGCCTAT-1,AGATCTGAGGGATGGG-1
train_NK_00118,NK,train,CTACGTCGTAGATTAG-1,GCAGCCAAGCTGAAAT-1
train_NK_00119,NK,train,CTAATGGGTCCTCTTG-1,AACTTTCAGCCTTGAT-1
train_NK_00120,NK,train,CGAGCCACACCAACCG-1,GTGGGTCGTTCGTGAT-1
train_NK_00121,NK,train,GCCTCTAGTGCCTGGT-1,TTTATGCAGCCGATTT-1
train_NK_00122,NK,train,CTCTGGTCATTTGCCC-1,CGATTGATCAGTCCCT-1
train_NK_00123,NK,train,CATGGCGAGAGTGACC-1,ATCATGGGTTAAGTAG-1
train_NK_00124,NK,train,ACGAGCCCAAACGCGA-1,GAAACTCTCCTCGCAT-1
train_NK_00125,NK,train,TGACAACGTGCAGGTA-1,TCGCGTTCATAGGATA-1
train_NK_00126,NK,train,TGTGTTTAGCTGATAA-1,GGTGCGTGTCCAAGTT-1
train_NK_00127,NK,train,CATATGGAGTATCGAA-1,TGCGTGGGTCCATCCT-1
train_NK_00128,NK,train,AAATGCCGTTGGAGGT-1,GTCCTCACAGAGTGTG-1
train_NK_00129,NK,train,AAGCCGCGTGAGTATA-1,ACACCGGGTCATATGC-1
train_NK_00130,NK,train,CTAATGGCAGCATGAG-1,GCTTCCACATCCCACT-1
train_NK_00131,NK,train,ACCAGTACACATCCAA-1,TCTCATACAGTGGAGT-1
train_NK_00132,NK,train,TCATTACGTCAAAGAT-1,CACAGTAAGGACAGCT-1
train_NK_00133,NK,train,TTAGGCAGTCTTTCAT-1,CTGCGGATCTTTAGTC-1
train_NK_00134,NK,train,TTAGGACGTTGGACCC-1,TCTTCGGCAAGTCATC-1
train_NK_00135,NK,train,AAGCCGCAGCACCGCT-1,GTCATTTGTCTAAACC-1
train_NK_00136,NK,train,CTCCTAGGTGCACCAC-1,GTCCTCAGTTCGTCTC-1
train_NK_00137,NK,train,TTATGCTCACGTAAGG-1,CGGAGCTAGAGGTTGC-1
train_NK_00138,NK,train,CTGCGGATCCTGCAGG-1,GCTGCGAAGCTAGCCC-1
train_NK_00139,NK,train,TGTGTTTCACCTCGTT-1,TGAGAGGGTCGTTGTA-1
train_NK_00140,NK,train,CAGTAACCATTGGGCC-1,TCAATCTTCCTGCAGG-1
train_NK_00141,NK,train,ATAAGAGCACAACGCC-1,AACCATGGTCTAGTGT-1
train_NK_00142,NK,train,GTAACGTTCATTGCGA-1,AAGCCGCAGATGTAAC-1
train_NK_00143,NK,train,CTCCTAGCATTCTTAC-1,ACGAGGACATGCCTAA-1
train_NK_00144,NK,train,GTGCATAGTAAATGTG-1,TCTGGAATCTCACATT-1
train_NK_00145,NK,train,TTTCCTCGTAACGACG-1,CTCTACGCAGTCAGCC-1
train_NK_00146,NK,train,TGCGCAGCATGCAATC-1,GTGCATAAGGGATCTG-1
train_NK_00147,NK,train,GACGTTACAGCTGTTA-1,TGCGTGGGTCCATCCT-1
train_NK_00148,NK,train,AAGTCTGTCTGTCTCG-1,TGACGGCGTCATCGGC-1
train_NK_00149,NK,train,ATGCGATAGACATAAC-1,TACTCATTCTGAGGGA-1
train_NK_00150,NK,train,CAGATCAAGCGATGAC-1,CCGTACTAGTACGCCC-1
train_NK_00151,NK,train,CGTGAGCCAGTCCTTC-1,CCTATTACAGTCGATT-1
train_NK_00152,NK,train,TGAGCATGTATATGAG-1,ATTCTACAGAACAATC-1
train_NK_00153,NK,train,GTCTCGTCATTACCTT-1,CAGCTAAAGATCGGGT-1
train_NK_00154,NK,train,ACACTGACAATGGATA-1,AGCGTCGCACGGACAA-1
train_NK_00155,NK,train,GTATCTTCAGATTGCT-1,AGGCCGTGTATTCGTG-1
train_NK_00156,NK,train,CCTAAAGTCAGCACAT-1,GTGCATAAGGGATCTG-1
train_NK_00157,NK,train,CTCTAATTCCAGATCA-1,TGGCTGGGTATATCCG-1
train_NK_00158,NK,train,GTCTCGTCATTACCTT-1,CGTCAGGCAGTATAAG-1
train_NK_00159,NK,train,TCTTTCCAGCCCAGCT-1,TGAGGGAAGACAGACC-1
train_NK_00160,NK,train,ACGCAGCAGGCGCTCT-1,TACAGTGTCTCTAAGG-1
train_NK_00161,NK,train,TGCCCTATCACTGGGC-1,TTCCCAGTCCCGGATG-1
train_NK_00162,NK,train,CTCAGAACATACTACG-1,CGACCTTAGCATGGCA-1
train_NK_00163,NK,train,TACCTTATCACCACCT-1,TGAGAGGGTCGTTGTA-1
train_NK_00164,NK,train,CGTTGGGCAAGGGTCA-1,CTTAGGAGTCAGAATA-1
train_NK_00165,NK,train,AGCATACGTCAAAGCG-1,AGCCTAAAGCCAGTTT-1
train_NK_00166,NK,train,GTGGGTCCACCAACCG-1,TGGCCAGTCAATACCG-1
train_NK_00167,NK,train,CTGCGGATCCTGCAGG-1,ACGAGGATCTGAAAGA-1
train_NK_00168,NK,train,TCATTTGCAATCTACG-1,AGCTCTCGTAGCCTCG-1
train_NK_00169,NK,train,ATGCGATAGACATAAC-1,GGCAATTGTCACTGGC-1
train_NK_00170,NK,train,CCAGCGATCCAATGGT-1,CAGTAACAGAGAGCTC-1
train_NK_00171,NK,train,TGCCCATAGATGCGAC-1,GGACAAGGTACTCTCC-1
train_NK_00172,NK,train,GTAGTCAGTCAACTGT-1,TAGCCGGAGACCACGA-1
train_NK_00173,NK,train,TGTATTCAGGAGTTGC-1,GACGTGCAGGCAGGTT-1
train_NK_00174,NK,train,TCCCGATTCTTGTTTG-1,CGCTATCAGCAGATCG-1
train_NK_00175,NK,train,TATTACCGTGACAAAT-1,CCTACACCATCCGGGT-1
train_NK_00176,NK,train,AGAATAGTCTAGCACA-1,CTTACCGCATGTTCCC-1
train_NK_00177,NK,train,GTACTTTCACGAGGTA-1,TCGCGTTCATAGGATA-1
train_NK_00178,NK,train,CATATGGAGTATCGAA-1,ACAGCCGCATCCGGGT-1
train_NK_00179,NK,train,TTGGAACAGTGAATTG-1,TTCGAAGAGTAGCCGA-1
train_NK_00180,NK,train,GCGGGTTTCAAGATCC-1,GCTGCAGAGTACGACG-1
train_NK_00181,NK,train,TCAGCAAGTCAGAAGC-1,GACTGCGGTGCAACTT-1
train_NK_00182,NK,train,CGTAGGCTCAGGATCT-1,AATCGGTTCACATACG-1
train_NK_00183,NK,train,ATAAGAGGTTCGGCAC-1,CTCGAGGCACAGAGGT-1
train_NK_00184,NK,train,GTCACGGCACAGAGGT-1,CTTACCGCAGTCTTCC-1
train_NK_00185,NK,train,TAGAGCTGTCCATCCT-1,ACGGGCTAGGCTAGAC-1
train_NK_00186,NK,train,GATCGATCATTCACTT-1,GTACGTACACATGGGA-1
train_NK_00187,NK,train,ATGCGATTCTCCCTGA-1,TAAGAGACACCTATCC-1
train_NK_00188,NK,train,GACGTTACAGCTGTTA-1,AGGCCGTTCAGAGACG-1
train_NK_00189,NK,train,TACCTTATCACCACCT-1,TGGCTGGGTATATCCG-1
train_NK_00190,NK,train,CCATTCGCACGAGGTA-1,TTAGGACAGTCGTTTG-1
train_NK_00191,NK,train,CGAGCCACACCAACCG-1,CCTATTACAGTCGATT-1
train_NK_00192,NK,train,AGCTCTCTCTAGCACA-1,TGACGGCGTAGATTAG-1
train_NK_00193,NK,train,GAACGGAAGAGACTTA-1,TAAGAGACACCTATCC-1
train_NK_00194,NK,train,CGCTGGACACTGTTAG-1,TTAGTTCCATACTCTT-1
train_NK_00195,NK,train,TTGTAGGTCACCCTCA-1,TTAGGACAGTCGTTTG-1
train_NK_00196,NK,train,TTGTAGGTCACCCTCA-1,CGGACGTTCGCATGGC-1
train_NK_00197,NK,train,ACGAGGAAGCGTCAAG-1,GTACTTTTCAGAAATG-1
train_NK_00198,NK,train,TGGCCAGCATAGGATA-1,CGCTTCACACACATGT-1
train_NK_00199,NK,train,ATAAGAGGTTCGGCAC-1,CGGTTAATCATGCTCC-1
train_NK_00200,NK,train,ACGGGCTCAGTTAACC-1,AAACCTGAGTAGGCCA-1
train_NK_00201,NK,train,CTACACCTCGGCGCAT-1,AGGCCACAGACAGAGA-1
train_NK_00202,NK,train,AAATGCCGTTGGAGGT-1,CATCAAGGTCCTCCAT-1
train_NK_00203,NK,train,CGTAGGCCAAGCCATT-1,TGACGGCGTCATCGGC-1
train_NK_00204,NK,train,ATCCGAATCCAAACAC-1,GGCAATTGTGCCTGGT-1
train_NK_00205,NK,train,CAGCAGCCACACGCTG-1,CCGTTCATCCTTTCGG-1
train_NK_00206,NK,train,AGATCTGCACGACTCG-1,GATGAAACAGGATCGA-1
train_NK_00207,NK,train,AGCGGTCAGCGATATA-1,CATCGGGCAGGGTTAG-1
train_NK_00208,NK,train,ACTGAACTCAAGGCTT-1,AGGGATGAGGAGTACC-1
train_NK_00209,NK,train,GACCTGGAGCTTTGGT-1,CACAGTAAGGACAGCT-1
train_NK_00210,NK,train,TCGGTAATCGGTCTAA-1,ACTGATGTCAAGGCTT-1
train_NK_00211,NK,train,CAGCTAATCGGTTCGG-1,GATCTAGAGGACTGGT-1
train_NK_00212,NK,train,GGGTCTGAGCACAGGT-1,TGAGCCGTCGCATGGC-1
train_NK_00213,NK,train,TACAGTGCAAGTAGTA-1,GTAGTCAAGGAATCGC-1
train_NK_00214,NK,train,TGGCGCAGTTCGGCAC-1,CTGCCTATCTATCCCG-1
train_NK_00215,NK,train,TTTGGTTCACGAAATA-1,TATCAGGGTGTCCTCT-1
train_NK_00216,NK,train,TGTGTTTTCTCTGTCG-1,CGCTTCACACACATGT-1
train_NK_00217,NK,train,CGATGTAGTTGGACCC-1,GGTGTTAGTACGCTGC-1
train_NK_00218,NK,train,CTTTGCGGTCAGAATA-1,GGGATGAGTAAGGATT-1
train_NK_00219,NK,train,ACGGCCATCGCAGGCT-1,CGTGTCTTCTTTACGT-1
train_NK_00220,NK,train,CTAGAGTAGTGACTCT-1,CATCAAGGTCCTCCAT-1
train_NK_00221,NK,train,CTAGTGATCAGCGACC-1,GACGTGCAGAATTGTG-1
train_NK_00222,NK,train,TGAGGGATCTACTCAT-1,ATCGAGTCAAAGCGGT-1
train_NK_00223,NK,train,ATAAGAGCACAACGCC-1,GTGGGTCTCACGAAGG-1
train_NK_00224,NK,train,TTTATGCAGACATAAC-1,TGAGAGGGTCGTTGTA-1
train_NK_00225,NK,train,TTCTCAAGTAGCGCTC-1,TTAGTTCGTATTCGTG-1
train_NK_00226,NK,train,GTATTCTGTATTCTCT-1,GTACGTAGTCACCCAG-1
train_NK_00227,NK,train,TAGGCATTCATACGGT-1,TGCCAAACAGGCTGAA-1
train_NK_00228,NK,train,GCTGCTTCATGGTTGT-1,GGACATTCAGTATCTG-1
train_NK_00229,NK,train,ACGGGTCTCTTAACCT-1,ACACCGGAGAAAGTGG-1
train_NK_00230,NK,train,GACCTGGAGCTTTGGT-1,ACATCAGTCCGAACGC-1
train_NK_00231,NK,train,ACTGAGTTCGCACTCT-1,TGGGCGTGTTAAGACA-1
train_NK_00232,NK,train,GTCTCGTCATTACCTT-1,GCATACACACCAGATT-1
train_NK_00233,NK,train,GAAATGATCGGAATCT-1,CATCGGGCAGACACTT-1
train_NK_00234,NK,train,GCTGCTTCATGGTTGT-1,CAGAGAGCACAACGCC-1
train_NK_00235,NK,train,GAAACTCCAAGTCATC-1,AACTTTCAGCGCCTTG-1
train_NK_00236,NK,train,TGGCGCAGTTCGGCAC-1,GCATGCGGTTCACGGC-1
train_NK_00237,NK,train,AACACGTGTTTGACAC-1,CATCCACCACGGCTAC-1
train_NK_00238,NK,train,TCGGTAATCGGTCTAA-1,CAACCAACACATTAGC-1
train_NK_00239,NK,train,GTTCGGGGTTCGTGAT-1,ACGGCCAAGATGTAAC-1
train_NK_00240,NK,train,GATCGCGAGTGTCCAT-1,ACGATACCACTAGTAC-1
train_NK_00241,NK,train,CTCCTAGGTGTTCTTT-1,GTACTTTTCTGTCCGT-1
train_NK_00242,NK,train,GCCAAATGTGATGTGG-1,TGACGGCGTCATCGGC-1
train_NK_00243,NK,train,CAAGAAATCAGCAACT-1,GACGTTAAGCGTGTCC-1
train_NK_00244,NK,train,GTCCTCATCACCTTAT-1,GCAATCAAGGAGTACC-1
train_NK_00245,NK,train,TGGCGCAGTTCGGCAC-1,AAGCCGCAGATGTAAC-1
train_NK_00246,NK,train,TCCCGATCACGACTCG-1,CAGCCGACAGTTAACC-1
train_NK_00247,NK,train,GTAGTCAGTCAACTGT-1,ACGGGTCAGACTGTAA-1
train_NK_00248,NK,train,CATCGGGTCCTCAACC-1,GTGCTTCGTTATGCGT-1
train_NK_00249,NK,train,AGTGGGAAGGGATGGG-1,GTGCATAAGGGATCTG-1
train_NK_00250,NK,train,GATGAGGTCACTATTC-1,ACTGATGTCAAGGCTT-1
train_NK_00251,NK,train,TTTGGTTCACGAAATA-1,TCTGGAAGTCTTCAAG-1
train_NK_00252,NK,train,CAGCTAATCGGTTCGG-1,AAGGAGCCACGCGAAA-1
train_NK_00253,NK,train,ACGGCCAAGGCTCAGA-1,ATTTCTGTCGTATCAG-1
train_NK_00254,NK,train,CCTATTACAGCTGTTA-1,ACTGATGCATCCGGGT-1
train_NK_00255,NK,train,ACGGCCATCGCAGGCT-1,TCCCGATTCTCTTATG-1
train_NK_00256,NK,train,GTACGTATCCTATTCA-1,GCAGTTAAGCGTCAAG-1
train_NK_00257,NK,train,TCGTACCTCCTAGGGC-1,CCACCTAAGGCCCTTG-1
train_NK_00258,NK,train,GCAATCAAGGTGCACA-1,CCTACCATCGAATGGG-1
train_NK_00259,NK,train,GACACGCAGACGCAAC-1,ACGGGCTAGGCTAGAC-1
train_NK_00260,NK,train,GCTGGGTCACCCTATC-1,CACAGTAAGGACAGCT-1
train_NK_00261,NK,train,TTGGAACCATACCATG-1,ATTTCTGTCGTATCAG-1
train_NK_00262,NK,train,TGGGAAGCATGATCCA-1,CTCTAATTCGGCATCG-1
train_NK_00263,NK,train,TGCCCTATCACATAGC-1,CTCGAAATCCGCAGTG-1
train_NK_00264,NK,train,AGCAGCCTCAGTGTTG-1,TATCAGGGTGTCCTCT-1
train_NK_00265,NK,train,AATCCAGGTAAGGATT-1,CACAGGCAGCCTATGT-1
train_NK_00266,NK,train,AAAGTAGGTAATAGCA-1,GAACCTACACTAAGTC-1
train_NK_00267,NK,train,CATCAGAGTCTCTCGT-1,CAAGATCTCCACGACG-1
train_NK_00268,NK,train,CACACTCAGCTAACTC-1,ACGGGTCAGACTGTAA-1
train_NK_00269,NK,train,CTCCTAGAGGGTCGAT-1,GCTGGGTGTCTTGTCC-1
train_NK_00270,NK,train,ATCATCTTCACAACGT-1,AGATTGCGTCATGCAT-1
train_NK_00271,NK,train,AAAGTAGGTAATAGCA-1,ATTTCTGCACACCGCA-1
train_NK_00272,NK,train,AGGGTGACACTCTGTC-1,TTGACTTTCCAGTAGT-1
train_NK_00273,NK,train,TTGGAACCATACCATG-1,CAACCAACACATTAGC-1
train_NK_00274,NK,train,TCCACACCAGGAATGC-1,CGCTATCAGCAGATCG-1
train_NK_00275,NK,train,CTCCTAGGTGCACCAC-1,CTACGTCTCTTTAGTC-1
train_NK_00276,NK,train,TCGGTAATCGGTCTAA-1,GCATACAAGTAGCCGA-1
train_NK_00277,NK,train,GTGTTAGGTGGTAACG-1,TGAGCCGGTTTGCATG-1
train_NK_00278,NK,train,ATCATCTTCACAACGT-1,TGATTTCAGTGTGGCA-1
train_NK_00279,NK,train,TGTGTTTTCTCTGTCG-1,AACACGTCAATGGTCT-1
train_NK_00280,NK,train,CTCACACAGATATGCA-1,TGGGCGTGTTAAGACA-1
train_NK_00281,NK,train,CCTAGCTCATTTCACT-1,TACTCATTCATACGGT-1
train_NK_00282,NK,train,CTAATGGCAGCATGAG-1,ACACCAAAGTCCGTAT-1
train_NK_00283,NK,train,TTCTCCTGTCATTAGC-1,TTGCGTCTCATCTGTT-1
train_NK_00284,NK,train,ACCAGTACACATCCAA-1,TATCTCACAAGGGTCA-1
train_NK_00285,NK,train,CTGGTCTAGTGCGTGA-1,CCGGTAGAGTAGATGT-1
train_NK_00286,NK,train,CAACTAGCAAACAACA-1,CTCGTCATCTTGAGGT-1
train_NK_00287,NK,train,GTTCGGGGTTCGTGAT-1,AAGCCGCAGGCCCTCA-1
train_NK_00288,NK,train,TACTCGCAGATCCTGT-1,CTGTGCTGTCACACGC-1
train_NK_00289,NK,train,GTGCATAGTAAATGTG-1,TGTTCCGTCTCCAACC-1
train_NK_00290,NK,train,GGCAATTGTCAACATC-1,GCCAAATCACCCAGTG-1
train_NK_00291,NK,train,AACTCAGGTGATAAGT-1,GGCAATTGTGCCTGGT-1
train_NK_00292,NK,train,GAAGCAGTCGTAGGAG-1,TGGCCAGCATCCCACT-1
train_NK_00293,NK,train,AGCTCCTTCATGCAAC-1,CACAGGCTCACAGTAC-1
train_NK_00294,NK,train,TAAGCGTCAGAGTGTG-1,TTTGGTTGTAGTACCT-1
train_NK_00295,NK,train,GGACAAGAGCGAAGGG-1,AAGGTTCGTTGTCGCG-1
train_NK_00296,NK,train,CATCCACCACAAGCCC-1,GCGCAACGTTCCTCCA-1
train_NK_00297,NK,train,CCCTCCTCATCGGACC-1,GGCCGATTCGCCAAAT-1
train_NK_00298,NK,train,CACAGTATCTTGTACT-1,GTGTGCGTCGCGCCAA-1
train_NK_00299,NK,train,CTCTACGCATCAGTAC-1,CCACCTAAGGCCCTTG-1
train_NK_00300,NK,train,TAGAGCTGTCCATCCT-1,ACGGGCTAGGCTAGAC-1
train_NK_00301,NK,train,TTCTCAAGTAGCGCTC-1,TTCGAAGAGTAGCCGA-1
train_NK_00302,NK,train,CTACGTCGTTCAACCA-1,GATGAGGCACCAACCG-1
train_NK_00303,NK,train,TTCTACATCCACGACG-1,CAAGATCTCCACGACG-1
train_NK_00304,NK,train,GAAACTCCAAGTCATC-1,TTGACTTCATCTCCCA-1
train_NK_00305,NK,train,AGACGTTTCTGAGGGA-1,AGAATAGGTCATCGGC-1
train_NK_00306,NK,train,CGCCAAGTCAATAAGG-1,CCTATTACAGTCGATT-1
train_NK_00307,NK,train,TGTGTTTCACCTCGTT-1,ACTGAACGTTCCATGA-1
train_NK_00308,NK,train,TGCGCAGCACCACGTG-1,AACTCCCCATTCCTCG-1
train_NK_00309,NK,train,GCTGGGTAGGGTTTCT-1,TTTGCGCCAATACGCT-1
train_NK_00310,NK,train,TACAGTGCAAGTAGTA-1,GGAACTTAGTTCGATC-1
train_NK_00311,NK,train,GTAACGTCACAGCCCA-1,ATGGGAGCACCTGGTG-1
train_NK_00312,NK,train,TGACAACCACTGTCGG-1,ACGCCAGTCTGCTGCT-1
train_NK_00313,NK,train,AGCATACGTCAAAGCG-1,AGCTCCTAGCTAAACA-1
train_NK_00314,NK,train,ACGGGTCTCTTAACCT-1,GGGACCTTCTACCTGC-1
train_NK_00315,NK,train,AAGTCTGTCTGTCTCG-1,GCATGCGAGCTATGCT-1
train_NK_00316,NK,train,TGAGGGAGTATGAATG-1,GTAGTCACACTATCTT-1
train_NK_00317,NK,train,ACACTGACAATGGATA-1,GCTCTGTTCAGTGTTG-1
train_NK_00318,NK,train,CTCATTAAGGAGCGAG-1,TTCGAAGAGTAGCCGA-1
train_NK_00319,NK,train,ACTGAGTTCGCACTCT-1,TGGACGCCATAGGATA-1
train_NK_00320,NK,train,TTCTACATCCACGACG-1,TACTCATTCTGAGGGA-1
train_NK_00321,NK,train,GTCACGGTCAGGTAAA-1,TGACGGCTCGGCCGAT-1
train_NK_00322,NK,train,ACACCCTTCAAGGTAA-1,TACTCATTCTGAGGGA-1
train_NK_00323,NK,train,CAGCCGATCGGAGGTA-1,CATCCACCACGGCTAC-1
train_NK_00324,NK,train,AGCGGTCAGCGATATA-1,CCAATCCTCACCAGGC-1
train_NK_00325,NK,train,TATTACCGTGACAAAT-1,GATGAGGCACCAACCG-1
train_NK_00326,NK,train,AGCATACTCGTTACAG-1,TGAAAGACAGCCACCA-1
train_NK_00327,NK,train,GGGCACTAGCCCAATT-1,TGAGGGAAGACAGACC-1
train_NK_00328,NK,train,ACACCCTTCAAGGTAA-1,ACCTTTAGTGCAACGA-1
train_NK_00329,NK,train,GTGCTTCGTCACTTCC-1,AGCGTATTCCCAGGTG-1
train_NK_00330,NK,train,TAGTGGTCAGCCAGAA-1,CTTACCGCAGTCTTCC-1
train_NK_00331,NK,train,TGACGGCGTTCAGTAC-1,CGCTATCTCAGATAAG-1
train_NK_00332,NK,train,ACGGAGAAGGCGATAC-1,GGCGACTCATCACAAC-1
train_NK_00333,NK,train,GGGATGACAGGTCTCG-1,TCAGGATAGTACGCGA-1
train_NK_00334,NK,train,GTTCGGGGTTCGTGAT-1,AACCATGGTCTAGTGT-1
train_NK_00335,NK,train,AGTGTCACACCTCGTT-1,CTAGAGTGTAGGGTAC-1
train_NK_00336,NK,train,AGGGTGATCCGAAGAG-1,CGAGCCACAAGAGTCG-1
train_NK_00337,NK,train,CGTAGGCTCAGGATCT-1,ACTGCTCTCACCGTAA-1
train_NK_00338,NK,train,TACCTTATCACCACCT-1,TTAGTTCGTATTCGTG-1
train_NK_00339,NK,train,CGAGAAGTCCCTTGCA-1,GAACATCGTTCTGTTT-1
train_NK_00340,NK,train,GGACGTCTCAGCACAT-1,TGACGGCCAGGATTGG-1
train_NK_00341,NK,train,CCTAGCTGTGTCAATC-1,AATCGGTTCACATACG-1
train_NK_00342,NK,train,GTGGGTCGTGCACCAC-1,GCAATCAAGGAGTACC-1
train_NK_00343,NK,train,ACATACGTCTTAACCT-1,AATCGGTTCACATACG-1
train_NK_00344,NK,train,GTCCTCATCACCTTAT-1,CATTATCAGGTGCACA-1
train_NK_00345,NK,train,GTTCGGGGTTCGTGAT-1,TTGGAACGTTCTCATT-1
train_NK_00346,NK,train,ATCATCTTCACAACGT-1,TGATTTCAGTGTGGCA-1
train_NK_00347,NK,train,CACACAAAGAAGGCCT-1,GTGGGTCGTTCGTGAT-1
train_NK_00348,NK,train,CGCGGTAGTCAATGTC-1,TGCCCATGTCGAACAG-1
train_NK_00349,NK,train,CAGATCAAGCGATGAC-1,GTGGGTCGTTCGTGAT-1
train_NK_00350,NK,train,AAGTCTGTCTGTCTCG-1,TGAGCCGTCGCATGGC-1
train_NK_00351,NK,train,GCTCTGTCACATGTGT-1,TCAATCTTCCTGCAGG-1
train_NK_00352,NK,train,TGAGGGAGTATGAATG-1,GTCACAACACATCCGG-1
train_NK_00353,NK,train,GATGAGGTCACTATTC-1,GTTTCTACAGGATTGG-1
train_NK_00354,NK,train,GAGGTGAGTCTCGTTC-1,TTGGAACAGAGACTAT-1
train_NK_00355,NK,train,GCGAGAAGTTCACCTC-1,GGACAAGAGTCATCCA-1
train_NK_00356,NK,train,GTAGTCAGTCAACTGT-1,GTGGGTCGTTCGTGAT-1
train_NK_00357,NK,train,CCAGCGAGTAATAGCA-1,GACGGCTTCTCTGCTG-1
train_NK_00358,NK,train,AGAATAGTCCGTAGGC-1,TCAACGATCCGCGTTT-1
train_NK_00359,NK,train,CCATGTCTCATATCGG-1,GCATACACACCAGATT-1
train_NK_00360,NK,train,GCAATCAAGGTGCACA-1,GGACAAGCACCGTTGG-1
train_NK_00361,NK,train,CTAATGGAGCTAGTTC-1,AGGGATGCAATGGACG-1
train_NK_00362,NK,train,ACGTCAACAAGTTAAG-1,AAGTCTGTCTTGAGGT-1
train_NK_00363,NK,train,TTGGAACAGTGAATTG-1,GTGTGCGAGAGGGATA-1
train_NK_00364,NK,train,CAGTAACCATTGGGCC-1,TGACAACAGAATTGTG-1
train_NK_00365,NK,train,CTACACCTCGGCGCAT-1,GTCCTCAGTTCGTCTC-1
train_NK_00366,NK,train,GCACTCTCATTAGGCT-1,TTCGAAGAGTAGCCGA-1
train_NK_00367,NK,train,CTAATGGGTCCTCTTG-1,AGGGATGAGTGGACGT-1
train_NK_00368,NK,train,GGAACTTTCTTGAGGT-1,GCATGCGCAAGAAGAG-1
train_NK_00369,NK,train,CTCACACAGATATGCA-1,CGATGGCGTAGTACCT-1
train_NK_00370,NK,train,TCATTACGTCAAAGAT-1,CGGACACTCCCTTGCA-1
train_NK_00371,NK,train,ACCGTAAGTAGCCTAT-1,AAATGCCGTGCGGTAA-1
train_NK_00372,NK,train,CGAACATAGCCACGTC-1,TGGCCAGTCAATACCG-1
train_NK_00373,NK,train,CACACCTAGACCACGA-1,AAGCCGCTCTTCGAGA-1
train_NK_00374,NK,train,CTAGTGATCAGCGACC-1,AGGGTGAAGTATGACA-1
train_NK_00375,NK,train,CGCCAAGTCAATAAGG-1,ACGGGCTAGGCTAGAC-1
train_NK_00376,NK,train,TGCCCATAGTCGATAA-1,CTCTAATAGCCCTAAT-1
train_NK_00377,NK,train,TTCTCAAGTAGCGCTC-1,TGAGGGAAGACAGACC-1
train_NK_00378,NK,train,GATCGATCATTCACTT-1,TTGACTTTCCAGTAGT-1
train_NK_00379,NK,train,TTCGAAGGTCGCGAAA-1,GACGTTAAGTTAGCGG-1
train_NK_00380,NK,train,CGAGCCACAACTTGAC-1,TTTATGCAGCCGATTT-1
train_NK_00381,NK,train,TTTATGCAGACATAAC-1,TACAGTGCAAATTGCC-1
train_NK_00382,NK,train,TGACTTTGTGAGTGAC-1,AAGTCTGGTCTGATTG-1
train_NK_00383,NK,train,CACACTCAGCTAACTC-1,AGCTCTCAGACTTTCG-1
train_NK_00384,NK,train,AGCTCTCTCATAACCG-1,TAGTTGGGTCTCTCTG-1
train_NK_00385,NK,train,TGGTTAGTCATGCAAC-1,CGCTTCACACTATCTT-1
train_NK_00386,NK,train,TCAACGATCTTGACGA-1,TCAACGATCCGCGTTT-1
train_NK_00387,NK,train,CCACCTAAGGCTCATT-1,TTTGGTTGTAGTACCT-1
train_NK_00388,NK,train,CATATGGCAATAGCGG-1,ACGGCCATCGATAGAA-1
train_NK_00389,NK,train,GGCAATTGTCAACATC-1,TCAGGATAGTACGCGA-1
train_NK_00390,NK,train,GGCTCGAGTGTCTGAT-1,ACACCGGAGAAAGTGG-1
train_NK_00391,NK,train,CTCAGAACATACTACG-1,TGCCAAACAGGCTGAA-1
train_NK_00392,NK,train,TAGAGCTAGGGTTTCT-1,AGATTGCTCACTTACT-1
train_NK_00393,NK,train,CACAGTACAGTATCTG-1,CTCTAATTCGGCATCG-1
train_NK_00394,NK,train,GCAGCCATCACTATTC-1,CATGACAAGATGTGTA-1
train_NK_00395,NK,train,TTAGTTCGTCCATGAT-1,CTCGGGACAAGCGAGT-1
train_NK_00396,NK,train,ACTTGTTGTGCACCAC-1,CAGCCGACAGTTAACC-1
train_NK_00397,NK,train,GTGCTTCGTCACTTCC-1,GGACATTCAGTATCTG-1
train_NK_00398,NK,train,TGCTACCGTCTTGATG-1,TTAGTTCGTATTCGTG-1
train_NK_00399,NK,train,CGTTGGGCAAGGGTCA-1,CAGTAACTCGTACGGC-1
train_NK_00400,NK,train,AGTGGGAAGGGATGGG-1,GGCTGGTTCCAAAGTC-1
train_NK_00401,NK,train,TTTCCTCTCGGAAATA-1,CTCGTCATCTCGTTTA-1
train_NK_00402,NK,train,GGCCGATAGCGCCTCA-1,TGCACCTCAGCCAGAA-1
train_NK_00403,NK,train,CCTTACGCAAGCTGGA-1,TAAGAGACACCTATCC-1
train_NK_00404,NK,train,CTCCTAGAGGGTCGAT-1,ACGAGGATCTGAAAGA-1
train_NK_00405,NK,train,GCGCAACCACTTACGA-1,CATGACAAGATGTGTA-1
train_NK_00406,NK,train,ATGCGATTCTCCCTGA-1,CGACTTCCAAAGCGGT-1
train_NK_00407,NK,train,CTCCTAGGTGCACCAC-1,ATTTCTGTCGTATCAG-1
train_NK_00408,NK,train,CTACGTCGTAGATTAG-1,CTCGGGACAAGCGAGT-1
train_NK_00409,NK,train,TAAGCGTCAGAGTGTG-1,ACATCAGTCCGAACGC-1
train_NK_00410,NK,train,ACTGAGTTCGCACTCT-1,ATCATGGGTTAAGTAG-1
train_NK_00411,NK,train,GTGCATAGTAAATGTG-1,GAAGCAGTCGGCTACG-1
train_NK_00412,NK,train,CTCTGGTAGCTAACAA-1,AAGCCGCAGATGTAAC-1
train_NK_00413,NK,train,CTCCTAGGTGCACCAC-1,CCTTACGCAACTGCGC-1
train_NK_00414,NK,train,CTCGAAAGTCCATCCT-1,TTATGCTAGTTAGGTA-1
train_NK_00415,NK,train,ATGTGTGAGACAGACC-1,TTTATGCCAGCTGCAC-1
train_NK_00416,NK,train,AAGCCGCAGCACCGCT-1,GATCTAGCAGCCTATA-1
train_NK_00417,NK,train,CATCCACCACAAGCCC-1,GCTTCCATCTTGTTTG-1
train_NK_00418,NK,train,TACAGTGCAAGTAGTA-1,TTCGAAGAGTAGCCGA-1
train_NK_00419,NK,train,TGCCCTATCGCAGGCT-1,AGCATACAGGCATGTG-1
train_NK_00420,NK,train,TCATTACGTCAAAGAT-1,AAGCCGCAGGCCCTCA-1
train_NK_00421,NK,train,ACGAGCCAGATGGCGT-1,CCCAATCAGGTGACCA-1
train_NK_00422,NK,train,GATGAGGTCACTATTC-1,AGAGTGGTCTTACCGC-1
train_NK_00423,NK,train,CTACGTCCAATGGATA-1,TAAGCGTTCAGCGATT-1
train_NK_00424,NK,train,TTCTCCTGTCATTAGC-1,CGATTGATCAGTCCCT-1
train_NK_00425,NK,train,CCATGTCTCATATCGG-1,ATCATGGGTTAAGTAG-1
train_NK_00426,NK,train,TCATTACAGTCAAGCG-1,AGCTCCTAGCTAAACA-1
train_NK_00427,NK,train,GCGCAACGTAGCGTAG-1,GATCTAGCAGCCTATA-1
train_NK_00428,NK,train,TTAGTTCGTCCATGAT-1,AGCATACAGGCATGTG-1
train_NK_00429,NK,train,CAGCTAAGTACAAGTA-1,CTCTGGTAGTGAATTG-1
train_NK_00430,NK,train,GCTTGAAAGTGGTAAT-1,ACGGGTCAGCAATATG-1
train_NK_00431,NK,train,TGACGGCCATGCCTAA-1,AGATTGCCACGTTGGC-1
train_NK_00432,NK,train,ATTACTCTCTTGCCGT-1,CCTTACGCAACTGCGC-1
train_NK_00433,NK,train,CCATGTCTCTGGCGAC-1,CATCAAGGTCCTCCAT-1
train_NK_00434,NK,train,GTGCTTCGTCACTTCC-1,ACTGATGCATCCGGGT-1
train_NK_00435,NK,train,CATCGAACATTGGGCC-1,CATCGAACATAAGACA-1
train_NK_00436,NK,train,ACTGAGTTCGCACTCT-1,TGAGAGGGTCGTTGTA-1
train_NK_00437,NK,train,CGATGTAAGCCAGTTT-1,GCCAAATCACCAGGCT-1
train_NK_00438,NK,train,TACTTGTAGTACGCCC-1,TTGACTTTCCAGTAGT-1
train_NK_00439,NK,train,TATCTCAGTCGACTAT-1,GGACATTGTTCCTCCA-1
train_NK_00440,NK,train,CAGCCGAGTACCTACA-1,CACACCTCAGTAAGCG-1
train_NK_00441,NK,train,GCACTCTCATTAGGCT-1,GCTTCCATCTTGTTTG-1
train_NK_00442,NK,train,GCTCTGTCACATGTGT-1,GCATGCGGTTCACGGC-1
train_NK_00443,NK,train,CAGCCGATCGGAGGTA-1,TTTGGTTGTAGTACCT-1
train_NK_00444,NK,train,GAACCTATCTGAAAGA-1,TCGAGGCCACATGGGA-1
train_NK_00445,NK,train,CTCCTAGGTGCACCAC-1,CGAGCCACAAGAGTCG-1
train_NK_00446,NK,train,ACACTGAGTTACGGAG-1,CTCTAATTCGGCATCG-1
train_NK_00447,NK,train,GCAATCAAGCAGCGTA-1,ATCGAGTCAAAGCGGT-1
train_NK_00448,NK,train,CGCCAAGTCAATAAGG-1,AGGCCGTCAAACGTGG-1
train_NK_00449,NK,train,AGCGTATTCCCAAGTA-1,TGAGGGAAGACAGACC-1
train_NK_00450,NK,train,TGTTCCGTCATGCATG-1,GACGGCTTCTCTGCTG-1
train_NK_00451,NK,train,TGTCCCACAGTCGTGC-1,CATCCACCACGGCTAC-1
train_NK_00452,NK,train,ACATCAGTCGCACTCT-1,AGGCCGTTCAGAGACG-1
train_NK_00453,NK,train,TCATTTGCAATCTACG-1,CAGTAACTCGTACGGC-1
train_NK_00454,NK,train,GTAGTCACAGTCTTCC-1,GACTGCGTCTACTCAT-1
train_NK_00455,NK,train,ACATGGTGTCATTAGC-1,GTCATTTAGTCTTGCA-1
train_NK_00456,NK,train,TGCCCATAGGAATCGC-1,GAAATGACATCTCGCT-1
train_NK_00457,NK,train,AATCGGTCATGCAATC-1,CGATTGAAGACTCGGA-1
train_NK_00458,NK,train,AAGGTTCAGTCGAGTG-1,TAGGCATAGAGACGAA-1
train_NK_00459,NK,train,TCAGGATGTGATGTGG-1,ATCATCTGTAAACGCG-1
train_NK_00460,NK,train,GACTGCGGTTGTGGAG-1,CAGTAACAGAGAGCTC-1
train_NK_00461,NK,train,GACTACAGTGCCTGGT-1,CGGACACTCCCTTGCA-1
train_NK_00462,NK,train,ATGCGATTCTCCCTGA-1,TAGCCGGAGACCACGA-1
train_NK_00463,NK,train,TCAACGATCTTGACGA-1,CCTCTGACAGCTGTAT-1
train_NK_00464,NK,train,GTGTTAGCATTACGAC-1,GATCTAGAGGACTGGT-1
train_NK_00465,NK,train,AGTGGGAAGGGATGGG-1,TGACGGCCACGGATAG-1
train_NK_00466,NK,train,AATCGGTCATGCAATC-1,GGCCGATTCGCCAAAT-1
train_NK_00467,NK,train,AATCGGTCATGCAATC-1,TCATTTGCAGACGTAG-1
train_NK_00468,NK,train,GAAATGATCATAACCG-1,CATCAAGGTCCTCCAT-1
train_NK_00469,NK,train,CTACGTCGTTCAACCA-1,CGGAGTCCATGAAGTA-1
train_NK_00470,NK,train,CCACCTAAGGCTCATT-1,TCGTACCTCATGTGGT-1
train_NK_00471,NK,train,ACTGAACTCAAGGCTT-1,CAAGAAACACCCTATC-1
train_NK_00472,NK,train,CCTTCCCTCAACACAC-1,GAAATGACATCTCGCT-1
train_NK_00473,NK,train,TATGCCCGTCTTGCGG-1,ACGGCCAAGTAGTGCG-1
train_NK_00474,NK,train,AGTGGGAAGGGATGGG-1,AAGCCGCAGATGTAAC-1
train_NK_00475,NK,train,GAACGGAAGACTAAGT-1,GAACCTACACTAAGTC-1
train_NK_00476,NK,train,GGTGAAGGTCGAATCT-1,GGTGTTACACGGTGTC-1
train_NK_00477,NK,train,ACGATACAGTCGATAA-1,ACATCAGTCCGAACGC-1
train_NK_00478,NK,train,GATGAAAAGAACAACT-1,TGGCTGGGTATATCCG-1
train_NK_00479,NK,train,TGAGCATGTATATGAG-1,AGAATAGAGTAGCCGA-1
train_NK_00480,NK,train,GTAGTCAAGTAATCCC-1,CTCTAATAGCCCTAAT-1
train_NK_00481,NK,train,ACCAGTACACATCCAA-1,AGGGATGAGTGGACGT-1
train_NK_00482,NK,train,ACGGAGAAGGCGATAC-1,ATTTCTGTCGTATCAG-1
train_NK_00483,NK,train,TCTTCGGTCAACGGCC-1,TGAGAGGGTCGTTGTA-1
train_NK_00484,NK,train,TACCTTATCACCACCT-1,TGAGGGAAGACAGACC-1
train_NK_00485,NK,train,AGGCCGTGTCGAACAG-1,AGATTGCCACGTTGGC-1
train_NK_00486,NK,train,ATCATCTTCACAACGT-1,CAACCTCAGGTAGCCA-1
train_NK_00487,NK,train,AGTAGTCTCGCGATCG-1,AGGGATGAGGAGTACC-1
train_NK_00488,NK,train,CGCTGGACAGGAATGC-1,AGCGGTCGTCTCCATC-1
train_NK_00489,NK,train,GGGATGACAGGTCTCG-1,CATCCACCACGGCTAC-1
train_NK_00490,NK,train,GTATCTTCATGCCCGA-1,TGGACGCCATAGGATA-1
train_NK_00491,NK,train,GGCCGATAGCGCCTCA-1,GACCAATTCGTCTGAA-1
train_NK_00492,NK,train,ACTGATGAGAGTTGGC-1,GTGAAGGGTCCAGTGC-1
train_NK_00493,NK,train,GTCACAATCTCCGGTT-1,GCCAAATCACCAGGCT-1
train_NK_00494,NK,train,TCAGGATGTGATGTGG-1,GCACTCTAGAGCAATT-1
train_NK_00495,NK,train,AACTTTCTCCGCGCAA-1,AGCATACTCTTCGAGA-1
train_NK_00496,NK,train,TGGCCAGCATCGTCGG-1,TGTATTCGTAATCACC-1
train_NK_00497,NK,train,CATCCACCACAAGCCC-1,CCTCTGACAGCTGTAT-1
train_NK_00498,NK,train,ATCCGAATCCATGAAC-1,TGGCCAGGTGGTTTCA-1
train_NK_00499,NK,train,GCAATCAGTCTTCGTC-1,GTACGTACACATGGGA-1
train_NK_00500,NK,train,GTTCATTGTTAGATGA-1,GCTTCCACATCCCACT-1
train_NK_00501,NK,train,GTTCGGGGTTCGTGAT-1,TATGCCCAGTACGTAA-1
train_NK_00502,NK,train,GCTCTGTGTGTGGCTC-1,GTGGGTCTCACGAAGG-1
train_NK_00503,NK,train,GGATTACAGTACATGA-1,AAACCTGTCTGGAGCC-1
train_NK_00504,NK,train,TGTCCCACAGTCGTGC-1,TTTATGCCAGCTGCAC-1
train_NK_00505,NK,train,AAAGTAGGTAATAGCA-1,CAGTAACTCGTACGGC-1
train_NK_00506,NK,train,ACGAGGATCTTTAGTC-1,CGCTTCATCGAGAACG-1
train_NK_00507,NK,train,TCAACGATCTTGACGA-1,TTAGGCACAAACGTGG-1
train_NK_00508,NK,train,ACGGGTCTCTTAACCT-1,GAAACTCAGGTCATCT-1
train_NK_00509,NK,train,CTTTGCGGTCAGAATA-1,ACAGCCGGTACAGCAG-1
train_NK_00510,NK,train,TCAGCAAAGGTGCTAG-1,GATGAAACAGGATCGA-1
train_NK_00511,NK,train,GCAGCCATCACTATTC-1,CTGCCTATCTATCCCG-1
train_NK_00512,NK,train,AGCAGCCCAAGCCCAC-1,TCGGTAATCATACGGT-1
train_NK_00513,NK,train,TACCTATGTTGAGTTC-1,GTACTTTTCTAGCACA-1
train_NK_00514,NK,train,ACCGTAAGTAGCCTAT-1,GAATGAATCACATACG-1
train_NK_00515,NK,train,CTCCTAGGTGTTCTTT-1,GAGTCCGTCGCTGATA-1
train_NK_00516,NK,train,ACTGAACTCAAGGCTT-1,CAGAGAGCACAACGCC-1
train_NK_00517,NK,train,GACCTGGAGCTTTGGT-1,GCATGCGGTTCACGGC-1
train_NK_00518,NK,train,GCCAAATAGACCCACC-1,CGCTATCTCAGATAAG-1
train_NK_00519,NK,train,CGAGCCACACCAACCG-1,AGATTGCTCACTTACT-1
train_NK_00520,NK,train,GTGCATAGTAAATGTG-1,TGGCCAGGTGGTTTCA-1
train_NK_00521,NK,train,GTATCTTCATGCCCGA-1,TCAGGATAGTACGCGA-1
train_NK_00522,NK,train,GCGCCAACATTGTGCA-1,CGCTTCACACTATCTT-1
train_NK_00523,NK,train,TGAGAGGCATTGGGCC-1,TGACGGCTCGGCCGAT-1
train_NK_00524,NK,train,GCAATCAAGCAGCGTA-1,TGACGGCGTCATCGGC-1
train_NK_00525,NK,train,CTCATTAAGGAGCGAG-1,CTACGTCTCAGTACGT-1
train_NK_00526,NK,train,TACCTTATCACCACCT-1,CATCGAAAGTTGAGAT-1
train_NK_00527,NK,train,CTAATGGAGCTAGTTC-1,AGCGTATTCCCAGGTG-1
train_NK_00528,NK,train,CTGATAGAGGGAGTAA-1,ACACCAAAGTCCGTAT-1
train_NK_00529,NK,train,ACACTGACAATGGATA-1,CACAGTAAGGACAGCT-1
train_NK_00530,NK,train,GCGCAACGTAGCGTAG-1,CGGACACTCGAGAGCA-1
train_NK_00531,NK,train,AAGCCGCGTGAGTATA-1,CTAGAGTGTAGGGTAC-1
train_NK_00532,NK,train,CTAATGGCAGCATGAG-1,TGGCTGGGTATATCCG-1
train_NK_00533,NK,train,GTCACGGTCCAGAAGG-1,GTACTTTTCTGTCCGT-1
train_NK_00534,NK,train,TCATTACGTCAAAGAT-1,TCATTTGGTCTCTTAT-1
train_NK_00535,NK,train,CGTCTACGTCCCTTGT-1,GAACATCGTTCTGTTT-1
train_NK_00536,NK,train,GCTGCAGCAATCGAAA-1,AGGGATGAGGAGTACC-1
train_NK_00537,NK,train,TCCACACCAGGAATGC-1,TGGTTCCGTTGTCGCG-1
train_NK_00538,NK,train,ACACCCTTCAAGGTAA-1,AACCATGAGGACGAAA-1
train_NK_00539,NK,train,AGTAGTCTCGCGATCG-1,TTTATGCAGCCGATTT-1
train_NK_00540,NK,train,GATCGTACACACCGAC-1,ACGCAGCAGTGTTTGC-1
train_NK_00541,NK,train,GTATCTTCAGATTGCT-1,CGTCACTGTTCGAATC-1
train_NK_00542,NK,train,GGGCACTAGCCCAATT-1,GAAATGAGTAGCCTAT-1
train_NK_00543,NK,train,TGTGTTTAGCTGATAA-1,ATCATCTGTAAACGCG-1
train_NK_00544,NK,train,TCCCGATCACGACTCG-1,GGCGACTCATCACAAC-1
train_NK_00545,NK,train,GCCTCTAGTGCCTGGT-1,GTACTTTTCTGTCCGT-1
train_NK_00546,NK,train,GCGAGAAGTTCACCTC-1,GTGTGCGTCGCGCCAA-1
train_NK_00547,NK,train,AGGGTGATCCGAAGAG-1,GAATAAGCACCTGGTG-1
train_NK_00548,NK,train,CGATGTAAGCCAGTTT-1,ATCACGAAGTTAGCGG-1
train_NK_00549,NK,train,CTGTGCTAGGCGTACA-1,GCTCTGTTCAGTGTTG-1
train_NK_00550,NK,train,CCTCAGTGTTTGTGTG-1,GGACAAGGTACTCTCC-1
train_NK_00551,NK,train,ACTTGTTGTGCACCAC-1,AGGGATGCAATGGACG-1
train_NK_00552,NK,train,CGTGAGCCAGTCCTTC-1,CCTCTGACAGCTGTAT-1
train_NK_00553,NK,train,TCGGTAATCGGTCTAA-1,TGGCCAGTCAATACCG-1
train_NK_00554,NK,train,TTTCCTCTCGGAAATA-1,TCAGCTCGTCTGATTG-1
train_NK_00555,NK,train,CACACCTAGACCACGA-1,TCAGGTACAATAACGA-1
train_NK_00556,NK,train,ACGCCGAAGGAGTTTA-1,GCAATCAAGGAGTACC-1
train_NK_00557,NK,train,TGTTCCGTCATGCATG-1,TGCGTGGGTCCATCCT-1
train_NK_00558,NK,train,TGTGTTTTCTCTGTCG-1,CACATAGAGTGGGATC-1
train_NK_00559,NK,train,GGGATGACAGGTCTCG-1,TGTTCCGTCTCCAACC-1
train_NK_00560,NK,train,ACGAGGAAGCGTCAAG-1,AAGCCGCAGATGTAAC-1
train_NK_00561,NK,train,GTTCTCGCACTATCTT-1,TTAGGACAGTCGTTTG-1
train_NK_00562,NK,train,CCGTGGACACATGACT-1,GACTGCGGTGCAACTT-1
train_NK_00563,NK,train,AGGGAGTGTTGCCTCT-1,CGTGTCTTCTTTACGT-1
train_NK_00564,NK,train,TCGGTAATCCGGGTGT-1,ACACCGGAGAAAGTGG-1
train_NK_00565,NK,train,GAACATCTCCGCGCAA-1,CGAGCCACAAGAGTCG-1
train_NK_00566,NK,train,GCACTCTCATTAGGCT-1,TGGTTAGCACCACCAG-1
train_NK_00567,NK,train,GAAATGATCATAACCG-1,TCAACGACATCATCCC-1
train_NK_00568,NK,train,GTAACGTCACAGCCCA-1,CCGGTAGAGTAGATGT-1
train_NK_00569,NK,train,ACGGGTCTCTTAACCT-1,GCCAAATCACCAGGCT-1
train_NK_00570,NK,train,AAGCCGCGTGAGTATA-1,GAAACTCTCCTCGCAT-1
train_NK_00571,NK,train,TCGGGACGTCACCCAG-1,GTCACAACACATCCGG-1
train_NK_00572,NK,train,CGAGCCACACCAACCG-1,GGACAAGGTACTCTCC-1
train_NK_00573,NK,train,AGTTGGTTCTGTGCAA-1,CCCAATCAGGTGACCA-1
train_NK_00574,NK,train,GCAGCCATCACTATTC-1,GTGGGTCAGCCAGGAT-1
train_NK_00575,NK,train,AATCGGTCATGCAATC-1,AGATTGCCACGTTGGC-1
train_NK_00576,NK,train,AAGTCTGTCTGTCTCG-1,CTTACCGCATGTTCCC-1
train_NK_00577,NK,train,CCTAAAGTCCTTTCGG-1,TGGCCAGGTGGTTTCA-1
train_NK_00578,NK,train,ATGCGATAGACATAAC-1,AACTTTCAGCGCCTTG-1
train_NK_00579,NK,train,GCTCTGTCACATGTGT-1,AAGGTTCGTTGTCGCG-1
train_NK_00580,NK,train,AGTGTCACACCTCGTT-1,CGTTAGACACGAGGTA-1
train_NK_00581,NK,train,GTAGGCCGTCCCTACT-1,GGCAATTGTGCCTGGT-1
train_NK_00582,NK,train,TCATTTGCAATCTACG-1,CCTTACGCAACTGCGC-1
train_NK_00583,NK,train,CCTTCCCGTACTCAAC-1,ATTTCTGTCGTATCAG-1
train_NK_00584,NK,train,AGGCCGTGTCGAACAG-1,TCAACGATCCGCGTTT-1
train_NK_00585,NK,train,CGAGAAGTCCCTTGCA-1,TGTGGTACAATGGTCT-1
train_NK_00586,NK,train,TAGAGCTGTCCATCCT-1,CCTCTGACAGCTGTAT-1
train_NK_00587,NK,train,TGTGTTTTCTCTGTCG-1,AGAATAGGTTCGTTGA-1
train_NK_00588,NK,train,CTCTAATTCCAGATCA-1,TGATTTCAGTGTGGCA-1
train_NK_00589,NK,train,CATCCACCACAAGCCC-1,TACTCATTCATACGGT-1
train_NK_00590,NK,train,TGGCGCAGTTCGGCAC-1,ACTGCTCAGAGAACAG-1
train_NK_00591,NK,train,CATCAGAGTCTCTCGT-1,GGAATAATCCTCCTAG-1
train_NK_00592,NK,train,ACGAGCCAGATGGCGT-1,TACTCATTCATACGGT-1
train_NK_00593,NK,train,CGTGTCTCAAACGCGA-1,ACACCGGAGAAAGTGG-1
train_NK_00594,NK,train,CTCACACCAGTAAGAT-1,GCCAAATCACCCAGTG-1
train_NK_00595,NK,train,TCGGTAATCGGTCTAA-1,CGGACACTCCCTTGCA-1
train_NK_00596,NK,train,CCTAAAGTCCTTTCGG-1,TGGCTGGGTATATCCG-1
train_NK_00597,NK,train,AGATCTGCACGACTCG-1,TGGACGCCATAGGATA-1
train_NK_00598,NK,train,TGAGCATCACAGGTTT-1,CGGACGTTCGCATGGC-1
train_NK_00599,NK,train,TCAACGATCTTGACGA-1,GACTGCGTCTACTCAT-1
train_NK_00600,NK,train,TCGCGAGCACACTGCG-1,GTCCTCAGTTCGTCTC-1
train_NK_00601,NK,train,TGCCCATAGGAATCGC-1,TGACGGCCAGGATTGG-1
train_NK_00602,NK,train,AGTAGTCTCGCGATCG-1,CGACTTCGTCATGCAT-1
train_NK_00603,NK,train,AGTGTCAGTTTGGCGC-1,AACACGTCAATGGTCT-1
train_NK_00604,NK,train,GCAGCCATCACTATTC-1,GTAGTCAAGGAATCGC-1
train_NK_00605,NK,train,GGATTACCACCTCGTT-1,TAGGCATAGAGACGAA-1
train_NK_00606,NK,train,CTCCTAGGTGTTCTTT-1,GGACATTCAGTATCTG-1
train_NK_00607,NK,train,TATCTCAGTCGACTAT-1,TCAACGACATCATCCC-1
train_NK_00608,NK,train,CTCGAAAGTCCATCCT-1,CATCAAGGTCCTCCAT-1
train_NK_00609,NK,train,GTATCTTCATGCCCGA-1,AGGGATGAGGAGTACC-1
train_NK_00610,NK,train,GCGAGAAGTTCACCTC-1,ATCGAGTTCGCAGGCT-1
train_NK_00611,NK,train,CTGGTCTAGTGCGTGA-1,ACGGGTCAGCAATATG-1
train_NK_00612,NK,train,TTAGGCAAGACTCGGA-1,CACACCTAGGCTCTTA-1
train_NK_00613,NK,train,CGTTGGGCACCCTATC-1,TAGAGCTCAGATGAGC-1
train_NK_00614,NK,train,CTGTGCTCAATGGATA-1,CAGCCGAAGGATCGCA-1
train_NK_00615,NK,train,CATTCGCCAGTCACTA-1,CAGAGAGCACAACGCC-1
train_NK_00616,NK,train,CACTCCAGTTAAGTAG-1,GACGTGCAGGCAGGTT-1
train_NK_00617,NK,train,CTACGTCAGCCAGTAG-1,AACTTTCAGCGCCTTG-1
train_NK_00618,NK,train,TGCGCAGCACCACGTG-1,CGTGAGCTCTTGAGGT-1
train_NK_00619,NK,train,AAGCCGCAGCACCGCT-1,AGGGTGAAGTATGACA-1
train_NK_00620,NK,train,TTTATGCAGTTGTAGA-1,GTGGGTCTCACGAAGG-1
train_NK_00621,NK,train,GACTAACTCCAGTATG-1,TTTATGCCAGCTGCAC-1
train_NK_00622,NK,train,GAGGTGAGTCTCGTTC-1,TTGGAACAGAGACTAT-1
train_NK_00623,NK,train,TCTTTCCAGCCCAGCT-1,TGAAAGACAGCCACCA-1
train_NK_00624,NK,train,AAGCCGCGTGAGTATA-1,TAGGCATAGAGACGAA-1
train_NK_00625,NK,train,GTCACAATCTCCGGTT-1,GTCATTTAGTCTTGCA-1
train_NK_00626,NK,train,GCTGGGTCACCCTATC-1,TGGTTAGTCCGATATG-1
train_NK_00627,NK,train,CGATGTAAGCCAGTTT-1,AGCATACCAATCGGTT-1
train_NK_00628,NK,train,CAACTAGCAAACAACA-1,GGCAATTGTGCCTGGT-1
train_NK_00629,NK,train,GCTTCCAAGGCAGGTT-1,GTCATTTGTCTAAACC-1
train_NK_00630,NK,train,ATTACTCTCATCGCTC-1,CTCTAATAGCCCTAAT-1
train_NK_00631,NK,train,ACTTGTTGTGCACCAC-1,TTTCCTCAGGGATACC-1
train_NK_00632,NK,train,CTTCTCTTCGGAGGTA-1,ACATCAGTCCGAACGC-1
train_NK_00633,NK,train,CGTAGGCCAAGCCATT-1,AGCGGTCGTCTCCATC-1
train_NK_00634,NK,train,GGGCACTGTTAGGGTG-1,TGCCAAACAGGCTGAA-1
train_NK_00635,NK,train,GTCCTCACACAAGCCC-1,GTACTTTTCAGAAATG-1
train_NK_00636,NK,train,CACAGTATCTTGTACT-1,GCATGCGAGCTATGCT-1
train_NK_00637,NK,train,TTAGGCAAGACTCGGA-1,ATGAGGGTCTTCAACT-1
train_NK_00638,NK,train,TGGTTAGTCATGCAAC-1,AGCTTGATCATCACCC-1
train_NK_00639,NK,train,TACCTATGTTGAGTTC-1,ACGGCCATCGATAGAA-1
train_NK_00640,NK,train,CCTAGCTGTGTCAATC-1,GCTGCAGAGTACGACG-1
train_NK_00641,NK,train,GAACATCTCCGCGCAA-1,TTTATGCCAGCTGCAC-1
train_NK_00642,NK,train,GTCACGGCACAGAGGT-1,CTCATTATCTTTAGGG-1
train_NK_00643,NK,train,TTCGAAGGTCGCGAAA-1,TTGCGTCAGCGGATCA-1
train_NK_00644,NK,train,CCGTACTCAGTATGCT-1,TGGTTAGTCCGATATG-1
train_NK_00645,NK,train,GATGAAATCTGCTTGC-1,AAACCTGTCTGGAGCC-1
train_NK_00646,NK,train,CGTGAGCGTATGCTTG-1,TAAGCGTTCAGCGATT-1
train_NK_00647,NK,train,CCTATTACAGCTGTTA-1,ACGGAGAAGGAATCGC-1
train_NK_00648,NK,train,TGGTTCCTCAATAAGG-1,GTAGTCAAGGAATCGC-1
train_NK_00649,NK,train,ATTTCTGTCCACTGGG-1,TCGTAGAAGGGTCGAT-1
train_NK_00650,NK,train,AGCTCTCTCATAACCG-1,CATCGAACATAAGACA-1
train_NK_00651,NK,train,ACGGGCTCAGTTAACC-1,AACACGTTCATCTGCC-1
train_NK_00652,NK,train,CTCTACGCATCAGTAC-1,TTAGTTCCATACTCTT-1
train_NK_00653,NK,train,TGTCCCACAGTCGTGC-1,ACGGAGAAGGAATCGC-1
train_NK_00654,NK,train,TGCCCTATCACATAGC-1,TTGACTTTCCAGTAGT-1
train_NK_00655,NK,train,CCTAAAGTCCTTTCGG-1,AAGGCAGGTTGAGTTC-1
train_NK_00656,NK,train,TCCCGATCACGACTCG-1,AAGCCGCAGGCCCTCA-1
train_NK_00657,NK,train,ATTGGTGAGTCAAGGC-1,ACGGGTCAGCAATATG-1
train_NK_00658,NK,train,CACAGTACAGTATCTG-1,AACTTTCAGCCTTGAT-1
train_NK_00659,NK,train,ACCGTAAGTAGCCTAT-1,AGCTCCTAGCTAAACA-1
train_NK_00660,NK,train,TGCCCATAGTCGATAA-1,GGGATGAGTAAGGATT-1
train_NK_00661,NK,train,CTCACACAGATATGCA-1,TGGCCAGGTGGTTTCA-1
train_NK_00662,NK,train,AGACGTTTCTGAGGGA-1,CGGTTAATCATGCTCC-1
train_NK_00663,NK,train,ACGGGCTTCCTACAGA-1,AGGGATGAGTGGACGT-1
train_NK_00664,NK,train,TCTTCGGTCAACGGCC-1,TATCTCACAAGGGTCA-1
train_NK_00665,NK,train,TGCGGGTAGAACTGTA-1,GACGTTAAGCGTGTCC-1
train_NK_00666,NK,train,TGTGTTTCACCTCGTT-1,CTAGTGATCCACGAAT-1
train_NK_00667,NK,train,TAGTGGTCAGCCAGAA-1,CGAGCCACAAGAGTCG-1
train_NK_00668,NK,train,CACAGTACAGTATCTG-1,CCAGCGATCGCTAGCG-1
train_NK_00669,NK,train,ATCCGAAAGATAGCAT-1,CAACCAACACATTAGC-1
train_NK_00670,NK,train,GTGCTTCGTCACTTCC-1,GTACGTAGTCACCCAG-1
train_NK_00671,NK,train,ACGGAGAAGGATGTAT-1,TACTCATTCATACGGT-1
train_NK_00672,NK,train,AGCAGCCTCAGTGTTG-1,GCTTGAATCTTCGAGA-1
train_NK_00673,NK,train,GTACTTTCACGAGGTA-1,CGACTTCCAAAGCGGT-1
train_NK_00674,NK,train,CTTTGCGCACGAAAGC-1,TGACGGCGTAGATTAG-1
train_NK_00675,NK,train,CCGTGGAGTCTCTCGT-1,GACGTTAAGCGTGTCC-1
train_NK_00676,NK,train,CGTTGGGCAAGGGTCA-1,TAGCCGGAGACCACGA-1
train_NK_00677,NK,train,TTGACTTGTACCGTTA-1,TTTATGCCAGCTGCAC-1
train_NK_00678,NK,train,CTCGAAAGTCCATCCT-1,AGGGATGAGGAGTACC-1
train_NK_00679,NK,train,AGTGTCATCCTGCCAT-1,GACTGCGGTGCAACTT-1
train_NK_00680,NK,train,GGGATGACAGGTCTCG-1,CGCGTTTTCCCTCAGT-1
train_NK_00681,NK,train,AGTGGGAAGGGATGGG-1,GGCTGGTGTTAGATGA-1
train_NK_00682,NK,train,GTAGTCAGTCAACTGT-1,ACGATGTAGCGTTGCC-1
train_NK_00683,NK,train,CCACCTAAGGCTCATT-1,TGAGGGAAGACAGACC-1
train_NK_00684,NK,train,GTGCTTCAGGGCACTA-1,GATCTAGAGGACTGGT-1
train_NK_00685,NK,train,GGTATTGAGCTAGCCC-1,TGCGTGGGTCCATCCT-1
train_NK_00686,NK,train,TACTTGTGTGAGGGAG-1,GTACGTAGTCACCCAG-1
train_NK_00687,NK,train,GGACAAGAGCGAAGGG-1,TCAGGATAGTACGCGA-1
train_NK_00688,NK,train,TCAGCAAGTCAGAAGC-1,GGGAGATCACAAGTAA-1
train_NK_00689,NK,train,CCAGCGAGTAATAGCA-1,TTTATGCAGCCGATTT-1
train_NK_00690,NK,train,GTGGGTCGTGCACCAC-1,GTACTTTTCTAGCACA-1
train_NK_00691,NK,train,GATGAAATCTGCTTGC-1,CGCTTCATCGAGAACG-1
train_NK_00692,NK,train,ACGGAGAAGGCGATAC-1,ACGGGTCAGACTGTAA-1
train_NK_00693,NK,train,GTACTTTCACGAGGTA-1,CTTACCGCAGTCTTCC-1
train_NK_00694,NK,train,TATCTCAAGAAGAAGC-1,TACTCATTCATACGGT-1
train_NK_00695,NK,train,TACGGATAGATATACG-1,CGCTATCAGCAGATCG-1
train_NK_00696,NK,train,TGACAACCACTGTCGG-1,CGACTTCAGCAGGCTA-1
train_NK_00697,NK,train,ATCCGAAAGATAGCAT-1,TGAGAGGGTCGTTGTA-1
train_NK_00698,NK,train,ATGCGATTCTCCCTGA-1,CGGTTAAAGGAGTTGC-1
train_NK_00699,NK,train,GGGCACTAGCCCAATT-1,CTGTGCTGTCACACGC-1
train_NK_00700,NK,train,TGGACGCTCCTAGTGA-1,TCATTTGGTCTAGGTT-1
train_NK_00701,NK,train,AACTCAGGTGATAAGT-1,CGACTTCCAAGAGGCT-1
train_NK_00702,NK,train,TACCTATGTTGAGTTC-1,CAGCTAAAGATCGGGT-1
train_NK_00703,NK,train,CCTTCCCTCAACACAC-1,CACATTTCACTACAGT-1
train_NK_00704,NK,train,CGAACATAGCTGAACG-1,CATCGAAAGTTGAGAT-1
train_NK_00705,NK,train,ACCAGTAAGTTGAGAT-1,GCAGCCAAGCTGAAAT-1
train_NK_00706,NK,train,AGCTCTCTCATAACCG-1,AGATCTGAGGGATGGG-1
train_NK_00707,NK,train,GTTCTCGGTGACTACT-1,GGACATTGTTCCTCCA-1
train_NK_00708,NK,train,CTGTGCTAGGCGTACA-1,GTACGTACACATGGGA-1
train_NK_00709,NK,train,CGTTGGGCAAGGGTCA-1,TCGGTAATCATACGGT-1
train_NK_00710,NK,train,CTGTGCTAGGCGTACA-1,CGTCACTGTTCGAATC-1
train_NK_00711,NK,train,CTTTGCGGTCAGAATA-1,GTTTCTACAGGATTGG-1
train_NK_00712,NK,train,GGTATTGAGCTAGCCC-1,AACCATGGTCTAGTGT-1
train_NK_00713,NK,train,CATCGGGTCCTCAACC-1,AGGGATGTCGTCTGCT-1
train_NK_00714,NK,train,CGTTGGGCAAGGGTCA-1,TAGCCGGAGACCACGA-1
train_NK_00715,NK,train,AGGGAGTGTTGCCTCT-1,AGAGTGGTCTGATTCT-1
train_NK_00716,NK,train,GTGTTAGGTGGTAACG-1,AAACCTGTCTGGAGCC-1
train_NK_00717,NK,train,TACTTGTGTGAGGGAG-1,TTCGAAGAGTAGCCGA-1
train_NK_00718,NK,train,GTATTCTGTATTCTCT-1,CTTAGGAGTCAGAATA-1
train_NK_00719,NK,train,GCAGCCAGTCGGGTCT-1,ACTGCTCAGAGAACAG-1
train_NK_00720,NK,train,TTGACTTGTACCGTTA-1,TGCTGCTCACGGCGTT-1
train_NK_00721,NK,train,GACCTGGGTCTCTCGT-1,AGATTGCCACGTTGGC-1
train_NK_00722,NK,train,GCAGCCAGTCGGGTCT-1,TGCCCTAGTACATGTC-1
train_NK_00723,NK,train,TATCTCAAGAAGAAGC-1,GCATGCGGTTCACGGC-1
train_NK_00724,NK,train,ATTTCTGTCCACTGGG-1,TAGTTGGGTCTCTCTG-1
train_NK_00725,NK,train,CCGTACTCAGTATGCT-1,ACGCAGCAGTGTTTGC-1
train_NK_00726,NK,train,ACTGCTCAGCGGCTTC-1,ATGGGAGCACCTGGTG-1
train_NK_00727,NK,train,ATGCGATTCTCCCTGA-1,GCAGTTAAGCGTCAAG-1
train_NK_00728,NK,train,CTAATGGCAGCATGAG-1,CACAGTAAGGACAGCT-1
train_NK_00729,NK,train,GTGCTTCGTCACTTCC-1,AGAATAGCATCGGAAG-1
train_NK_00730,NK,train,TGGTTCCTCCAAACAC-1,GGACAAGGTACTCTCC-1
train_NK_00731,NK,train,TCAGCAAGTCAGAAGC-1,GTACGTATCCCAGGTG-1
train_NK_00732,NK,train,TTTGCGCTCCGCAGTG-1,TATGCCCAGTACGTAA-1
train_NK_00733,NK,train,CTCCTAGCATTCTTAC-1,TGCCAAACAGGCTGAA-1
train_NK_00734,NK,train,GCTCTGTGTGTGGCTC-1,CTCGTCATCTTGAGGT-1
train_NK_00735,NK,train,CTGATCCTCCCGACTT-1,GTACTCCTCGTAGGTT-1
train_NK_00736,NK,train,CATTATCAGCACACAG-1,TACAGTGTCTCTAAGG-1
train_NK_00737,NK,train,TGGACGCTCCTAGTGA-1,GTGGGTCAGCCAGGAT-1
train_NK_00738,NK,train,TACGGTAGTTGGGACA-1,TGGCCAGCATCCCACT-1
train_NK_00739,NK,train,TCAGGATTCAGCTTAG-1,GCACTCTAGAGCAATT-1
train_NK_00740,NK,train,AGAATAGTCCGTAGGC-1,GGAATAATCCTCCTAG-1
train_NK_00741,NK,train,AGACGTTTCTGAGGGA-1,GACAGAGAGGATATAC-1
train_NK_00742,NK,train,AATCGGTCATGCAATC-1,CAACCAACACATTAGC-1
train_NK_00743,NK,train,GCCAAATGTGATGTGG-1,AATCGGTTCACATACG-1
train_NK_00744,NK,train,TACTTGTTCGTTACAG-1,ACGGCCATCGATAGAA-1
train_NK_00745,NK,train,GACTAACTCCATTCTA-1,GAACATCGTTCTGTTT-1
train_NK_00746,NK,train,GCTGGGTAGGGTTTCT-1,CACACCTCAGTAAGCG-1
train_NK_00747,NK,train,GGATTACAGTACATGA-1,CCACTACTCAACGGGA-1
train_NK_00748,NK,train,TGAGGGAGTATGAATG-1,CGGAGTCCATGAAGTA-1
train_NK_00749,NK,train,GAAATGATCATAACCG-1,TGCTGCTCACGGCGTT-1
train_NK_00750,NK,train,GGCCGATAGCGCCTCA-1,ATCACGAAGTTAGCGG-1
train_NK_00751,NK,train,ACGGCCAGTACGCACC-1,TGACAACAGAATTGTG-1
train_NK_00752,NK,train,CAAGAAATCAGCAACT-1,CGACCTTAGCATGGCA-1
train_NK_00753,NK,train,GTCACGGTCAGGTAAA-1,TCTGGAAGTGACTCAT-1
train_NK_00754,NK,train,GTCTCGTCATTACCTT-1,CGTCCATTCTTAACCT-1
train_NK_00755,NK,train,AGGGAGTAGGAATCGC-1,TCGTACCTCATGTGGT-1
train_NK_00756,NK,train,CCAGCGAGTCCAGTAT-1,GCGGGTTTCTGATTCT-1
train_NK_00757,NK,train,GATGAAAAGAACAACT-1,GGAGCAACACGGTAAG-1
train_NK_00758,NK,train,TTAGGACGTTGGACCC-1,CCTACACCATCCGGGT-1
train_NK_00759,NK,train,GCTGCAGCAATCGAAA-1,TGACGGCGTAGATTAG-1
train_NK_00760,NK,train,ATAAGAGGTTCGGCAC-1,AGATCTGAGGGATGGG-1
train_NK_00761,NK,train,GCAATCAAGCAGCGTA-1,AGGCCACAGACAGAGA-1
train_NK_00762,NK,train,CAAGTTGAGTGAAGAG-1,GATCTAGAGGACTGGT-1
train_NK_00763,NK,train,TCATTACAGTCAAGCG-1,TTCTTAGCATTTGCTT-1
train_NK_00764,NK,train,GATGAAAAGAACAACT-1,ATCATGGGTTAAGTAG-1
train_NK_00765,NK,train,AGGGAGTTCGCGATCG-1,GTGAAGGCACGCTTTC-1
train_NK_00766,NK,train,CTAGAGTAGTGACTCT-1,ACGGGCTAGGCTAGAC-1
train_NK_00767,NK,train,TGAGCATGTATATGAG-1,GATCTAGAGGACTGGT-1
train_NK_00768,NK,train,GTTCTCGCACTATCTT-1,CCCAATCCATGCCCGA-1
train_NK_00769,NK,train,GTACGTAAGATATACG-1,TGTGGTACAATGGTCT-1
train_NK_00770,NK,train,CGATGTAAGCCAGTTT-1,GGCTGGTGTTAGATGA-1
train_NK_00771,NK,train,TCGAGGCTCTTGAGAC-1,TGGTTAGTCCGATATG-1
train_NK_00772,NK,train,GGCTGGTAGCTGCCCA-1,TGAGGGAAGACAGACC-1
train_NK_00773,NK,train,GATGAGGTCGCACTCT-1,CTCATTATCTTTAGGG-1
train_NK_00774,NK,train,GCGCAACAGGCCGAAT-1,TTGCGTCTCATCTGTT-1
train_NK_00775,NK,train,AACTTTCTCCGCGCAA-1,TCAACGACATCATCCC-1
train_NK_00776,NK,train,AGCGTATTCCCAAGTA-1,ACGGGTCAGCAATATG-1
train_NK_00777,NK,train,AGAATAGTCCGTAGGC-1,TGGGAAGTCAGCGATT-1
train_NK_00778,NK,train,AACACGTGTTTGACAC-1,CAGCCGAAGGATCGCA-1
train_NK_00779,NK,train,TCAGGATGTGATGTGG-1,AGAATAGGTTCGTTGA-1
train_NK_00780,NK,train,CCTCAGTGTTTGTGTG-1,AGCATACCAATCGGTT-1
train_NK_00781,NK,train,CAACCTCCAAGCTGAG-1,CTGCCTATCTATCCCG-1
train_NK_00782,NK,train,TCCCGATCACGACTCG-1,GTGAAGGGTCCAGTGC-1
train_NK_00783,NK,train,CAGCTAATCGGTTCGG-1,AAATGCCGTGCGGTAA-1
train_NK_00784,NK,train,AGTGTCACACCTCGTT-1,TTGGAACAGAGACTAT-1
train_NK_00785,NK,train,GACGTTACAGCTGTTA-1,CACATTTCACTACAGT-1
train_NK_00786,NK,train,TAGAGCTGTCCATCCT-1,TTCTCAACAGTCGTGC-1
train_NK_00787,NK,train,CATATGGCAATAGCGG-1,CGCTTCACACTATCTT-1
train_NK_00788,NK,train,ATGTGTGGTCTCCCTA-1,CCTACCATCGAATGGG-1
train_NK_00789,NK,train,GCGCAACCACTTACGA-1,TTGACTTCATCTCCCA-1
train_NK_00790,NK,train,GAAATGATCATAACCG-1,GACGTGCAGGCAGGTT-1
train_NK_00791,NK,train,CTCCTAGGTGTTCTTT-1,TTAGTTCCATACTCTT-1
train_NK_00792,NK,train,TTGGAACCATACCATG-1,TGAGCCGTCGCATGGC-1
train_NK_00793,NK,train,CTACGTCCAATGGATA-1,GCACTCTAGAGCAATT-1
train_NK_00794,NK,train,CATGGCGAGAGTGACC-1,CCGGTAGAGTAGATGT-1
train_NK_00795,NK,train,TGAGGGAGTATGAATG-1,GACGTTAAGTTAGCGG-1
train_NK_00796,NK,train,CTCGAAAGTCCATCCT-1,TATCAGGGTGTCCTCT-1
train_NK_00797,NK,train,TACCTATGTGCCTTGG-1,GTAACTGAGCAATCTC-1
train_NK_00798,NK,train,TGAGAGGCATTGGGCC-1,GAAGCAGTCGGCTACG-1
train_NK_00799,NK,train,CAAGAAATCAGCAACT-1,ACGGCCAAGATGTAAC-1
train_NK_00800,NK,train,TGACAACGTGCAGGTA-1,CGCTATCAGCAGATCG-1
train_NK_00801,NK,train,CATATGGAGTATCGAA-1,CACAGGCTCACAGTAC-1
train_NK_00802,NK,train,CTCGAAAGTCCATCCT-1,CACAGGCAGCCTATGT-1
train_NK_00803,NK,train,TGACGGCGTTCAGTAC-1,GGACAAGAGTCATCCA-1
train_NK_00804,NK,train,ACGAGGATCTTTAGTC-1,ACTGCTCTCACCGTAA-1
train_NK_00805,NK,train,CGCTGGACAGGAATGC-1,GAACATCGTTCTGTTT-1
train_NK_00806,NK,train,GAACATCTCCGCGCAA-1,ACACCAAAGTCCGTAT-1
train_NK_00807,NK,train,ATCCGAAAGATAGCAT-1,GTACGTATCACTTACT-1
train_NK_00808,NK,train,ATGTGTGGTCTCCCTA-1,CGAACATCACCTCGTT-1
train_NK_00809,NK,train,GTGAAGGGTCAAGCGA-1,AGGCCGTTCAGAGACG-1
train_NK_00810,NK,train,TTTATGCAGTTGTAGA-1,GGACAAGGTACTCTCC-1
train_NK_00811,NK,train,GAGGTGAAGACACGAC-1,AGATCTGAGGGATGGG-1
train_NK_00812,NK,train,AACACGTGTTTGACAC-1,GGCTGGTGTTAGATGA-1
train_NK_00813,NK,train,CAGCCGATCGGAGGTA-1,CTAGAGTGTAGGGTAC-1
train_NK_00814,NK,train,AGCGGTCAGCGATATA-1,AAGGAGCCACGCGAAA-1
train_NK_00815,NK,train,AGCTCTCTCTAGCACA-1,CGCTTCACACTATCTT-1
train_NK_00816,NK,train,GCAATCAAGGTGCACA-1,GTTCGGGTCCCAAGAT-1
train_NK_00817,NK,train,CCGTACTGTGTTAAGA-1,ATCATGGGTTAAGTAG-1
train_NK_00818,NK,train,ACTGAACTCAAGGCTT-1,GAGTCCGTCGCTGATA-1
train_NK_00819,NK,train,CATCCACCACAAGCCC-1,ACTTACTGTACGCTGC-1
train_NK_00820,NK,train,GTCACGGTCAGGTAAA-1,GTGGGTCTCACGAAGG-1
train_NK_00821,NK,train,ACGAGGATCTTTAGTC-1,TACTCATTCATACGGT-1
train_NK_00822,NK,train,TCCCGATTCTTGTTTG-1,GTGGGTCGTTCGTGAT-1
train_NK_00823,NK,train,TTAGGACGTTGGACCC-1,GTACTTTTCTGTCCGT-1
train_NK_00824,NK,train,GACTGCGGTTGTGGAG-1,ACAGCCGCATCCGGGT-1
train_NK_00825,NK,train,CTCATTACATCCCACT-1,CTTACCGCAGTCTTCC-1
train_NK_00826,NK,train,AGTGTCAGTTTGGCGC-1,CGGACACTCGAGAGCA-1
train_NK_00827,NK,train,GCCAAATAGACCCACC-1,TGGACGCCATAGGATA-1
train_NK_00828,NK,train,AACTCAGGTGATAAGT-1,AGCGTATTCCCAGGTG-1
train_NK_00829,NK,train,GTGCTTCGTCACTTCC-1,TGACAACAGAATTGTG-1
train_NK_00830,NK,train,CAGCTAATCGGTTCGG-1,CGTCACTGTTCGAATC-1
train_NK_00831,NK,train,AGGGAGTAGGAATCGC-1,TGAGGGAGTAAGTGTA-1
train_NK_00832,NK,train,CCTTACGCAAGCTGGA-1,CGTAGCGTCTTGGGTA-1
train_NK_00833,NK,train,TGTGTTTAGCTGATAA-1,AGGCCGTTCAGAGACG-1
train_NK_00834,NK,train,GCAAACTAGATGTTAG-1,CGACCTTAGCATGGCA-1
train_NK_00835,NK,train,TGGACGCTCCTAGTGA-1,GACGTGCAGGCAGGTT-1
train_NK_00836,NK,train,CCCTCCTCATCGGACC-1,GGGACCTTCTACCTGC-1
train_NK_00837,NK,train,AAGCCGCGTGAGTATA-1,TCAGCTCGTCTGATTG-1
train_NK_00838,NK,train,GTAGTCAAGTAATCCC-1,AGGCCACTCTGTCTCG-1
train_NK_00839,NK,train,CCTATTACAGCTGTTA-1,GACCAATTCTCCGGTT-1
train_NK_00840,NK,train,CCACCTAAGGCTCATT-1,AACACGTAGCCAACAG-1
train_NK_00841,NK,train,GAAATGATCGGAATCT-1,TACAGTGCAAATTGCC-1
train_NK_00842,NK,train,AGGCCGTGTCGAACAG-1,AGGCCGTGTATTCGTG-1
train_NK_00843,NK,train,GTGAAGGGTCAAGCGA-1,ACGAGGACATGCCTAA-1
train_NK_00844,NK,train,CCAGCGATCCAATGGT-1,GCATGCGGTTCACGGC-1
train_NK_00845,NK,train,GAAGCAGTCGTAGGAG-1,GGCAATTGTGCCTGGT-1
train_NK_00846,NK,train,AGTTGGTTCTGTGCAA-1,GAAGCAGTCGGCTACG-1
train_NK_00847,NK,train,TGTGTTTGTCCGAATT-1,GAAACTCCATCGGAAG-1
train_NK_00848,NK,train,CTGCGGATCCTGCAGG-1,CATCCACCACGGCTAC-1
train_NK_00849,NK,train,TGGTTCCTCCAAACAC-1,TAGAGCTCAGATGAGC-1
train_NK_00850,NK,train,GATGAGGTCGCACTCT-1,CGGTTAATCATGCTCC-1
train_NK_00851,NK,train,TGGCCAGCATAGGATA-1,TCAACGACATCATCCC-1
train_NK_00852,NK,train,GTCACGGCACAGAGGT-1,CACTCCATCTGCTGTC-1
train_NK_00853,NK,train,ACGAGGAAGCGTCAAG-1,AAACCTGAGTAGGCCA-1
train_NK_00854,NK,train,ACGGAGAAGGCGATAC-1,CAGCTAAAGATCGGGT-1
train_NK_00855,NK,train,GATCGTACACACCGAC-1,GTACGTATCCCAGGTG-1
train_NK_00856,NK,train,TACTTGTAGTACGCCC-1,CCTCTGAAGATGCGAC-1
train_NK_00857,NK,train,CAGCATAGTCTTGTCC-1,TCTGGAAGTCTTCAAG-1
train_NK_00858,NK,train,GTACTTTCACGAGGTA-1,AACACGTCAATGGTCT-1
train_NK_00859,NK,train,GTATCTTCATGCCCGA-1,GGACAAGAGTCATCCA-1
train_NK_00860,NK,train,AGCATACTCGTTACAG-1,CGGAGCTAGAGGTTGC-1
train_NK_00861,NK,train,CGAACATAGCTGAACG-1,CCCTCCTTCCACGAAT-1
train_NK_00862,NK,train,CTACACCTCGGCGCAT-1,CCTTACGCAACTGCGC-1
train_NK_00863,NK,train,TGACGGCCATGCCTAA-1,TGAGCCGGTTTGCATG-1
train_NK_00864,NK,train,TGTGTTTAGCTGATAA-1,AGAGCTTAGCTAAGAT-1
train_NK_00865,NK,train,CTCCTAGCATTCTTAC-1,CAACCAACACATTAGC-1
train_NK_00866,NK,train,CCACCTAAGGCTCATT-1,AACTCCCCATTCCTCG-1
train_NK_00867,NK,train,GCTGCGAAGATGCGAC-1,GGGAGATCACAAGTAA-1
train_NK_00868,NK,train,ATAAGAGGTTCGGCAC-1,GTGGGTCTCACGAAGG-1
train_NK_00869,NK,train,ACGGGCTCAGTTAACC-1,CAGAGAGCACAACGCC-1
train_NK_00870,NK,train,CAGCTAAGTAGCTCCG-1,AGCATACAGGCATGTG-1
train_NK_00871,NK,train,AGGGAGTAGGAATCGC-1,TGCTACCCACGCCAGT-1
train_NK_00872,NK,train,GTAGTCAGTCAACTGT-1,AGCTCCTAGCTAAACA-1
train_NK_00873,NK,train,CGTAGGCCAAGCCATT-1,AACCATGAGGACGAAA-1
train_NK_00874,NK,train,TACTTGTTCGTTACAG-1,CAGAGAGCACAACGCC-1
train_NK_00875,NK,train,GCTGGGTGTGCGGTAA-1,CTACGTCTCTTTAGTC-1
train_NK_00876,NK,train,GTTCGGGGTTCGTGAT-1,TCCACACGTCGACTAT-1
train_NK_00877,NK,train,TCAGGATTCAGCTTAG-1,ATGAGGGTCTTCAACT-1
train_NK_00878,NK,train,GTGCATAGTGGCCCTA-1,CGTCCATTCTTAACCT-1
train_NK_00879,NK,train,GCTGCGAAGATGCGAC-1,ATCGAGTCAAAGCGGT-1
train_NK_00880,NK,train,CTACGTCCAATGGATA-1,ATCTACTCACGAGAGT-1
train_NK_00881,NK,train,TGACGGCGTTCAGTAC-1,GCTTCCATCTTGTTTG-1
train_NK_00882,NK,train,CCTATTAAGTGCCATT-1,TTCTCAACAGTCGTGC-1
train_NK_00883,NK,train,TCGGTAATCGGTCTAA-1,CAGTAACAGAGAGCTC-1
train_NK_00884,NK,train,CACAGGCCAGACGCAA-1,GTACGTACACATGGGA-1
train_NK_00885,NK,train,AAAGCAAAGCCGGTAA-1,GGCAATTGTCACTGGC-1
train_NK_00886,NK,train,TAGTGGTCAGCCAGAA-1,CGCTATCTCAGATAAG-1
train_NK_00887,NK,train,TTTGTCAAGATAGGAG-1,CCTTACGCATGGGAAC-1
train_NK_00888,NK,train,TGTTCCGTCATGCATG-1,AGATCTGAGGAATCGC-1
train_NK_00889,NK,train,ATCCGAATCCAAACAC-1,TGACGGCCACGGATAG-1
train_NK_00890,NK,train,TGACAACCACTGTCGG-1,CGACCTTAGCATGGCA-1
train_NK_00891,NK,train,GTAACGTTCATTGCGA-1,CTCGTCATCTCGTTTA-1
train_NK_00892,NK,train,TGCCAAAGTCACTTCC-1,TCGTAGAAGGGTCGAT-1
train_NK_00893,NK,train,GGGAATGGTCCATCCT-1,ACGGCCATCGATAGAA-1
train_NK_00894,NK,train,AACACGTGTTTGACAC-1,ACGGCCAAGATGTAAC-1
train_NK_00895,NK,train,GAACGGAAGACTAAGT-1,GAAATGACATCTCGCT-1
train_NK_00896,NK,train,CCACTACGTAAGGATT-1,TGTATTCGTAATCACC-1
train_NK_00897,NK,train,CTTTGCGGTCAGAATA-1,TTCTCAACAGTCGTGC-1
train_NK_00898,NK,train,CCGTGGACACATGACT-1,GGACAAGCACCGTTGG-1
train_NK_00899,NK,train,CAAGTTGAGTGAAGAG-1,CTGGTCTTCTTGCCGT-1
train_NK_00900,NK,train,GACCTGGGTCTCTCGT-1,ACGGGTCAGCAATATG-1
train_NK_00901,NK,train,CCTTCCCTCAACACAC-1,CATCGGGCAGACACTT-1
train_NK_00902,NK,train,GCTGCGAAGATGCGAC-1,AGGTCATTCATTGCGA-1
train_NK_00903,NK,train,GCAATCAAGGTGCACA-1,TCCACACGTCGACTAT-1
train_NK_00904,NK,train,CGTGAGCCAGTCCTTC-1,AACTTTCAGCCTTGAT-1
train_NK_00905,NK,train,GCGCCAACATTGTGCA-1,TGCCCATGTCGAACAG-1
train_NK_00906,NK,train,CGCGGTAGTCAATGTC-1,ACACCGGGTCATATGC-1
train_NK_00907,NK,train,CTACGTCAGCCAGTAG-1,AAGTCTGGTCTGATTG-1
train_NK_00908,NK,train,GAACCTACACAGACAG-1,TTGACTTTCAATCACG-1
train_NK_00909,NK,train,GGCTCGAGTGTCTGAT-1,ATTCTACAGAACAATC-1
train_NK_00910,NK,train,CTAGCCTGTAAGAGAG-1,CACATTTCACTACAGT-1
train_NK_00911,NK,train,TAGGCATTCATACGGT-1,GTCCTCAGTTCGTCTC-1
train_NK_00912,NK,train,GCGGGTTGTGTTCGAT-1,GGCGTGTTCTCTAAGG-1
train_NK_00913,NK,train,ATCCGAATCCATGAAC-1,CAGCCGACAGTTAACC-1
train_NK_00914,NK,train,CTCATTAAGGAGCGAG-1,GTACGTACACATGGGA-1
train_NK_00915,NK,train,AAGCCGCGTGAGTATA-1,TTAGGCACAAACGTGG-1
train_NK_00916,NK,train,AATCGGTCATGCAATC-1,ACTGCTCTCACCGTAA-1
train_NK_00917,NK,train,GTGCATAGTGGCCCTA-1,TCATTTGCAGACGTAG-1
train_NK_00918,NK,train,ATGTGTGAGACAGACC-1,CACACCTCAGTAAGCG-1
train_NK_00919,NK,train,TGGTTCCTCCAAACAC-1,CGACTTCAGCAGGCTA-1
train_NK_00920,NK,train,GAACATCTCCGCGCAA-1,CTAGCCTGTAGGCATG-1
train_NK_00921,NK,train,GAAGCAGTCGTAGGAG-1,GAAACTCTCCTCGCAT-1
train_NK_00922,NK,train,GCTTGAAAGTGGTAAT-1,GCAATCAAGGAGTACC-1
train_NK_00923,NK,train,CGCCAAGTCAATAAGG-1,TGAGGGAAGACAGACC-1
train_NK_00924,NK,train,GTGTTAGGTGGTAACG-1,TGCTGCTCACGGCGTT-1
train_NK_00925,NK,train,TGCCCTATCACTGGGC-1,TGAGCCGTCGCATGGC-1
train_NK_00926,NK,train,CCGTACTCAGTATGCT-1,AGCTTGATCATCACCC-1
train_NK_00927,NK,train,CTGTGCTAGGCGTACA-1,ATTTCTGTCGTATCAG-1
train_NK_00928,NK,train,TTGAACGGTTCAGGCC-1,CCTACACCATCCGGGT-1
train_NK_00929,NK,train,CTCACACCAGTAAGAT-1,CCTATTACAGTCGATT-1
train_NK_00930,NK,train,TCAGGATTCAGCTTAG-1,GCCAAATCACCCAGTG-1
train_NK_00931,NK,train,TGTGTTTTCTCTGTCG-1,AGATTGCCACGTTGGC-1
train_NK_00932,NK,train,GACTACACAGGATCGA-1,CGGTTAATCATGCTCC-1
train_NK_00933,NK,train,ACGAGGATCTTTAGTC-1,TGAGCCGTCGCATGGC-1
train_NK_00934,NK,train,TAGAGCTAGGGTTTCT-1,AGAATAGAGTAGCCGA-1
train_NK_00935,NK,train,GCTTCCAAGGCAGGTT-1,GACTGCGTCTACTCAT-1
train_NK_00936,NK,train,GCAATCAAGGTGCACA-1,AGGGTGAAGTATGACA-1
train_NK_00937,NK,train,ACTGCTCAGCGGCTTC-1,GCTCTGTTCAGTGTTG-1
train_NK_00938,NK,train,ACGCCGAAGGAGTTTA-1,CACATTTCAGCTTCGG-1
train_NK_00939,NK,train,GGGCACTGTTAGGGTG-1,GTACGTATCCCAGGTG-1
train_NK_00940,NK,train,GCTCTGTGTGTGGCTC-1,CCTCTGAAGATGCGAC-1
train_NK_00941,NK,train,AAGGTTCAGTCGAGTG-1,ACACCAAAGTCCGTAT-1
train_NK_00942,NK,train,GGGATGACAGGTCTCG-1,CGAGCCACAAGAGTCG-1
train_NK_00943,NK,train,CGAGCCACACCAACCG-1,AGAATAGAGTAGCCGA-1
train_NK_00944,NK,train,GAACGGAAGAGACTTA-1,TAGAGCTCAGATGAGC-1
train_NK_00945,NK,train,CGTCTACGTCCCTTGT-1,AGATCTGAGGGATGGG-1
train_NK_00946,NK,train,TACGGATAGAATAGGG-1,AGCTCCTAGCTAAACA-1
train_NK_00947,NK,train,CGAACATAGCCACGTC-1,TGGGCGTGTTAAGACA-1
train_NK_00948,NK,train,TGCGTGGCATCGACGC-1,CGATGGCGTAGTACCT-1
train_NK_00949,NK,train,GGGCACTAGCCCAATT-1,CCTTACGCAACTGCGC-1
train_NK_00950,NK,train,CTAGCCTGTAAGAGAG-1,TAAGCGTTCAGCGATT-1
train_NK_00951,NK,train,TCAGCAAAGGTGCTAG-1,AGAATAGGTCATCGGC-1
train_NK_00952,NK,train,GCAGCCATCACTATTC-1,TTTATGCCAGCTGCAC-1
train_NK_00953,NK,train,ACGAGCCTCCTTGGTC-1,AATCGGTTCACATACG-1
train_NK_00954,NK,train,AGGCCGTGTCGAACAG-1,CGACTTCAGCAGGCTA-1
train_NK_00955,NK,train,AGGGTGACACTCTGTC-1,GGCAATTGTGCCTGGT-1
train_NK_00956,NK,train,TTTGTCAAGATAGGAG-1,GTACTTTTCTAGCACA-1
train_NK_00957,NK,train,AGTAGTCTCGCGATCG-1,TTAGTTCGTATTCGTG-1
train_NK_00958,NK,train,TTATGCTCACGTAAGG-1,TTTGCGCCAATACGCT-1
train_NK_00959,NK,train,TTAGGCAAGACTCGGA-1,AGGTCATTCATTGCGA-1
train_NK_00960,NK,train,TGGCGCAGTTCGGCAC-1,CTGCCTATCTATCCCG-1
train_NK_00961,NK,train,GAAGCAGTCGTAGGAG-1,CGATGGCGTAGTACCT-1
train_NK_00962,NK,train,GTCTCGTCATTACCTT-1,GGAGCAACACGGTAAG-1
train_NK_00963,NK,train,TGGACGCTCCTAGTGA-1,GGCAATTGTCACTGGC-1
train_NK_00964,NK,train,ATTGGACTCGCATGGC-1,AGATCTGAGGGATGGG-1
train_NK_00965,NK,train,TCGGGACGTCACCCAG-1,GACCAATTCGTCTGAA-1
train_NK_00966,NK,train,CATCGAAAGGGAGTAA-1,GCGGGTTTCTGATTCT-1
train_NK_00967,NK,train,CTGAAACCACCTTGTC-1,TGTGGTACACGTAAGG-1
train_NK_00968,NK,train,CCGTACTGTGTTAAGA-1,AGCATACAGGCATGTG-1
train_NK_00969,NK,train,TAAGAGAAGGCCCTCA-1,ATCGAGTTCGCAGGCT-1
train_NK_00970,NK,train,TCCCGATCACGACTCG-1,CCTTACGCAACTGCGC-1
train_NK_00971,NK,train,CTGCGGATCCTGCAGG-1,TTGGAACGTTCTCATT-1
train_NK_00972,NK,train,TGGTTCCTCCAAACAC-1,TGAGGGAAGACAGACC-1
train_NK_00973,NK,train,TCCCGATCACGACTCG-1,GACAGAGAGGATATAC-1
train_NK_00974,NK,train,CCACTACAGTGACATA-1,GCTTGAATCTTCGAGA-1
train_NK_00975,NK,train,CGTCCATTCATTGCCC-1,GTACTTTTCTAGCACA-1
train_NK_00976,NK,train,ACGAGCCAGATGGCGT-1,CTCTAATAGCCCTAAT-1
train_NK_00977,NK,train,GTAACTGTCCCTCAGT-1,CCTACACCATCCGGGT-1
train_NK_00978,NK,train,CTGATAGAGGGAGTAA-1,CATCGAAAGTTGAGAT-1
train_NK_00979,NK,train,TGCCCTATCGCAGGCT-1,GACGTGCAGAATTGTG-1
train_NK_00980,NK,train,CAACTAGCAAACAACA-1,AGATTGCCACGTTGGC-1
train_NK_00981,NK,train,AGGGAGTTCGCGATCG-1,GGGCATCAGGCTAGAC-1
train_NK_00982,NK,train,CAAGAAATCAGCAACT-1,GTACTCCTCGTAGGTT-1
train_NK_00983,NK,train,CGTGTCTCAAACGCGA-1,TCTGGAATCTCACATT-1
train_NK_00984,NK,train,GTAACGTTCATTGCGA-1,TCAGCTCGTCTGATTG-1
train_NK_00985,NK,train,TGTGTTTCACCTCGTT-1,CTCTGGTAGTGAATTG-1
train_NK_00986,NK,train,GTAGTCAGTCAACTGT-1,ACGATGTAGCGTTGCC-1
train_NK_00987,NK,train,TGTGTTTCACCTCGTT-1,ACGGAGAAGGAATCGC-1
train_NK_00988,NK,train,GCTTCCAAGGCAGGTT-1,TACAGTGTCTCTAAGG-1
train_NK_00989,NK,train,CTAATGGGTCCTCTTG-1,AATCGGTTCACATACG-1
train_NK_00990,NK,train,GGGTCTGAGCACAGGT-1,AAACCTGAGTAGGCCA-1
train_NK_00991,NK,train,GTAACGTCACAGCCCA-1,TCTGGAAAGTGGGCTA-1
train_NK_00992,NK,train,GCCAAATAGACCCACC-1,CAACCTCAGGTAGCCA-1
train_NK_00993,NK,train,AGACGTTTCTGAGGGA-1,ATGAGGGTCTTCAACT-1
train_NK_00994,NK,train,GGGAATGGTCCATCCT-1,CTCGTCACAATCGGTT-1
train_NK_00995,NK,train,TATTACCGTGACAAAT-1,AGAATAGAGTAGCCGA-1
train_NK_00996,NK,train,ACCAGTACACATCCAA-1,TGCCCTAGTACATGTC-1
train_NK_00997,NK,train,TGACTTTGTGAGTGAC-1,AGCATACAGGCATGTG-1
train_NK_00998,NK,train,CCACTACGTAAGGATT-1,TCTCATACAGTGGAGT-1
train_NK_00999,NK,train,CCATGTCTCTGGCGAC-1,CGTTAGACACGAGGTA-1
train_NK_01000,NK,train,GGCGTGTTCCTCAATT-1,CTCGGGACAAGCGAGT-1
train_NK_01001,NK,train,TACGGTAGTTGGGACA-1,GACGTTAAGTTAGCGG-1
train_NK_01002,NK,train,TCGTACCTCCTAGGGC-1,GTCCTCACAGAGTGTG-1
train_NK_01003,NK,train,CAGAGAGGTGGTTTCA-1,GCGCAACGTTCCTCCA-1
train_NK_01004,NK,train,GGGCACTAGCCCAATT-1,TCTGGAAGTCTTCAAG-1
train_NK_01005,NK,train,TGTTCCGTCTGCTTGC-1,GCTTCCATCTTGTTTG-1
train_NK_01006,NK,train,TGGGAAGCATGATCCA-1,AGGGTGAGTAGGGTAC-1
train_NK_01007,NK,train,GGGCACTGTTAGGGTG-1,GCAGTTAAGCGTCAAG-1
train_NK_01008,NK,train,TGCGGGTAGAACTGTA-1,CACATAGAGTGGGATC-1
train_NK_01009,NK,train,CTACACCTCGGCGCAT-1,GGCTGGTTCCAAAGTC-1
train_NK_01010,NK,train,ACTGCTCAGCGGCTTC-1,GAAGCAGTCGGCTACG-1
train_NK_01011,NK,train,ACGGGCTTCCTACAGA-1,TGCGTGGGTCCATCCT-1
train_NK_01012,NK,train,CCTACCAGTATCACCA-1,GCCAAATCACCCAGTG-1
train_NK_01013,NK,train,ACTTGTTGTGCACCAC-1,GAAATGACATCTCGCT-1
train_NK_01014,NK,train,AGATCTGCACGACTCG-1,CTGCCTATCTATCCCG-1
train_NK_01015,NK,train,GAGGTGAAGACACGAC-1,TGGGAAGGTGTTGAGG-1
train_NK_01016,NK,train,ACATGGTGTCATTAGC-1,CAGCTAAAGATCGGGT-1
train_NK_01017,NK,train,GTGCTTCGTCACTTCC-1,CGGTTAAAGGAGTTGC-1
train_NK_01018,NK,train,AGAATAGTCTAGCACA-1,GTTTCTACAGGATTGG-1
train_NK_01019,NK,train,GAAATGATCATAACCG-1,CACATAGAGTGGGATC-1
train_NK_01020,NK,train,GTGCATACATCTATGG-1,GTACGTATCACTTACT-1
train_NK_01021,NK,train,CTCGAAAGTCCATCCT-1,GGGATGAGTAAGGATT-1
train_NK_01022,NK,train,GGCAATTGTCAACATC-1,TGGTTAGCACCACCAG-1
train_NK_01023,NK,train,GCTGGGTAGGGTTTCT-1,TAGTTGGGTCTCTCTG-1
train_NK_01024,NK,train,TACTTGTGTGAGGGAG-1,AGATCTGAGGGATGGG-1
train_NK_01025,NK,train,GAGGTGAAGACACGAC-1,GGTGAAGGTACATCCA-1
train_NK_01026,NK,train,CTCACACAGATATGCA-1,AGAATAGGTTCGTTGA-1
train_NK_01027,NK,train,GGGAATGGTCCATCCT-1,CACATTTCAGCTTCGG-1
train_NK_01028,NK,train,AAATGCCGTTGGAGGT-1,AAATGCCGTGCGGTAA-1
train_NK_01029,NK,train,TCATTTGCAATCTACG-1,CCTACACCATCCGGGT-1
train_NK_01030,NK,train,TCGGTAATCGGTCTAA-1,CTACGTCTCTTTAGTC-1
train_NK_01031,NK,train,CAAGAAATCAGCAACT-1,AAGCCGCTCTTCGAGA-1
train_NK_01032,NK,train,TGACAACCACTGTCGG-1,ACGCCGACATGGGACA-1
train_NK_01033,NK,train,GTGTTAGGTGGTAACG-1,GGGATGAGTAAGGATT-1
train_NK_01034,NK,train,TGACGGCCATGCCTAA-1,ATCATCTGTAAACGCG-1
train_NK_01035,NK,train,TTAGGACGTTGGACCC-1,AGGCCGTCAAACGTGG-1
train_NK_01036,NK,train,ACGGCCATCGCAGGCT-1,GAACCTACACTAAGTC-1
train_NK_01037,NK,train,CCTATTAAGTGCCATT-1,GAGCAGAAGGTAGCTG-1
train_NK_01038,NK,train,GAGGTGAAGACACGAC-1,GGTGTTAGTACGCTGC-1
train_NK_01039,NK,train,GCAGCCAGTCGGGTCT-1,CCACTACGTTCGGGCT-1
train_NK_01040,NK,train,TGCGGGTAGAACTGTA-1,GATCTAGCAGCCTATA-1
train_NK_01041,NK,train,GGGAATGGTCCATCCT-1,TGGGCGTGTTAAGACA-1
train_NK_01042,NK,train,GACCTGGGTCTCTCGT-1,ACAGCCGGTACAGCAG-1
train_NK_01043,NK,train,GTAACGTCACAGCCCA-1,AGAATAGAGTAGCCGA-1
train_NK_01044,NK,train,TGGTTCCTCCAAACAC-1,TGGTTAGTCCGATATG-1
train_NK_01045,NK,train,CGTTGGGCACCCTATC-1,ACGCCAGTCTGCTGCT-1
train_NK_01046,NK,train,AGCATACTCGTTACAG-1,TTTATGCAGCCGATTT-1
train_NK_01047,NK,train,CGAACATAGCTGAACG-1,GCGGGTTTCTGATTCT-1
train_NK_01048,NK,train,CCGTACTGTGTTAAGA-1,ACATCAGTCCGAACGC-1
train_NK_01049,NK,train,GACACGCAGACGCAAC-1,ACGCAGCAGTGTTTGC-1
train_NK_01050,NK,train,CTCCTAGGTGTTCTTT-1,AAGTCTGGTCTGATTG-1
train_NK_01051,NK,train,TGGTTCCTCAATAAGG-1,ATGCGATCAATGAAAC-1
train_NK_01052,NK,train,TCGCGAGCACACTGCG-1,CGGACACTCCCTTGCA-1
train_NK_01053,NK,train,GAAGCAGTCGTAGGAG-1,AGCGTATTCCCAGGTG-1
train_NK_01054,NK,train,TGTTCCGTCTGCTTGC-1,TCGCGTTCATAGGATA-1
train_NK_01055,NK,train,CCACCTAAGGCTCATT-1,ATCGAGTCAAAGCGGT-1
train_NK_01056,NK,train,TGACAACCACTGTCGG-1,CTGTGCTGTCACACGC-1
train_NK_01057,NK,train,TCGAGGCTCTTGAGAC-1,TTGACTTCATCTCCCA-1
train_NK_01058,NK,train,CGATGTAAGCCAGTTT-1,AGGGATGAGTGGACGT-1
train_NK_01059,NK,train,ACGGGTCTCTGGGCCA-1,GAACATCGTTCTGTTT-1
train_NK_01060,NK,train,TCAGCAAAGGTGCTAG-1,AGAATAGAGTAGCCGA-1
train_NK_01061,NK,train,CCTAAAGTCCTTTCGG-1,GTACTTTTCTGTCCGT-1
train_NK_01062,NK,train,CTCTGGTGTAGAGTGC-1,CCTTACGAGATATGCA-1
train_NK_01063,NK,train,TGAGGGAGTATGAATG-1,AGCTCCTAGCTAAACA-1
train_NK_01064,NK,train,GGGCACTGTTAGGGTG-1,ACTGCTCAGAGAACAG-1
train_NK_01065,NK,train,TTAGGCAAGACTCGGA-1,GGCGTGTTCTCTAAGG-1
train_NK_01066,NK,train,CCATGTCCAGTCTTCC-1,AACACGTAGCCAACAG-1
train_NK_01067,NK,train,ACCGTAAGTAGCCTAT-1,AGGGATGAGGAGTACC-1
train_NK_01068,NK,train,CAGCCGAGTACCTACA-1,CCACCTAAGGCCCTTG-1
train_NK_01069,NK,train,GCTGGGTGTCAGAATA-1,AGGGTGAAGTATGACA-1
train_NK_01070,NK,train,TCATTACAGTCAAGCG-1,AATCGGTTCACATACG-1
train_NK_01071,NK,train,AGTTGGTTCTGTGCAA-1,GTCATTTGTCTAAACC-1
train_NK_01072,NK,train,ACGAGGAAGCGTCAAG-1,CATCGAACATAAGACA-1
train_NK_01073,NK,train,AGGGAGTTCGCGATCG-1,CCGGTAGAGTAGATGT-1
train_NK_01074,NK,train,TGCCCTATCACATAGC-1,TCCACACGTGTGGTTT-1
train_NK_01075,NK,train,ACTGAACTCAAGGCTT-1,CGCTTCACACTATCTT-1
train_NK_01076,NK,train,CTTTGCGGTCAGAATA-1,CGTTAGACACGAGGTA-1
train_NK_01077,NK,train,AGGGTGACACTCTGTC-1,GTACGTACACATGGGA-1
train_NK_01078,NK,train,CTACGTCGTAGATTAG-1,ACTGCTCAGAGAACAG-1
train_NK_01079,NK,train,CCTAAAGTCCTTTCGG-1,TTGCGTCTCATCTGTT-1
train_NK_01080,NK,train,TAGTGGTCAGCCAGAA-1,ATTTCTGCACACCGCA-1
train_NK_01081,NK,train,ATCCGAATCCAAACAC-1,GACGTTAAGTTAGCGG-1
train_NK_01082,NK,train,CGTGTCTCAAACGCGA-1,GTACTCCTCGTAGGTT-1
train_NK_01083,NK,train,GCGCAACGTAGCGTAG-1,AAGGAGCCACGCGAAA-1
train_NK_01084,NK,train,CTGTGCTAGGCGTACA-1,GAATAAGCACCTGGTG-1
train_NK_01085,NK,train,AGCGGTCAGCGATATA-1,AGGCCACTCTGTCTCG-1
train_NK_01086,NK,train,TGCGCAGCACCACGTG-1,ACGGCCATCGATAGAA-1
train_NK_01087,NK,train,CACAGTACAGTATCTG-1,TGCTGCTCACGGCGTT-1
train_NK_01088,NK,train,GGACGTCTCAGCACAT-1,GACGTTAAGTTAGCGG-1
train_NK_01089,NK,train,ACGATACAGTCGATAA-1,CAGCAGCGTTCACCTC-1
train_NK_01090,NK,train,GGGCACTGTTAGGGTG-1,CGTAGCGTCTTGGGTA-1
train_NK_01091,NK,train,CTCCTAGCATTCTTAC-1,CGACTTCGTCATGCAT-1
train_NK_01092,NK,train,ATGCGATAGACATAAC-1,AGCGTCGCACGGACAA-1
train_NK_01093,NK,train,ATCTACTAGTCACGCC-1,ACTGCTCTCACCGTAA-1
train_NK_01094,NK,train,CGCCAAGTCAATAAGG-1,TCTGGAAGTCTTCAAG-1
train_NK_01095,NK,train,CCACTACGTAAGGATT-1,TCGGTAATCATACGGT-1
train_NK_01096,NK,train,TTAGGCAAGACTCGGA-1,AACTTTCAGCGCCTTG-1
train_NK_01097,NK,train,TTGGAACGTTCGCGAC-1,TGTTCCGTCTCCAACC-1
train_NK_01098,NK,train,CGGTTAATCTCTGCTG-1,CTTACCGCATGTTCCC-1
train_NK_01099,NK,train,CTAGTGATCAGCGACC-1,CCAGCGATCGCTAGCG-1
train_NK_01100,NK,train,CTACGTCAGCCAGTAG-1,CGCTATCAGCAGATCG-1
train_NK_01101,NK,train,ACGGAGAAGGCGATAC-1,TCAGCAATCAATCACG-1
train_NK_01102,NK,train,GATCGATCATTCACTT-1,ACTTACTGTAGGCATG-1
train_NK_01103,NK,train,GTTCATTGTTAGATGA-1,GTACGTAGTCACCCAG-1
train_NK_01104,NK,train,CACACAAAGAAGGCCT-1,GTACTCCAGACTCGGA-1
train_NK_01105,NK,train,GAAATGAAGAGGACGG-1,CTCATTATCTTTAGGG-1
train_NK_01106,NK,train,CACTCCAGTTAAGTAG-1,CATCGAACATAAGACA-1
train_NK_01107,NK,train,GCGGGTTTCAAGATCC-1,TTAGTTCCATACTCTT-1
train_NK_01108,NK,train,CTCACACGTACTCGCG-1,TGCCCATGTCGAACAG-1
train_NK_01109,NK,train,AAGGTTCAGTCGAGTG-1,AGCCTAACAAGCCGCT-1
train_NK_01110,NK,train,ACGATACAGTCGATAA-1,CTGCCTATCTATCCCG-1
train_NK_01111,NK,train,GCAATCAAGGTGCACA-1,GGTGTTAGTACGCTGC-1
train_NK_01112,NK,train,CATCGGGTCCTCAACC-1,CCACTACTCAACGGGA-1
train_NK_01113,NK,train,TTTCCTCTCGGAAATA-1,GAGCAGAAGGTAGCTG-1
train_NK_01114,NK,train,TCGAGGCTCTTGAGAC-1,GAAATGAGTAGCCTAT-1
train_NK_01115,NK,train,GCGGGTTTCAAGATCC-1,CGACCTTAGCATGGCA-1
train_NK_01116,NK,train,GAAGCAGCACAACGCC-1,GTCCTCAGTTCGTCTC-1
train_NK_01117,NK,train,CAAGTTGAGTGAAGAG-1,TTATGCTAGTTAGGTA-1
train_NK_01118,NK,train,CCAGCGAGTAATAGCA-1,TTTGCGCCAATACGCT-1
train_NK_01119,NK,train,CGATGTAGTTGGACCC-1,AACACGTTCATCTGCC-1
train_NK_01120,NK,train,AGATCTGCACGACTCG-1,TGAGGGAAGACAGACC-1
train_NK_01121,NK,train,GTAGTCAAGTAATCCC-1,CGACTTCCAAGAGGCT-1
train_NK_01122,NK,train,TTCTACATCCACGACG-1,CCATTCGAGTAGCCGA-1
train_NK_01123,NK,train,CTTCTCTGTGCACGAA-1,CGATTGAAGACTCGGA-1
train_NK_01124,NK,train,TGTGGTACAGATCGGA-1,GTACTCCTCGTAGGTT-1
train_NK_01125,NK,train,TTTCCTCTCGGAAATA-1,CTTACCGCAGTCTTCC-1
train_NK_01126,NK,train,CCACCTAAGGCTCATT-1,TCTGGAATCTCACATT-1
train_NK_01127,NK,train,CTACACCTCGGCGCAT-1,CTGCCTAAGAGGTTGC-1
train_NK_01128,NK,train,CCTAAAGTCAGCACAT-1,TCTGGAAAGTGGGCTA-1
train_NK_01129,NK,train,TAAGCGTCAGAGTGTG-1,GGCTGGTTCCAAAGTC-1
train_NK_01130,NK,train,GCAATCAGTCTTCGTC-1,GGCGTGTTCTCTAAGG-1
train_NK_01131,NK,train,GCGGGTTTCAAGATCC-1,CTCATTATCTTTAGGG-1
train_NK_01132,NK,train,GGTATTGAGCTAGCCC-1,GCCAAATCACCAGGCT-1
train_NK_01133,NK,train,CAGCATAGTCTTGTCC-1,CGCTATCTCAGATAAG-1
train_NK_01134,NK,train,GCGGGTTGTTCACGGC-1,AGAATAGTCTAACTCT-1
train_NK_01135,NK,train,AGACGTTTCTGAGGGA-1,TTGCGTCAGCGGATCA-1
train_NK_01136,NK,train,TGCGCAGCATGCAATC-1,TGTATTCGTAATCACC-1
train_NK_01137,NK,train,CCTATTACATGGTTGT-1,GCTGCGAAGCTAGCCC-1
train_NK_01138,NK,train,TTTCCTCGTAACGACG-1,GTACTCCAGACTCGGA-1
train_NK_01139,NK,train,AAGGCAGCAGATGGGT-1,TGACGGCCACGGATAG-1
train_NK_01140,NK,train,CTCTGGTGTAGAGTGC-1,AGATTGCGTCATGCAT-1
train_NK_01141,NK,train,CGGTTAATCTCTGCTG-1,GCATGCGGTTCACGGC-1
train_NK_01142,NK,train,CTCAGAACATACTACG-1,AGCCTAACAAGCCGCT-1
train_NK_01143,NK,train,TCGGTAATCGGTCTAA-1,TTAGTTCGTATTCGTG-1
train_NK_01144,NK,train,AGCGGTCAGCGATATA-1,AGATTGCCACGTTGGC-1
train_NK_01145,NK,train,GTGCATAGTGGCCCTA-1,GCTTCCAAGGGCACTA-1
train_NK_01146,NK,train,ATTACTCTCATCGCTC-1,GATCTAGAGGACTGGT-1
train_NK_01147,NK,train,CACACTCAGCTAACTC-1,GTACGTATCCCAGGTG-1
train_NK_01148,NK,train,TACTTGTAGTACGCCC-1,CACCACTGTTAGATGA-1
train_NK_01149,NK,train,TATCTCAAGAAGAAGC-1,TCGAGGCCACATGGGA-1
train_NK_01150,NK,train,CATATGGCAATAGCGG-1,AGATCTGAGGGATGGG-1
train_NK_01151,NK,train,AGCTCCTTCATGCAAC-1,TCAGGTACAATAACGA-1
train_NK_01152,NK,train,ACGGGCTCAGTTAACC-1,ACATCAGTCCGAACGC-1
train_NK_01153,NK,train,CAGCTAAGTAGCTCCG-1,CATGACAAGATGTGTA-1
train_NK_01154,NK,train,AGTTGGTTCTGTGCAA-1,TGAGCCGTCGCATGGC-1
train_NK_01155,NK,train,TGTCCCACAGTCGTGC-1,CTAGTGATCCACGAAT-1
train_NK_01156,NK,train,CTTAGGACAATGAATG-1,ACTTACTGTACGCTGC-1
train_NK_01157,NK,train,ACTGATGAGAGTTGGC-1,ACACCGGGTCATATGC-1
train_NK_01158,NK,train,CGAGAAGTCCCTTGCA-1,GAACCTACACTAAGTC-1
train_NK_01159,NK,train,CGAGCCACACCAACCG-1,CTAGCCTGTAGGCATG-1
train_NK_01160,NK,train,AACACGTAGGATCGCA-1,GCTGCGAAGCTAGCCC-1
train_NK_01161,NK,train,GTGCATAGTAAATGTG-1,ACGGAGAAGGAATCGC-1
train_NK_01162,NK,train,GTCGTAAAGCTATGCT-1,CCTACCATCGAATGGG-1
train_NK_01163,NK,train,GCGGGTTGTTCACGGC-1,TTCTCAACAGTCGTGC-1
train_NK_01164,NK,train,CTAGTGATCAGCGACC-1,AACACGTTCATCTGCC-1
train_NK_01165,NK,train,TGTATTCAGGAGTTGC-1,GTTTCTACAGGATTGG-1
train_NK_01166,NK,train,GACTACAGTGCCTGGT-1,GCATACACACCAGATT-1
train_NK_01167,NK,train,AGCAGCCTCAGTGTTG-1,GAAGCAGTCGGCTACG-1
train_NK_01168,NK,train,CGTCTACGTCCCTTGT-1,ACGGCCATCGATAGAA-1
train_NK_01169,NK,train,CGTTGGGCACCCTATC-1,CAGCCGACAGTTAACC-1
train_NK_01170,NK,train,CATCGGGTCCTCAACC-1,AAGACCTAGCAGGTCA-1
train_NK_01171,NK,train,GTACGTAAGATATACG-1,GAGCAGAAGGTAGCTG-1
train_NK_01172,NK,train,CTCATTAAGGAGCGAG-1,CACCTTGGTCGCTTCT-1
train_NK_01173,NK,train,CTGATAGAGGGAGTAA-1,GAGCAGAAGGTAGCTG-1
train_NK_01174,NK,train,ACACTGACAATGGATA-1,CCGTTCATCCTTTCGG-1
train_NK_01175,NK,train,ATTCTACGTCTCCACT-1,AGAGTGGTCTTACCGC-1
train_NK_01176,NK,train,TGAGCATGTATATGAG-1,AGAATAGCATCGGAAG-1
train_NK_01177,NK,train,GGCGTGTTCCTCAATT-1,CAGAGAGCACAACGCC-1
train_NK_01178,NK,train,CCACTACAGTGACATA-1,TCGGTAATCATACGGT-1
train_NK_01179,NK,train,GAAATGATCGGAATCT-1,TGTATTCGTAATCACC-1
train_NK_01180,NK,train,ACACTGAGTTACGGAG-1,CTCATTATCTTTAGGG-1
train_NK_01181,NK,train,CATTCGCCAGTCACTA-1,TTGGAACAGAGACTAT-1
train_NK_01182,NK,train,GGTATTGAGCTAGCCC-1,CTCGTCATCTCGTTTA-1
train_NK_01183,NK,train,CGTGAGCCAGTCCTTC-1,GGGATGAGTAAGGATT-1
train_NK_01184,NK,train,CCACCTAAGGCTCATT-1,CCAATCCTCACCAGGC-1
train_NK_01185,NK,train,GTCCTCATCACCTTAT-1,ACGGCCAAGATGTAAC-1
train_NK_01186,NK,train,CTGATCCGTATTACCG-1,CTCATTATCTTTAGGG-1
train_NK_01187,NK,train,GGGAGATAGTACGCGA-1,GCAATCAAGGAGTACC-1
train_NK_01188,NK,train,GTTCATTGTTAGATGA-1,ACGATACCACTAGTAC-1
train_NK_01189,NK,train,CCTATTACAGCTGTTA-1,ACATCAGTCCGAACGC-1
train_NK_01190,NK,train,TACGGATAGATATACG-1,TACTCATTCATACGGT-1
train_NK_01191,NK,train,CTACGTCGTAGATTAG-1,GGACAAGAGTCATCCA-1
train_NK_01192,NK,train,GACACGCAGACGCAAC-1,CCCTCCTTCGTTTATC-1
train_NK_01193,NK,train,CTCTACGCATCAGTAC-1,ATGTGTGGTGAGCGAT-1
train_NK_01194,NK,train,TGTGTTTAGCTGATAA-1,CTCTAATTCGGCATCG-1
train_NK_01195,NK,train,TACCTATGTTGAGTTC-1,GGACATTCAGTATCTG-1
train_NK_01196,NK,train,GGGAATGGTCCATCCT-1,CGCTTCATCGAGAACG-1
train_NK_01197,NK,train,CTCTACGCATCAGTAC-1,TGTGGTAAGCGAGAAA-1
train_NK_01198,NK,train,GCTGGGTAGGGTTTCT-1,CATCGGGCAGACACTT-1
train_NK_01199,NK,train,TTAGGCAGTAGTACCT-1,TGCGTGGGTCCATCCT-1
train_NK_01200,NK,train,TGCCCTATCGCAGGCT-1,TCAGGATAGTACGCGA-1
train_NK_01201,NK,train,CGAGCCACAACTTGAC-1,CGAGCCACAAGAGTCG-1
train_NK_01202,NK,train,CTCATTACATCCCACT-1,AGGGTGAAGTATGACA-1
train_NK_01203,NK,train,GTGCATACATCTATGG-1,TGGTTAGCACCACCAG-1
train_NK_01204,NK,train,CCTATTAAGTGCCATT-1,GGCTGGTTCCAAAGTC-1
train_NK_01205,NK,train,CGTCCATAGCCTCGTG-1,GTGCATAAGGGATCTG-1
train_NK_01206,NK,train,TTTGGTTCACGAAATA-1,TGCTGCTCACGGCGTT-1
train_NK_01207,NK,train,TGTATTCAGGAGTTGC-1,TCGTACCTCATGTGGT-1
train_NK_01208,NK,train,CATCCACCACAAGCCC-1,GGGATGAGTAAGGATT-1
train_NK_01209,NK,train,CCCTCCTCATCGGACC-1,CATTATCAGGTGCACA-1
train_NK_01210,NK,train,CTGATCCTCCCGACTT-1,TCGCGTTCATAGGATA-1
train_NK_01211,NK,train,GAAGCAGCACAACGCC-1,ACGGCCATCGATAGAA-1
train_NK_01212,NK,train,TCCCGATTCTTGTTTG-1,TCTGGAAGTGACTCAT-1
train_NK_01213,NK,train,ACTGAACTCAAGGCTT-1,CACACCTAGCAGACTG-1
train_NK_01214,NK,train,CTCTACGCATCAGTAC-1,AAGCCGCTCTTCGAGA-1
train_NK_01215,NK,train,GACACGCAGACGCAAC-1,CTAGAGTGTAGGGTAC-1
train_NK_01216,NK,train,GCGCAACCACTTACGA-1,CATCGAACATAAGACA-1
train_NK_01217,NK,train,ACCGTAAGTAGCCTAT-1,AAGCCGCAGATGTAAC-1
train_NK_01218,NK,train,ATCCGAATCCATGAAC-1,CTTACCGCAGTCTTCC-1
train_NK_01219,NK,train,ATCATCTTCACAACGT-1,TTTATGCAGCCGATTT-1
train_NK_01220,NK,train,CAGATCAGTGTCCTCT-1,CAGTAACTCGTACGGC-1
train_NK_01221,NK,train,TGACAACGTGCAGGTA-1,GATCTAGCAGCCTATA-1
train_NK_01222,NK,train,CGATGTAGTTGGACCC-1,AGAATAGGTCATCGGC-1
train_NK_01223,NK,train,TGTGTTTCACCTCGTT-1,CACTCCATCTGCTGTC-1
train_NK_01224,NK,train,TTTCCTCGTAACGACG-1,CCTACACCATCCGGGT-1
train_NK_01225,NK,train,AGTAGTCTCGCGATCG-1,AGCGTATTCCCAGGTG-1
train_NK_01226,NK,train,GTATCTTCATGCCCGA-1,ACGATGTAGCGTTGCC-1
train_NK_01227,NK,train,AACGTTGGTAAGTGGC-1,TTTGGTTGTAGTACCT-1
train_NK_01228,NK,train,CATATGGAGTATCGAA-1,AGAATAGCATCGGAAG-1
train_NK_01229,NK,train,CTGTGCTCAATGGATA-1,AGAGCTTAGCTAAGAT-1
train_NK_01230,NK,train,GTGCTTCAGGGCACTA-1,TCAGCAATCAATCACG-1
train_NK_01231,NK,train,AGTGTCATCCTGCCAT-1,GTGTGCGTCGCGCCAA-1
train_NK_01232,NK,train,TCAGCAAGTCAGAAGC-1,CTCATTATCTTTAGGG-1
train_NK_01233,NK,train,TTAGGACGTTGGACCC-1,AGCGTCGCACGGACAA-1
train_NK_01234,NK,train,TTGGAACAGTGAATTG-1,GAATGAATCACATACG-1
train_NK_01235,NK,train,AACACGTGTTTGACAC-1,CATCGGGCAGGGTTAG-1
train_NK_01236,NK,train,ATCTACTAGTCACGCC-1,CTGCCTAAGAGGTTGC-1
train_NK_01237,NK,train,AGAATAGTCGGCCGAT-1,TAGTTGGGTCTCTCTG-1
train_NK_01238,NK,train,TTTATGCAGTTGTAGA-1,AGAGCGATCTCGTTTA-1
train_NK_01239,NK,train,GAACATCTCCGCGCAA-1,CTACGTCTCTTTAGTC-1
train_NK_01240,NK,train,GCAATCAAGCAGCGTA-1,GTCATTTAGTCTTGCA-1
train_NK_01241,NK,train,GTAGTCAAGTAATCCC-1,TTAGGCACAAACGTGG-1
train_NK_01242,NK,train,GAAATGAAGAGGACGG-1,GCTTGAATCTTCGAGA-1
train_NK_01243,NK,train,CATCGAAAGGGAGTAA-1,TCAACGATCCGCGTTT-1
train_NK_01244,NK,train,CTAGTGATCAGCGACC-1,GGAACTTAGTTCGATC-1
train_NK_01245,NK,train,GGGTCTGAGCACAGGT-1,GCGCAACGTTCCTCCA-1
train_NK_01246,NK,train,GTCACGGTCCAGAAGG-1,CAAGAAACACCCTATC-1
train_NK_01247,NK,train,AGCGTATTCTGCTTGC-1,GAAATGACATCTCGCT-1
train_NK_01248,NK,train,TTGTAGGTCACCCTCA-1,GAGTCCGTCGCTGATA-1
train_NK_01249,NK,train,GCAGCCATCACTATTC-1,TGGCTGGGTATATCCG-1
train_NK_01250,NK,train,GCAATCAAGGTGCACA-1,TGCTGCTCACGGCGTT-1
train_NK_01251,NK,train,GACCTGGGTCTCTCGT-1,GGCTGGTGTTAGATGA-1
train_NK_01252,NK,train,GATGAGGTCGCACTCT-1,TCGAGGCCACATGGGA-1
train_NK_01253,NK,train,TCAGGATTCAGCTTAG-1,TAGTTGGGTCTCTCTG-1
train_NK_01254,NK,train,TGTGTTTAGCTGATAA-1,TCTCATACAGTGGAGT-1
train_NK_01255,NK,train,AGCAGCCTCAGTGTTG-1,GGCGACTCATCACAAC-1
train_NK_01256,NK,train,TACTTGTGTGAGGGAG-1,AAACCTGTCTGGAGCC-1
train_NK_01257,NK,train,AGGGAGTGTTGCCTCT-1,CACACCTCAGTAAGCG-1
train_NK_01258,NK,train,GCTGGGTAGGGTTTCT-1,CACAGGCTCACAGTAC-1
train_NK_01259,NK,train,CTTTGCGGTCAGAATA-1,TTGGAACAGAGACTAT-1
train_NK_01260,NK,train,ACGGAGAAGGATGTAT-1,GAACCTACACTAAGTC-1
train_NK_01261,NK,train,GCTGGGTGTGCGGTAA-1,TTTGCGCCAATACGCT-1
train_NK_01262,NK,train,GAAGCAGCACAACGCC-1,GGTGTTACACGGTGTC-1
train_NK_01263,NK,train,GCGGGTTGTTCACGGC-1,CACACCTAGGCTCTTA-1
train_NK_01264,NK,train,AACACGTAGGATCGCA-1,TGTTCCGTCTCCAACC-1
train_NK_01265,NK,train,TGACGGCCATGCCTAA-1,GTGGGTCTCACGAAGG-1
train_NK_01266,NK,train,CAAGAAATCAGCAACT-1,TGACGGCGTCATCGGC-1
train_NK_01267,NK,train,CGATGTAAGCCAGTTT-1,GCTCTGTTCAGTGTTG-1
train_NK_01268,NK,train,GCATGATCACAAGTAA-1,CAACCTCAGGTAGCCA-1
train_NK_01269,NK,train,TGCGCAGCACCACGTG-1,CACATAGAGTGGGATC-1
train_NK_01270,NK,train,GTAACTGTCCCTCAGT-1,CTGCCTATCTATCCCG-1
train_NK_01271,NK,train,GCCAAATGTGATGTGG-1,AGCGTATTCCCAGGTG-1
train_NK_01272,NK,train,CCAGCGAGTAATAGCA-1,ACGGGTCAGACTGTAA-1
train_NK_01273,NK,train,TGCGGGTAGAACTGTA-1,TCAGCAATCAATCACG-1
train_NK_01274,NK,train,TACGGATAGATATACG-1,TGACAACAGAATTGTG-1
train_NK_01275,NK,train,TTTCCTCTCGGAAATA-1,GTACTTTTCAGAAATG-1
train_NK_01276,NK,train,TGCTACCGTCTTGATG-1,TTCTTAGCATTTGCTT-1
train_NK_01277,NK,train,CGTCTACGTCCCTTGT-1,TTGACTTTCAATCACG-1
train_NK_01278,NK,train,CGATGTAGTTGGACCC-1,TCTGGAAGTGACTCAT-1
train_NK_01279,NK,train,CTCTAATTCCAGATCA-1,AGAGTGGTCTGATTCT-1
train_NK_01280,NK,train,GCAGCCACACGGCGTT-1,GAAATGAGTAGCCTAT-1
train_NK_01281,NK,train,TGTCCCACAGTCGTGC-1,TCATTTGCAGACGTAG-1
train_NK_01282,NK,train,GGGTCTGAGCACAGGT-1,AAGCCGCTCTTCGAGA-1
train_NK_01283,NK,train,GTGGGTCCACCAACCG-1,GATCTAGAGGACTGGT-1
train_NK_01284,NK,train,GATGAAATCTGCTTGC-1,GCACTCTAGAGCAATT-1
train_NK_01285,NK,train,TATGCCCGTCTTGCGG-1,GTCCTCACAGAGTGTG-1
train_NK_01286,NK,train,TTATGCTCACGTAAGG-1,CGAACATCACCTCGTT-1
train_NK_01287,NK,train,CGATGTAGTTGGACCC-1,AGGGTGAGTAGGGTAC-1
train_NK_01288,NK,train,AGGCCGTGTCGAACAG-1,GTGCATAAGGGATCTG-1
train_NK_01289,NK,train,GTACGTAAGATATACG-1,ACTGCTCAGAGAACAG-1
train_NK_01290,NK,train,TTAGTTCGTCCATGAT-1,GGTGTTAGTACGCTGC-1
train_NK_01291,NK,train,CGAACATAGCTGAACG-1,TCAGCTCGTCTGATTG-1
train_NK_01292,NK,train,GTAGTCACAGTCTTCC-1,TATCAGGGTGTCCTCT-1
train_NK_01293,NK,train,ATTCTACGTCTCCACT-1,GGCAATTGTCACTGGC-1
train_NK_01294,NK,train,CGGACGTGTACGACCC-1,TCCACACGTCGACTAT-1
train_NK_01295,NK,train,CAGCTAAGTAGCTCCG-1,GTACTTTTCTAGCACA-1
train_NK_01296,NK,train,GCGGGTTGTGTTCGAT-1,GTACGTATCACTTACT-1
train_NK_01297,NK,train,GGTATTGTCGTCCGTT-1,CCTATTACAGTCGATT-1
train_NK_01298,NK,train,CATATGGCAATAGCGG-1,GACGTGCCATGCCTAA-1
train_NK_01299,NK,train,TCGTACCTCCTAGGGC-1,GACGTGCAGGCAGGTT-1
train_NK_01300,NK,train,CTCTGGTCATTTGCCC-1,GTACTTTTCTGTCCGT-1
train_NK_01301,NK,train,GCTTCCAAGGCAGGTT-1,CTGGTCTTCTTGCCGT-1
train_NK_01302,NK,train,TTGGAACGTTCGCGAC-1,AGATCTGAGGGATGGG-1
train_NK_01303,NK,train,CAGATCAAGCGATGAC-1,TCAGCTCCAACAACCT-1
train_NK_01304,NK,train,TCTTCGGTCAACGGCC-1,TGGCTGGGTATATCCG-1
train_NK_01305,NK,train,GAACGGAAGAGACTTA-1,CTAGCCTCATGAACCT-1
train_NK_01306,NK,train,CGTTGGGCAAGGGTCA-1,CACCTTGGTCGCTTCT-1
train_NK_01307,NK,train,AGTGTCAGTTTGGCGC-1,TGCGTGGGTCCATCCT-1
train_NK_01308,NK,train,CTTCTCTGTGCACGAA-1,GCTTGAATCTTCGAGA-1
train_NK_01309,NK,train,GATGAAAAGAACAACT-1,TGCGTGGGTCCATCCT-1
train_NK_01310,NK,train,ACGCAGCAGGCGCTCT-1,CATCGAAAGTTGAGAT-1
train_NK_01311,NK,train,CTACGTCAGCCAGTAG-1,CTTACCGCATGTTCCC-1
train_NK_01312,NK,train,CAACCTCCAAGCTGAG-1,TTCCCAGTCCCGGATG-1
train_NK_01313,NK,train,ACTGCTCAGCGGCTTC-1,CCTATTACAGTCGATT-1
train_NK_01314,NK,train,GCGGGTTGTTCACGGC-1,AGAGCGATCTCGTTTA-1
train_NK_01315,NK,train,GTCTCGTCATTACCTT-1,CTGTGCTGTCACACGC-1
train_NK_01316,NK,train,CATCGGGTCCTCAACC-1,CGAGCCACAAGAGTCG-1
train_NK_01317,NK,train,AGGGAGTGTTGCCTCT-1,GCTGCAGAGTACGACG-1
train_NK_01318,NK,train,ATCTACTAGTCACGCC-1,ACGGAGAAGGAATCGC-1
train_NK_01319,NK,train,AAAGCAAAGCCGGTAA-1,CCCAATCAGGTGACCA-1
train_NK_01320,NK,train,CCATTCGCACGAGGTA-1,CGATTGAAGACTCGGA-1
train_NK_01321,NK,train,ACGTCAACAAGTTAAG-1,TGAGAGGGTCGTTGTA-1
train_NK_01322,NK,train,TACCTATGTGCCTTGG-1,TCCCGATTCTCTTATG-1
train_NK_01323,NK,train,GAACGGAAGACTAAGT-1,CAGTAACTCGTACGGC-1
train_NK_01324,NK,train,TGTTCCGTCTGCTTGC-1,TCATTTGGTCTAGGTT-1
train_NK_01325,NK,train,ACGTCAACAAGTTAAG-1,CACCACTGTAAAGGAG-1
train_NK_01326,NK,train,AGCGTATTCTGCTTGC-1,TGGCTGGGTATATCCG-1
train_NK_01327,NK,train,ACGGCCATCGCAGGCT-1,CTCTGGTAGTGAATTG-1
train_NK_01328,NK,train,GTACGTAAGATATACG-1,GGAACTTAGTTCGATC-1
train_NK_01329,NK,train,TGCTACCGTCTTGATG-1,CACAGGCTCACAGTAC-1
train_NK_01330,NK,train,CGAACATAGCCACGTC-1,GCTGCAGAGTACGACG-1
train_NK_01331,NK,train,GTATCTTCAGATTGCT-1,CTCTAATTCGGCATCG-1
train_NK_01332,NK,train,ACATCAGTCGCACTCT-1,CGCTTCATCGAGAACG-1
train_NK_01333,NK,train,ATTCTACGTCTCCACT-1,GGACATTGTTCCTCCA-1
train_NK_01334,NK,train,CGTCACTAGGAGCGTT-1,CCATTCGAGTAGCCGA-1
train_NK_01335,NK,train,GAATGAATCTACTATC-1,GCTTCCACATCCCACT-1
train_NK_01336,NK,train,GTCCTCATCACCTTAT-1,TAGCCGGAGACCACGA-1
train_NK_01337,NK,train,TCGCGAGCACACTGCG-1,AACTCCCCATTCCTCG-1
train_NK_01338,NK,train,ACACCCTTCAAGGTAA-1,TTTGGTTGTAGTACCT-1
train_NK_01339,NK,train,TACGGATAGATATACG-1,AGATCTGAGGGATGGG-1
train_NK_01340,NK,train,GAAGCAGCACAACGCC-1,GTAGTCACACTATCTT-1
train_NK_01341,NK,train,ACGTCAACAAGTTAAG-1,AAGGAGCCACGCGAAA-1
train_NK_01342,NK,train,ACATACGCATGCCCGA-1,TGGCTGGGTATATCCG-1
train_NK_01343,NK,train,TAGGCATTCATACGGT-1,AGAGTGGTCTTACCGC-1
train_NK_01344,NK,train,TCGTACCTCCTAGGGC-1,GGAACTTAGTTCGATC-1
train_NK_01345,NK,train,TGCGCAGCACCACGTG-1,GACGTGCCATGCCTAA-1
train_NK_01346,NK,train,TGCCCATAGTCGATAA-1,GCATGCGAGCTATGCT-1
train_NK_01347,NK,train,AAGCCGCGTTACGTCA-1,GAAATGAGTAGCCTAT-1
train_NK_01348,NK,train,AGTGTCAGTTTGGCGC-1,CGTGTCTAGCACCGCT-1
train_NK_01349,NK,train,TATGCCCGTCTTGCGG-1,CAAGATCTCCACGACG-1
train_NK_01350,NK,train,TACGGTAGTTGGGACA-1,TCAGCAATCAATCACG-1
train_NK_01351,NK,train,CATCGAAAGGGAGTAA-1,GTACTTTTCTAGCACA-1
train_NK_01352,NK,train,CCATGTCCAGTCTTCC-1,TGAGCCGTCGCATGGC-1
train_NK_01353,NK,train,ACGGCCAAGGCTCAGA-1,AACACGTTCATCTGCC-1
train_NK_01354,NK,train,TCGGTAATCCGGGTGT-1,AGATCTGAGGGATGGG-1
train_NK_01355,NK,train,CGACCTTCAGCTCCGA-1,CCTTACGCATGGGAAC-1
train_NK_01356,NK,train,CTGATCCGTATTACCG-1,AGCTCCTAGCTAAACA-1
train_NK_01357,NK,train,GAGGTGAGTCTCGTTC-1,ACGATACCACTAGTAC-1
train_NK_01358,NK,train,ATTACTCTCTTGCCGT-1,TGACGGCGTAGATTAG-1
train_NK_01359,NK,train,GACTAACTCCAGTATG-1,GCAGTTAAGCCAGTAG-1
train_NK_01360,NK,train,GAACATCTCCAATGGT-1,TCTGGAAGTGACTCAT-1
train_NK_01361,NK,train,CTAGAGTAGTGACTCT-1,CTGCCTAAGAGGTTGC-1
train_NK_01362,NK,train,GCAATCAAGGTGCACA-1,TCAGCTCGTCTGATTG-1
train_NK_01363,NK,train,TACTTGTAGTACGCCC-1,AACCATGAGGACGAAA-1
train_NK_01364,NK,train,TGGTTAGTCATGCAAC-1,GACAGAGAGGATATAC-1
train_NK_01365,NK,train,CTCCTAGGTGTTCTTT-1,TGTATTCGTGTAACGG-1
train_NK_01366,NK,train,CTCAGAACATACTACG-1,AGAATAGCATCGGAAG-1
train_NK_01367,NK,train,TTTCCTCGTAACGACG-1,GGCAATTGTCACTGGC-1
train_NK_01368,NK,train,ACATACGCATGCCCGA-1,ATTCTACAGAACAATC-1
train_NK_01369,NK,train,TGTGTTTCACCTCGTT-1,GTACTCCAGACTCGGA-1
train_NK_01370,NK,train,CTCCTAGGTGTTCTTT-1,ATCGAGTCAAAGCGGT-1
train_NK_01371,NK,train,GTAGTCAGTCAACTGT-1,CCGGTAGAGTAGATGT-1
train_NK_01372,NK,train,CTGATCCGTATTACCG-1,CTGGTCTTCTTGCCGT-1
train_NK_01373,NK,train,TGTCCCAAGTTCCACA-1,CCTCTGAAGATGCGAC-1
train_NK_01374,NK,train,CTTTGCGCACGAAAGC-1,AGCTCTCAGACTTTCG-1
train_NK_01375,NK,train,ACGGAGAAGGATGTAT-1,CGTTCTGCAGTATGCT-1
train_NK_01376,NK,train,GTGCATACATCTATGG-1,GGTGTTAGTACGCTGC-1
train_NK_01377,NK,train,CTCATTACATCCCACT-1,CTCTAATTCGGCATCG-1
train_NK_01378,NK,train,GAGGTGAAGACACGAC-1,CTTAGGAGTCAGAATA-1
train_NK_01379,NK,train,TCGTACCTCCTAGGGC-1,GATGAGGCACCAACCG-1
train_NK_01380,NK,train,TAGTGGTCAGCCAGAA-1,GCGCAACGTTCCTCCA-1
train_NK_01381,NK,train,GCAATCAGTCTTCGTC-1,GGTGTTACACGGTGTC-1
train_NK_01382,NK,train,AATCGGTGTAAGCACG-1,TCAGGATAGTACGCGA-1
train_NK_01383,NK,train,TGTGTTTGTCCGAATT-1,GCCAAATTCAGGTAAA-1
train_NK_01384,NK,train,CCACTACGTAAGGATT-1,TACTCATTCATACGGT-1
train_NK_01385,NK,train,CCGTACTGTGTTAAGA-1,GCTGCGAAGCTAGCCC-1
train_NK_01386,NK,train,TCGTACCTCCTAGGGC-1,GGGAGATCACAAGTAA-1
train_NK_01387,NK,train,AGTTGGTTCTGTGCAA-1,CGCTTCATCGAGAACG-1
train_NK_01388,NK,train,ACACTGACAATGGATA-1,AGGTCATTCATTGCGA-1
train_NK_01389,NK,train,TCGTACCTCCTAGGGC-1,TGGGAAGGTGTTGAGG-1
train_NK_01390,NK,train,GATCGATCATTCACTT-1,CGCTATCTCAGATAAG-1
train_NK_01391,NK,train,CTGTGCTCAATGGATA-1,TGACGGCTCGGCCGAT-1
train_NK_01392,NK,train,GGCGTGTTCCTCAATT-1,AGCGGTCGTCTCCATC-1
train_NK_01393,NK,train,GGATTACCACCTCGTT-1,CACACCTAGGCTCTTA-1
train_NK_01394,NK,train,ACGGAGAAGGCGATAC-1,AGGGATGTCGGATGTT-1
train_NK_01395,NK,train,GGCCGATAGCGCCTCA-1,TAGTTGGAGATCTGAA-1
train_NK_01396,NK,train,CTCGAAAGTCCATCCT-1,GGCCGATTCGCCAAAT-1
train_NK_01397,NK,train,CTCATTACATCCCACT-1,AGGCCACAGACAGAGA-1
train_NK_01398,NK,train,GCTGCGAAGATGCGAC-1,GGACAAGAGTCATCCA-1
train_NK_01399,NK,train,GGCTCGAGTGTCTGAT-1,TGTGGTACAATGGTCT-1
